IND_ID,IND_CODE,IND_UUID,IND_PER_CODE,Year,DIM_TIME_TYPE,CountryCode,DIM_GEO_CODE_TYPE,DIM_PUBLISH_STATE_CODE,IND_NAME,Country,Sex,Avglifespan
90E2E48WHOSIS_000001,WHOSIS_000001,90E2E48,WHOSIS_000001,2000,YEAR,702,COUNTRY,PUBLISHED,Life expectancy (at birth),Singapore,FEMALE,80.77416955
90E2E48WHOSIS_000001,WHOSIS_000001,90E2E48,WHOSIS_000001,2000,YEAR,4,COUNTRY,PUBLISHED,Life expectancy (at birth),Afghanistan,FEMALE,54.42957895
90E2E48WHOSIS_000001,WHOSIS_000001,90E2E48,WHOSIS_000001,2006,YEAR,512,COUNTRY,PUBLISHED,Life expectancy (at birth),Oman,FEMALE,77.32063571
90E2E48WHOSIS_000001,WHOSIS_000001,90E2E48,WHOSIS_000001,2006,YEAR,524,COUNTRY,PUBLISHED,Life expectancy (at birth),Nepal,FEMALE,69.89552907
90E2E48WHOSIS_000001,WHOSIS_000001,90E2E48,WHOSIS_000001,2006,YEAR,480,COUNTRY,PUBLISHED,Life expectancy (at birth),Mauritius,FEMALE,75.87694087
90E2E48WHOSIS_000001,WHOSIS_000001,90E2E48,WHOSIS_000001,2006,YEAR,484,COUNTRY,PUBLISHED,Life expectancy (at birth),Mexico,FEMALE,77.71071073
90E2E48WHOSIS_000001,WHOSIS_000001,90E2E48,WHOSIS_000001,2006,YEAR,496,COUNTRY,PUBLISHED,Life expectancy (at birth),Mongolia,FEMALE,70.25150504
90E2E48WHOSIS_000001,WHOSIS_000001,90E2E48,WHOSIS_000001,2006,YEAR,554,COUNTRY,PUBLISHED,Life expectancy (at birth),New Zealand,FEMALE,81.76145818
90E2E48WHOSIS_000001,WHOSIS_000001,90E2E48,WHOSIS_000001,2006,YEAR,578,COUNTRY,PUBLISHED,Life expectancy (at birth),Norway,FEMALE,82.39228941
90E2E48WHOSIS_000001,WHOSIS_000001,90E2E48,WHOSIS_000001,2000,YEAR,352,COUNTRY,PUBLISHED,Life expectancy (at birth),Iceland,FEMALE,81.64657542
90E2E48WHOSIS_000001,WHOSIS_000001,90E2E48,WHOSIS_000001,2000,YEAR,356,COUNTRY,PUBLISHED,Life expectancy (at birth),India,FEMALE,64.28813363
90E2E48WHOSIS_000001,WHOSIS_000001,90E2E48,WHOSIS_000001,2000,YEAR,360,COUNTRY,PUBLISHED,Life expectancy (at birth),Indonesia,FEMALE,68.41028747
90E2E48WHOSIS_000001,WHOSIS_000001,90E2E48,WHOSIS_000001,2000,YEAR,364,COUNTRY,PUBLISHED,Life expectancy (at birth),Iran (Islamic Republic of),FEMALE,75.21987214
90E2E48WHOSIS_000001,WHOSIS_000001,90E2E48,WHOSIS_000001,2006,YEAR,586,COUNTRY,PUBLISHED,Life expectancy (at birth),Pakistan,FEMALE,63.82533539
90E2E48WHOSIS_000001,WHOSIS_000001,90E2E48,WHOSIS_000001,2000,YEAR,376,COUNTRY,PUBLISHED,Life expectancy (at birth),Israel,FEMALE,80.62666581
90E2E48WHOSIS_000001,WHOSIS_000001,90E2E48,WHOSIS_000001,2000,YEAR,380,COUNTRY,PUBLISHED,Life expectancy (at birth),Italy,FEMALE,82.14681801
90E2E48WHOSIS_000001,WHOSIS_000001,90E2E48,WHOSIS_000001,2000,YEAR,388,COUNTRY,PUBLISHED,Life expectancy (at birth),Jamaica,FEMALE,74.52407701
90E2E48WHOSIS_000001,WHOSIS_000001,90E2E48,WHOSIS_000001,2000,YEAR,368,COUNTRY,PUBLISHED,Life expectancy (at birth),Iraq,FEMALE,71.91155955
90E2E48WHOSIS_000001,WHOSIS_000001,90E2E48,WHOSIS_000001,2000,YEAR,372,COUNTRY,PUBLISHED,Life expectancy (at birth),Ireland,FEMALE,79.00103868
90E2E48WHOSIS_000001,WHOSIS_000001,90E2E48,WHOSIS_000001,2000,YEAR,400,COUNTRY,PUBLISHED,Life expectancy (at birth),Jordan,FEMALE,72.29803107
90E2E48WHOSIS_000001,WHOSIS_000001,90E2E48,WHOSIS_000001,2000,YEAR,404,COUNTRY,PUBLISHED,Life expectancy (at birth),Kenya,FEMALE,55.21709328
90E2E48WHOSIS_000001,WHOSIS_000001,90E2E48,WHOSIS_000001,2000,YEAR,410,COUNTRY,PUBLISHED,Life expectancy (at birth),Republic of Korea,FEMALE,79.34841818
90E2E48WHOSIS_000001,WHOSIS_000001,90E2E48,WHOSIS_000001,2000,YEAR,392,COUNTRY,PUBLISHED,Life expectancy (at birth),Japan,FEMALE,84.80001242
90E2E48WHOSIS_000001,WHOSIS_000001,90E2E48,WHOSIS_000001,2000,YEAR,398,COUNTRY,PUBLISHED,Life expectancy (at birth),Kazakhstan,FEMALE,70.17781894
90E2E48WHOSIS_000001,WHOSIS_000001,90E2E48,WHOSIS_000001,2000,YEAR,414,COUNTRY,PUBLISHED,Life expectancy (at birth),Kuwait,FEMALE,80.00024502
90E2E48WHOSIS_000001,WHOSIS_000001,90E2E48,WHOSIS_000001,2000,YEAR,434,COUNTRY,PUBLISHED,Life expectancy (at birth),Libya,FEMALE,75.88503082
90E2E48WHOSIS_000001,WHOSIS_000001,90E2E48,WHOSIS_000001,2000,YEAR,300,COUNTRY,PUBLISHED,Life expectancy (at birth),Greece,FEMALE,80.96205607
90E2E48WHOSIS_000001,WHOSIS_000001,90E2E48,WHOSIS_000001,2000,YEAR,156,COUNTRY,PUBLISHED,Life expectancy (at birth),China,FEMALE,73.33363172
90E2E48WHOSIS_000001,WHOSIS_000001,90E2E48,WHOSIS_000001,2000,YEAR,308,COUNTRY,PUBLISHED,Life expectancy (at birth),Grenada,FEMALE,76.45471759
90E2E48WHOSIS_000001,WHOSIS_000001,90E2E48,WHOSIS_000001,2000,YEAR,170,COUNTRY,PUBLISHED,Life expectancy (at birth),Colombia,FEMALE,76.63117328
90E2E48WHOSIS_000001,WHOSIS_000001,90E2E48,WHOSIS_000001,2000,YEAR,192,COUNTRY,PUBLISHED,Life expectancy (at birth),Cuba,FEMALE,78.96098203
90E2E48WHOSIS_000001,WHOSIS_000001,90E2E48,WHOSIS_000001,2000,YEAR,250,COUNTRY,PUBLISHED,Life expectancy (at birth),France,FEMALE,82.51861744
90E2E48WHOSIS_000001,WHOSIS_000001,90E2E48,WHOSIS_000001,2000,YEAR,268,COUNTRY,PUBLISHED,Life expectancy (at birth),Georgia,FEMALE,74.54981731
90E2E48WHOSIS_000001,WHOSIS_000001,90E2E48,WHOSIS_000001,2000,YEAR,246,COUNTRY,PUBLISHED,Life expectancy (at birth),Finland,FEMALE,80.9066341
90E2E48WHOSIS_000001,WHOSIS_000001,90E2E48,WHOSIS_000001,2000,YEAR,276,COUNTRY,PUBLISHED,Life expectancy (at birth),Germany,FEMALE,80.9198608
90E2E48WHOSIS_000001,WHOSIS_000001,90E2E48,WHOSIS_000001,2006,YEAR,756,COUNTRY,PUBLISHED,Life expectancy (at birth),Switzerland,FEMALE,83.62142863
90E2E48WHOSIS_000001,WHOSIS_000001,90E2E48,WHOSIS_000001,2006,YEAR,764,COUNTRY,PUBLISHED,Life expectancy (at birth),Thailand,FEMALE,76.78701352
90E2E48WHOSIS_000001,WHOSIS_000001,90E2E48,WHOSIS_000001,2006,YEAR,752,COUNTRY,PUBLISHED,Life expectancy (at birth),Sweden,FEMALE,82.59727475
90E2E48WHOSIS_000001,WHOSIS_000001,90E2E48,WHOSIS_000001,2001,YEAR,32,COUNTRY,PUBLISHED,Life expectancy (at birth),Argentina,FEMALE,77.94488479
90E2E48WHOSIS_000001,WHOSIS_000001,90E2E48,WHOSIS_000001,2001,YEAR,56,COUNTRY,PUBLISHED,Life expectancy (at birth),Belgium,FEMALE,80.97678614
90E2E48WHOSIS_000001,WHOSIS_000001,90E2E48,WHOSIS_000001,2001,YEAR,36,COUNTRY,PUBLISHED,Life expectancy (at birth),Australia,FEMALE,82.62388211
90E2E48WHOSIS_000001,WHOSIS_000001,90E2E48,WHOSIS_000001,2001,YEAR,48,COUNTRY,PUBLISHED,Life expectancy (at birth),Bahrain,FEMALE,71.57886769
90E2E48WHOSIS_000001,WHOSIS_000001,90E2E48,WHOSIS_000001,2001,YEAR,50,COUNTRY,PUBLISHED,Life expectancy (at birth),Bangladesh,FEMALE,67.98439277
90E2E48WHOSIS_000001,WHOSIS_000001,90E2E48,WHOSIS_000001,2000,YEAR,32,COUNTRY,PUBLISHED,Life expectancy (at birth),Argentina,FEMALE,78.00758525
90E2E48WHOSIS_000001,WHOSIS_000001,90E2E48,WHOSIS_000001,2000,YEAR,36,COUNTRY,PUBLISHED,Life expectancy (at birth),Australia,FEMALE,82.24097656
90E2E48WHOSIS_000001,WHOSIS_000001,90E2E48,WHOSIS_000001,2001,YEAR,76,COUNTRY,PUBLISHED,Life expectancy (at birth),Brazil,FEMALE,75.32562166
90E2E48WHOSIS_000001,WHOSIS_000001,90E2E48,WHOSIS_000001,2000,YEAR,48,COUNTRY,PUBLISHED,Life expectancy (at birth),Bahrain,FEMALE,71.26851454
90E2E48WHOSIS_000001,WHOSIS_000001,90E2E48,WHOSIS_000001,2000,YEAR,50,COUNTRY,PUBLISHED,Life expectancy (at birth),Bangladesh,FEMALE,67.39767927
90E2E48WHOSIS_000001,WHOSIS_000001,90E2E48,WHOSIS_000001,2000,YEAR,56,COUNTRY,PUBLISHED,Life expectancy (at birth),Belgium,FEMALE,80.73846107
90E2E48WHOSIS_000001,WHOSIS_000001,90E2E48,WHOSIS_000001,2000,YEAR,76,COUNTRY,PUBLISHED,Life expectancy (at birth),Brazil,FEMALE,74.97613079
90E2E48WHOSIS_000001,WHOSIS_000001,90E2E48,WHOSIS_000001,2000,YEAR,104,COUNTRY,PUBLISHED,Life expectancy (at birth),Myanmar,FEMALE,61.86728567
90E2E48WHOSIS_000001,WHOSIS_000001,90E2E48,WHOSIS_000001,2000,YEAR,124,COUNTRY,PUBLISHED,Life expectancy (at birth),Canada,FEMALE,81.54367873
90E2E48WHOSIS_000001,WHOSIS_000001,90E2E48,WHOSIS_000001,2000,YEAR,144,COUNTRY,PUBLISHED,Life expectancy (at birth),Sri Lanka,FEMALE,76.39707442
90E2E48WHOSIS_000001,WHOSIS_000001,90E2E48,WHOSIS_000001,2000,YEAR,752,COUNTRY,PUBLISHED,Life expectancy (at birth),Sweden,FEMALE,81.78614539
90E2E48WHOSIS_000001,WHOSIS_000001,90E2E48,WHOSIS_000001,2000,YEAR,706,COUNTRY,PUBLISHED,Life expectancy (at birth),Somalia,FEMALE,51.57348696
90E2E48WHOSIS_000001,WHOSIS_000001,90E2E48,WHOSIS_000001,2000,YEAR,710,COUNTRY,PUBLISHED,Life expectancy (at birth),South Africa,FEMALE,59.62252583
90E2E48WHOSIS_000001,WHOSIS_000001,90E2E48,WHOSIS_000001,2000,YEAR,716,COUNTRY,PUBLISHED,Life expectancy (at birth),Zimbabwe,FEMALE,46.66098701
90E2E48WHOSIS_000001,WHOSIS_000001,90E2E48,WHOSIS_000001,2000,YEAR,724,COUNTRY,PUBLISHED,Life expectancy (at birth),Spain,FEMALE,82.47890882
90E2E48WHOSIS_000001,WHOSIS_000001,90E2E48,WHOSIS_000001,2000,YEAR,756,COUNTRY,PUBLISHED,Life expectancy (at birth),Switzerland,FEMALE,82.34373726
90E2E48WHOSIS_000001,WHOSIS_000001,90E2E48,WHOSIS_000001,2000,YEAR,764,COUNTRY,PUBLISHED,Life expectancy (at birth),Thailand,FEMALE,74.8209582
90E2E48WHOSIS_000001,WHOSIS_000001,90E2E48,WHOSIS_000001,2001,YEAR,308,COUNTRY,PUBLISHED,Life expectancy (at birth),Grenada,FEMALE,76.53769983
90E2E48WHOSIS_000001,WHOSIS_000001,90E2E48,WHOSIS_000001,2000,YEAR,784,COUNTRY,PUBLISHED,Life expectancy (at birth),United Arab Emirates,FEMALE,78.03415875
90E2E48WHOSIS_000001,WHOSIS_000001,90E2E48,WHOSIS_000001,2001,YEAR,352,COUNTRY,PUBLISHED,Life expectancy (at birth),Iceland,FEMALE,81.8689563
90E2E48WHOSIS_000001,WHOSIS_000001,90E2E48,WHOSIS_000001,2001,YEAR,356,COUNTRY,PUBLISHED,Life expectancy (at birth),India,FEMALE,64.86051561
90E2E48WHOSIS_000001,WHOSIS_000001,90E2E48,WHOSIS_000001,2003,YEAR,682,COUNTRY,PUBLISHED,Life expectancy (at birth),Saudi Arabia,FEMALE,72.59924407
90E2E48WHOSIS_000001,WHOSIS_000001,90E2E48,WHOSIS_000001,2003,YEAR,702,COUNTRY,PUBLISHED,Life expectancy (at birth),Singapore,FEMALE,81.95102262
90E2E48WHOSIS_000001,WHOSIS_000001,90E2E48,WHOSIS_000001,2003,YEAR,706,COUNTRY,PUBLISHED,Life expectancy (at birth),Somalia,FEMALE,51.82135299
90E2E48WHOSIS_000001,WHOSIS_000001,90E2E48,WHOSIS_000001,2003,YEAR,710,COUNTRY,PUBLISHED,Life expectancy (at birth),South Africa,FEMALE,54.33816123
90E2E48WHOSIS_000001,WHOSIS_000001,90E2E48,WHOSIS_000001,2003,YEAR,716,COUNTRY,PUBLISHED,Life expectancy (at birth),Zimbabwe,FEMALE,45.4677698
90E2E48WHOSIS_000001,WHOSIS_000001,90E2E48,WHOSIS_000001,2003,YEAR,724,COUNTRY,PUBLISHED,Life expectancy (at birth),Spain,FEMALE,82.65351695
90E2E48WHOSIS_000001,WHOSIS_000001,90E2E48,WHOSIS_000001,2003,YEAR,752,COUNTRY,PUBLISHED,Life expectancy (at birth),Sweden,FEMALE,82.13207854
90E2E48WHOSIS_000001,WHOSIS_000001,90E2E48,WHOSIS_000001,2004,YEAR,496,COUNTRY,PUBLISHED,Life expectancy (at birth),Mongolia,FEMALE,69.37032885
90E2E48WHOSIS_000001,WHOSIS_000001,90E2E48,WHOSIS_000001,2004,YEAR,480,COUNTRY,PUBLISHED,Life expectancy (at birth),Mauritius,FEMALE,75.44268366
90E2E48WHOSIS_000001,WHOSIS_000001,90E2E48,WHOSIS_000001,2004,YEAR,484,COUNTRY,PUBLISHED,Life expectancy (at birth),Mexico,FEMALE,77.37053362
90E2E48WHOSIS_000001,WHOSIS_000001,90E2E48,WHOSIS_000001,2004,YEAR,524,COUNTRY,PUBLISHED,Life expectancy (at birth),Nepal,FEMALE,69.03719151
90E2E48WHOSIS_000001,WHOSIS_000001,90E2E48,WHOSIS_000001,2004,YEAR,512,COUNTRY,PUBLISHED,Life expectancy (at birth),Oman,FEMALE,77.13753037
90E2E48WHOSIS_000001,WHOSIS_000001,90E2E48,WHOSIS_000001,2004,YEAR,578,COUNTRY,PUBLISHED,Life expectancy (at birth),Norway,FEMALE,82.12723843
90E2E48WHOSIS_000001,WHOSIS_000001,90E2E48,WHOSIS_000001,2004,YEAR,554,COUNTRY,PUBLISHED,Life expectancy (at birth),New Zealand,FEMALE,81.0764761
90E2E48WHOSIS_000001,WHOSIS_000001,90E2E48,WHOSIS_000001,2005,YEAR,246,COUNTRY,PUBLISHED,Life expectancy (at birth),Finland,FEMALE,82.25071263
90E2E48WHOSIS_000001,WHOSIS_000001,90E2E48,WHOSIS_000001,2004,YEAR,586,COUNTRY,PUBLISHED,Life expectancy (at birth),Pakistan,FEMALE,63.09145964
90E2E48WHOSIS_000001,WHOSIS_000001,90E2E48,WHOSIS_000001,2005,YEAR,268,COUNTRY,PUBLISHED,Life expectancy (at birth),Georgia,FEMALE,76.00819637
90E2E48WHOSIS_000001,WHOSIS_000001,90E2E48,WHOSIS_000001,2005,YEAR,250,COUNTRY,PUBLISHED,Life expectancy (at birth),France,FEMALE,83.25258663
90E2E48WHOSIS_000001,WHOSIS_000001,90E2E48,WHOSIS_000001,2005,YEAR,300,COUNTRY,PUBLISHED,Life expectancy (at birth),Greece,FEMALE,81.90724091
90E2E48WHOSIS_000001,WHOSIS_000001,90E2E48,WHOSIS_000001,2005,YEAR,308,COUNTRY,PUBLISHED,Life expectancy (at birth),Grenada,FEMALE,76.61608606
90E2E48WHOSIS_000001,WHOSIS_000001,90E2E48,WHOSIS_000001,2005,YEAR,276,COUNTRY,PUBLISHED,Life expectancy (at birth),Germany,FEMALE,81.71642462
90E2E48WHOSIS_000001,WHOSIS_000001,90E2E48,WHOSIS_000001,2005,YEAR,352,COUNTRY,PUBLISHED,Life expectancy (at birth),Iceland,FEMALE,82.61689986
90E2E48WHOSIS_000001,WHOSIS_000001,90E2E48,WHOSIS_000001,2005,YEAR,364,COUNTRY,PUBLISHED,Life expectancy (at birth),Iran (Islamic Republic of),FEMALE,76.96999235
90E2E48WHOSIS_000001,WHOSIS_000001,90E2E48,WHOSIS_000001,2005,YEAR,368,COUNTRY,PUBLISHED,Life expectancy (at birth),Iraq,FEMALE,72.26673833
90E2E48WHOSIS_000001,WHOSIS_000001,90E2E48,WHOSIS_000001,2005,YEAR,372,COUNTRY,PUBLISHED,Life expectancy (at birth),Ireland,FEMALE,81.09646601
90E2E48WHOSIS_000001,WHOSIS_000001,90E2E48,WHOSIS_000001,2001,YEAR,104,COUNTRY,PUBLISHED,Life expectancy (at birth),Myanmar,FEMALE,62.26603566
90E2E48WHOSIS_000001,WHOSIS_000001,90E2E48,WHOSIS_000001,2005,YEAR,356,COUNTRY,PUBLISHED,Life expectancy (at birth),India,FEMALE,67.00190253
90E2E48WHOSIS_000001,WHOSIS_000001,90E2E48,WHOSIS_000001,2005,YEAR,360,COUNTRY,PUBLISHED,Life expectancy (at birth),Indonesia,FEMALE,69.70174942
90E2E48WHOSIS_000001,WHOSIS_000001,90E2E48,WHOSIS_000001,2001,YEAR,124,COUNTRY,PUBLISHED,Life expectancy (at birth),Canada,FEMALE,81.71346947
90E2E48WHOSIS_000001,WHOSIS_000001,90E2E48,WHOSIS_000001,2001,YEAR,156,COUNTRY,PUBLISHED,Life expectancy (at birth),China,FEMALE,73.67283514
90E2E48WHOSIS_000001,WHOSIS_000001,90E2E48,WHOSIS_000001,2001,YEAR,642,COUNTRY,PUBLISHED,Life expectancy (at birth),Romania,FEMALE,74.89697935
90E2E48WHOSIS_000001,WHOSIS_000001,90E2E48,WHOSIS_000001,2001,YEAR,144,COUNTRY,PUBLISHED,Life expectancy (at birth),Sri Lanka,FEMALE,77.33544437
90E2E48WHOSIS_000001,WHOSIS_000001,90E2E48,WHOSIS_000001,2001,YEAR,682,COUNTRY,PUBLISHED,Life expectancy (at birth),Saudi Arabia,FEMALE,72.13742303
90E2E48WHOSIS_000001,WHOSIS_000001,90E2E48,WHOSIS_000001,2001,YEAR,643,COUNTRY,PUBLISHED,Life expectancy (at birth),Russian Federation,FEMALE,72.0785216
90E2E48WHOSIS_000001,WHOSIS_000001,90E2E48,WHOSIS_000001,2001,YEAR,702,COUNTRY,PUBLISHED,Life expectancy (at birth),Singapore,FEMALE,81.4208406
90E2E48WHOSIS_000001,WHOSIS_000001,90E2E48,WHOSIS_000001,2001,YEAR,706,COUNTRY,PUBLISHED,Life expectancy (at birth),Somalia,FEMALE,51.64988019
90E2E48WHOSIS_000001,WHOSIS_000001,90E2E48,WHOSIS_000001,2001,YEAR,710,COUNTRY,PUBLISHED,Life expectancy (at birth),South Africa,FEMALE,57.98181582
90E2E48WHOSIS_000001,WHOSIS_000001,90E2E48,WHOSIS_000001,2001,YEAR,716,COUNTRY,PUBLISHED,Life expectancy (at birth),Zimbabwe,FEMALE,46.15937903
90E2E48WHOSIS_000001,WHOSIS_000001,90E2E48,WHOSIS_000001,2001,YEAR,724,COUNTRY,PUBLISHED,Life expectancy (at birth),Spain,FEMALE,82.75513079
90E2E48WHOSIS_000001,WHOSIS_000001,90E2E48,WHOSIS_000001,2001,YEAR,752,COUNTRY,PUBLISHED,Life expectancy (at birth),Sweden,FEMALE,81.82171353
90E2E48WHOSIS_000001,WHOSIS_000001,90E2E48,WHOSIS_000001,2001,YEAR,756,COUNTRY,PUBLISHED,Life expectancy (at birth),Switzerland,FEMALE,82.71434931
90E2E48WHOSIS_000001,WHOSIS_000001,90E2E48,WHOSIS_000001,2001,YEAR,764,COUNTRY,PUBLISHED,Life expectancy (at birth),Thailand,FEMALE,75.47236707
90E2E48WHOSIS_000001,WHOSIS_000001,90E2E48,WHOSIS_000001,2002,YEAR,388,COUNTRY,PUBLISHED,Life expectancy (at birth),Jamaica,FEMALE,75.12981945
90E2E48WHOSIS_000001,WHOSIS_000001,90E2E48,WHOSIS_000001,2002,YEAR,392,COUNTRY,PUBLISHED,Life expectancy (at birth),Japan,FEMALE,85.33905362
90E2E48WHOSIS_000001,WHOSIS_000001,90E2E48,WHOSIS_000001,2002,YEAR,404,COUNTRY,PUBLISHED,Life expectancy (at birth),Kenya,FEMALE,55.70422284
90E2E48WHOSIS_000001,WHOSIS_000001,90E2E48,WHOSIS_000001,2002,YEAR,410,COUNTRY,PUBLISHED,Life expectancy (at birth),Republic of Korea,FEMALE,80.23969566
90E2E48WHOSIS_000001,WHOSIS_000001,90E2E48,WHOSIS_000001,2003,YEAR,104,COUNTRY,PUBLISHED,Life expectancy (at birth),Myanmar,FEMALE,63.13000189
90E2E48WHOSIS_000001,WHOSIS_000001,90E2E48,WHOSIS_000001,2002,YEAR,414,COUNTRY,PUBLISHED,Life expectancy (at birth),Kuwait,FEMALE,80.02381066
90E2E48WHOSIS_000001,WHOSIS_000001,90E2E48,WHOSIS_000001,2002,YEAR,398,COUNTRY,PUBLISHED,Life expectancy (at birth),Kazakhstan,FEMALE,70.54125621
90E2E48WHOSIS_000001,WHOSIS_000001,90E2E48,WHOSIS_000001,2002,YEAR,400,COUNTRY,PUBLISHED,Life expectancy (at birth),Jordan,FEMALE,72.31118209
90E2E48WHOSIS_000001,WHOSIS_000001,90E2E48,WHOSIS_000001,2002,YEAR,434,COUNTRY,PUBLISHED,Life expectancy (at birth),Libya,FEMALE,75.75696352
90E2E48WHOSIS_000001,WHOSIS_000001,90E2E48,WHOSIS_000001,2007,YEAR,578,COUNTRY,PUBLISHED,Life expectancy (at birth),Norway,FEMALE,82.44771862
90E2E48WHOSIS_000001,WHOSIS_000001,90E2E48,WHOSIS_000001,2007,YEAR,554,COUNTRY,PUBLISHED,Life expectancy (at birth),New Zealand,FEMALE,81.98693489
90E2E48WHOSIS_000001,WHOSIS_000001,90E2E48,WHOSIS_000001,2003,YEAR,124,COUNTRY,PUBLISHED,Life expectancy (at birth),Canada,FEMALE,81.88794028
90E2E48WHOSIS_000001,WHOSIS_000001,90E2E48,WHOSIS_000001,2007,YEAR,524,COUNTRY,PUBLISHED,Life expectancy (at birth),Nepal,FEMALE,70.17144321
90E2E48WHOSIS_000001,WHOSIS_000001,90E2E48,WHOSIS_000001,2007,YEAR,620,COUNTRY,PUBLISHED,Life expectancy (at birth),Portugal,FEMALE,82.0889177
90E2E48WHOSIS_000001,WHOSIS_000001,90E2E48,WHOSIS_000001,2007,YEAR,586,COUNTRY,PUBLISHED,Life expectancy (at birth),Pakistan,FEMALE,64.1603603
90E2E48WHOSIS_000001,WHOSIS_000001,90E2E48,WHOSIS_000001,2007,YEAR,604,COUNTRY,PUBLISHED,Life expectancy (at birth),Peru,FEMALE,80.30924599
90E2E48WHOSIS_000001,WHOSIS_000001,90E2E48,WHOSIS_000001,2007,YEAR,608,COUNTRY,PUBLISHED,Life expectancy (at birth),Philippines,FEMALE,74.04585286
90E2E48WHOSIS_000001,WHOSIS_000001,90E2E48,WHOSIS_000001,2007,YEAR,616,COUNTRY,PUBLISHED,Life expectancy (at birth),Poland,FEMALE,79.51479872
90E2E48WHOSIS_000001,WHOSIS_000001,90E2E48,WHOSIS_000001,2007,YEAR,706,COUNTRY,PUBLISHED,Life expectancy (at birth),Somalia,FEMALE,52.45947082
90E2E48WHOSIS_000001,WHOSIS_000001,90E2E48,WHOSIS_000001,2007,YEAR,710,COUNTRY,PUBLISHED,Life expectancy (at birth),South Africa,FEMALE,54.43468512
90E2E48WHOSIS_000001,WHOSIS_000001,90E2E48,WHOSIS_000001,2004,YEAR,434,COUNTRY,PUBLISHED,Life expectancy (at birth),Libya,FEMALE,75.83936011
90E2E48WHOSIS_000001,WHOSIS_000001,90E2E48,WHOSIS_000001,2007,YEAR,702,COUNTRY,PUBLISHED,Life expectancy (at birth),Singapore,FEMALE,82.97490428
90E2E48WHOSIS_000001,WHOSIS_000001,90E2E48,WHOSIS_000001,2007,YEAR,716,COUNTRY,PUBLISHED,Life expectancy (at birth),Zimbabwe,FEMALE,48.02604531
90E2E48WHOSIS_000001,WHOSIS_000001,90E2E48,WHOSIS_000001,2007,YEAR,724,COUNTRY,PUBLISHED,Life expectancy (at birth),Spain,FEMALE,83.77726402
90E2E48WHOSIS_000001,WHOSIS_000001,90E2E48,WHOSIS_000001,2005,YEAR,192,COUNTRY,PUBLISHED,Life expectancy (at birth),Cuba,FEMALE,79.26203314
90E2E48WHOSIS_000001,WHOSIS_000001,90E2E48,WHOSIS_000001,2007,YEAR,752,COUNTRY,PUBLISHED,Life expectancy (at birth),Sweden,FEMALE,82.65762548
90E2E48WHOSIS_000001,WHOSIS_000001,90E2E48,WHOSIS_000001,2007,YEAR,756,COUNTRY,PUBLISHED,Life expectancy (at birth),Switzerland,FEMALE,83.75730908
90E2E48WHOSIS_000001,WHOSIS_000001,90E2E48,WHOSIS_000001,2006,YEAR,192,COUNTRY,PUBLISHED,Life expectancy (at birth),Cuba,FEMALE,80.09532445
90E2E48WHOSIS_000001,WHOSIS_000001,90E2E48,WHOSIS_000001,2007,YEAR,887,COUNTRY,PUBLISHED,Life expectancy (at birth),Yemen,FEMALE,68.38563638
90E2E48WHOSIS_000001,WHOSIS_000001,90E2E48,WHOSIS_000001,2007,YEAR,894,COUNTRY,PUBLISHED,Life expectancy (at birth),Zambia,FEMALE,55.41324286
90E2E48WHOSIS_000001,WHOSIS_000001,90E2E48,WHOSIS_000001,2007,YEAR,955,WHOREGION,PUBLISHED,Life expectancy (at birth),South-East Asia,FEMALE,68.67723378
90E2E48WHOSIS_000001,WHOSIS_000001,90E2E48,WHOSIS_000001,2007,YEAR,953,WHOREGION,PUBLISHED,Life expectancy (at birth),Africa,FEMALE,58.70539301
90E2E48WHOSIS_000001,WHOSIS_000001,90E2E48,WHOSIS_000001,2000,YEAR,954,WHOREGION,PUBLISHED,Life expectancy (at birth),Americas,FEMALE,76.99514051
90E2E48WHOSIS_000001,WHOSIS_000001,90E2E48,WHOSIS_000001,2001,YEAR,484,COUNTRY,PUBLISHED,Life expectancy (at birth),Mexico,FEMALE,76.9204709
90E2E48WHOSIS_000001,WHOSIS_000001,90E2E48,WHOSIS_000001,2001,YEAR,496,COUNTRY,PUBLISHED,Life expectancy (at birth),Mongolia,FEMALE,67.30980963
90E2E48WHOSIS_000001,WHOSIS_000001,90E2E48,WHOSIS_000001,2001,YEAR,480,COUNTRY,PUBLISHED,Life expectancy (at birth),Mauritius,FEMALE,74.97727579
90E2E48WHOSIS_000001,WHOSIS_000001,90E2E48,WHOSIS_000001,2007,YEAR,956,WHOREGION,PUBLISHED,Life expectancy (at birth),Europe,FEMALE,78.370276
90E2E48WHOSIS_000001,WHOSIS_000001,90E2E48,WHOSIS_000001,2001,YEAR,578,COUNTRY,PUBLISHED,Life expectancy (at birth),Norway,FEMALE,81.3028525
90E2E48WHOSIS_000001,WHOSIS_000001,90E2E48,WHOSIS_000001,2001,YEAR,512,COUNTRY,PUBLISHED,Life expectancy (at birth),Oman,FEMALE,76.00067092
90E2E48WHOSIS_000001,WHOSIS_000001,90E2E48,WHOSIS_000001,2001,YEAR,524,COUNTRY,PUBLISHED,Life expectancy (at birth),Nepal,FEMALE,67.31910194
90E2E48WHOSIS_000001,WHOSIS_000001,90E2E48,WHOSIS_000001,2001,YEAR,554,COUNTRY,PUBLISHED,Life expectancy (at birth),New Zealand,FEMALE,80.73549291
90E2E48WHOSIS_000001,WHOSIS_000001,90E2E48,WHOSIS_000001,2001,YEAR,586,COUNTRY,PUBLISHED,Life expectancy (at birth),Pakistan,FEMALE,62.18141721
90E2E48WHOSIS_000001,WHOSIS_000001,90E2E48,WHOSIS_000001,2001,YEAR,604,COUNTRY,PUBLISHED,Life expectancy (at birth),Peru,FEMALE,77.62412881
90E2E48WHOSIS_000001,WHOSIS_000001,90E2E48,WHOSIS_000001,2001,YEAR,620,COUNTRY,PUBLISHED,Life expectancy (at birth),Portugal,FEMALE,80.41760358
90E2E48WHOSIS_000001,WHOSIS_000001,90E2E48,WHOSIS_000001,2001,YEAR,608,COUNTRY,PUBLISHED,Life expectancy (at birth),Philippines,FEMALE,73.81624384
90E2E48WHOSIS_000001,WHOSIS_000001,90E2E48,WHOSIS_000001,2001,YEAR,616,COUNTRY,PUBLISHED,Life expectancy (at birth),Poland,FEMALE,78.24184854
90E2E48WHOSIS_000001,WHOSIS_000001,90E2E48,WHOSIS_000001,2007,YEAR,36,COUNTRY,PUBLISHED,Life expectancy (at birth),Australia,FEMALE,83.49714871
90E2E48WHOSIS_000001,WHOSIS_000001,90E2E48,WHOSIS_000001,2007,YEAR,48,COUNTRY,PUBLISHED,Life expectancy (at birth),Bahrain,FEMALE,73.54332362
90E2E48WHOSIS_000001,WHOSIS_000001,90E2E48,WHOSIS_000001,2001,YEAR,634,COUNTRY,PUBLISHED,Life expectancy (at birth),Qatar,FEMALE,73.31453148
90E2E48WHOSIS_000001,WHOSIS_000001,90E2E48,WHOSIS_000001,2007,YEAR,4,COUNTRY,PUBLISHED,Life expectancy (at birth),Afghanistan,FEMALE,57.83807955
90E2E48WHOSIS_000001,WHOSIS_000001,90E2E48,WHOSIS_000001,2007,YEAR,32,COUNTRY,PUBLISHED,Life expectancy (at birth),Argentina,FEMALE,78.43677381
90E2E48WHOSIS_000001,WHOSIS_000001,90E2E48,WHOSIS_000001,2007,YEAR,50,COUNTRY,PUBLISHED,Life expectancy (at birth),Bangladesh,FEMALE,70.61265397
90E2E48WHOSIS_000001,WHOSIS_000001,90E2E48,WHOSIS_000001,2007,YEAR,56,COUNTRY,PUBLISHED,Life expectancy (at birth),Belgium,FEMALE,82.13568021
90E2E48WHOSIS_000001,WHOSIS_000001,90E2E48,WHOSIS_000001,2007,YEAR,76,COUNTRY,PUBLISHED,Life expectancy (at birth),Brazil,FEMALE,77.03328918
90E2E48WHOSIS_000001,WHOSIS_000001,90E2E48,WHOSIS_000001,2003,YEAR,4,COUNTRY,PUBLISHED,Life expectancy (at birth),Afghanistan,FEMALE,56.24283698
90E2E48WHOSIS_000001,WHOSIS_000001,90E2E48,WHOSIS_000001,2007,YEAR,104,COUNTRY,PUBLISHED,Life expectancy (at birth),Myanmar,FEMALE,65.53857576
90E2E48WHOSIS_000001,WHOSIS_000001,90E2E48,WHOSIS_000001,2007,YEAR,124,COUNTRY,PUBLISHED,Life expectancy (at birth),Canada,FEMALE,82.53888023
90E2E48WHOSIS_000001,WHOSIS_000001,90E2E48,WHOSIS_000001,2003,YEAR,36,COUNTRY,PUBLISHED,Life expectancy (at birth),Australia,FEMALE,82.8965361
90E2E48WHOSIS_000001,WHOSIS_000001,90E2E48,WHOSIS_000001,2003,YEAR,32,COUNTRY,PUBLISHED,Life expectancy (at birth),Argentina,FEMALE,77.82722602
90E2E48WHOSIS_000001,WHOSIS_000001,90E2E48,WHOSIS_000001,2003,YEAR,48,COUNTRY,PUBLISHED,Life expectancy (at birth),Bahrain,FEMALE,71.92969482
90E2E48WHOSIS_000001,WHOSIS_000001,90E2E48,WHOSIS_000001,2003,YEAR,50,COUNTRY,PUBLISHED,Life expectancy (at birth),Bangladesh,FEMALE,68.66551222
90E2E48WHOSIS_000001,WHOSIS_000001,90E2E48,WHOSIS_000001,2007,YEAR,308,COUNTRY,PUBLISHED,Life expectancy (at birth),Grenada,FEMALE,76.46456346
90E2E48WHOSIS_000001,WHOSIS_000001,90E2E48,WHOSIS_000001,2003,YEAR,616,COUNTRY,PUBLISHED,Life expectancy (at birth),Poland,FEMALE,78.65714749
90E2E48WHOSIS_000001,WHOSIS_000001,90E2E48,WHOSIS_000001,2003,YEAR,76,COUNTRY,PUBLISHED,Life expectancy (at birth),Brazil,FEMALE,75.84907806
90E2E48WHOSIS_000001,WHOSIS_000001,90E2E48,WHOSIS_000001,2003,YEAR,56,COUNTRY,PUBLISHED,Life expectancy (at birth),Belgium,FEMALE,80.88262156
90E2E48WHOSIS_000001,WHOSIS_000001,90E2E48,WHOSIS_000001,2003,YEAR,620,COUNTRY,PUBLISHED,Life expectancy (at birth),Portugal,FEMALE,80.50943334
90E2E48WHOSIS_000001,WHOSIS_000001,90E2E48,WHOSIS_000001,2007,YEAR,404,COUNTRY,PUBLISHED,Life expectancy (at birth),Kenya,FEMALE,60.21409344
90E2E48WHOSIS_000001,WHOSIS_000001,90E2E48,WHOSIS_000001,2007,YEAR,410,COUNTRY,PUBLISHED,Life expectancy (at birth),Republic of Korea,FEMALE,82.49206942
90E2E48WHOSIS_000001,WHOSIS_000001,90E2E48,WHOSIS_000001,2003,YEAR,634,COUNTRY,PUBLISHED,Life expectancy (at birth),Qatar,FEMALE,72.75119172
90E2E48WHOSIS_000001,WHOSIS_000001,90E2E48,WHOSIS_000001,2003,YEAR,642,COUNTRY,PUBLISHED,Life expectancy (at birth),Romania,FEMALE,74.96831421
90E2E48WHOSIS_000001,WHOSIS_000001,90E2E48,WHOSIS_000001,2003,YEAR,643,COUNTRY,PUBLISHED,Life expectancy (at birth),Russian Federation,FEMALE,71.72348568
90E2E48WHOSIS_000001,WHOSIS_000001,90E2E48,WHOSIS_000001,2007,YEAR,414,COUNTRY,PUBLISHED,Life expectancy (at birth),Kuwait,FEMALE,81.02647654
90E2E48WHOSIS_000001,WHOSIS_000001,90E2E48,WHOSIS_000001,2007,YEAR,434,COUNTRY,PUBLISHED,Life expectancy (at birth),Libya,FEMALE,75.98394145
90E2E48WHOSIS_000001,WHOSIS_000001,90E2E48,WHOSIS_000001,2007,YEAR,480,COUNTRY,PUBLISHED,Life expectancy (at birth),Mauritius,FEMALE,76.13463041
90E2E48WHOSIS_000001,WHOSIS_000001,90E2E48,WHOSIS_000001,2007,YEAR,484,COUNTRY,PUBLISHED,Life expectancy (at birth),Mexico,FEMALE,77.87848088
90E2E48WHOSIS_000001,WHOSIS_000001,90E2E48,WHOSIS_000001,2007,YEAR,496,COUNTRY,PUBLISHED,Life expectancy (at birth),Mongolia,FEMALE,70.81850532
90E2E48WHOSIS_000001,WHOSIS_000001,90E2E48,WHOSIS_000001,2007,YEAR,634,COUNTRY,PUBLISHED,Life expectancy (at birth),Qatar,FEMALE,73.61966407
90E2E48WHOSIS_000001,WHOSIS_000001,90E2E48,WHOSIS_000001,2007,YEAR,642,COUNTRY,PUBLISHED,Life expectancy (at birth),Romania,FEMALE,76.7108194
90E2E48WHOSIS_000001,WHOSIS_000001,90E2E48,WHOSIS_000001,2007,YEAR,643,COUNTRY,PUBLISHED,Life expectancy (at birth),Russian Federation,FEMALE,73.80909071
90E2E48WHOSIS_000001,WHOSIS_000001,90E2E48,WHOSIS_000001,2007,YEAR,512,COUNTRY,PUBLISHED,Life expectancy (at birth),Oman,FEMALE,77.28017512
90E2E48WHOSIS_000001,WHOSIS_000001,90E2E48,WHOSIS_000001,2007,YEAR,682,COUNTRY,PUBLISHED,Life expectancy (at birth),Saudi Arabia,FEMALE,73.7253397
90E2E48WHOSIS_000001,WHOSIS_000001,90E2E48,WHOSIS_000001,2006,YEAR,76,COUNTRY,PUBLISHED,Life expectancy (at birth),Brazil,FEMALE,76.77190209
90E2E48WHOSIS_000001,WHOSIS_000001,90E2E48,WHOSIS_000001,2006,YEAR,56,COUNTRY,PUBLISHED,Life expectancy (at birth),Belgium,FEMALE,81.89346406
90E2E48WHOSIS_000001,WHOSIS_000001,90E2E48,WHOSIS_000001,2006,YEAR,50,COUNTRY,PUBLISHED,Life expectancy (at birth),Bangladesh,FEMALE,70.28073443
90E2E48WHOSIS_000001,WHOSIS_000001,90E2E48,WHOSIS_000001,2006,YEAR,144,COUNTRY,PUBLISHED,Life expectancy (at birth),Sri Lanka,FEMALE,77.64857465
90E2E48WHOSIS_000001,WHOSIS_000001,90E2E48,WHOSIS_000001,2006,YEAR,104,COUNTRY,PUBLISHED,Life expectancy (at birth),Myanmar,FEMALE,64.84280971
90E2E48WHOSIS_000001,WHOSIS_000001,90E2E48,WHOSIS_000001,2006,YEAR,124,COUNTRY,PUBLISHED,Life expectancy (at birth),Canada,FEMALE,82.52774646
90E2E48WHOSIS_000001,WHOSIS_000001,90E2E48,WHOSIS_000001,2006,YEAR,156,COUNTRY,PUBLISHED,Life expectancy (at birth),China,FEMALE,76.08778177
90E2E48WHOSIS_000001,WHOSIS_000001,90E2E48,WHOSIS_000001,2006,YEAR,170,COUNTRY,PUBLISHED,Life expectancy (at birth),Colombia,FEMALE,77.84712853
90E2E48WHOSIS_000001,WHOSIS_000001,90E2E48,WHOSIS_000001,2018,YEAR,716,COUNTRY,PUBLISHED,Life expectancy (at birth),Zimbabwe,FEMALE,60.66818394
90E2E48WHOSIS_000001,WHOSIS_000001,90E2E48,WHOSIS_000001,2018,YEAR,752,COUNTRY,PUBLISHED,Life expectancy (at birth),Sweden,FEMALE,83.78001337
90E2E48WHOSIS_000001,WHOSIS_000001,90E2E48,WHOSIS_000001,2018,YEAR,724,COUNTRY,PUBLISHED,Life expectancy (at birth),Spain,FEMALE,85.32106648
90E2E48WHOSIS_000001,WHOSIS_000001,90E2E48,WHOSIS_000001,2018,YEAR,764,COUNTRY,PUBLISHED,Life expectancy (at birth),Thailand,FEMALE,80.73860552
90E2E48WHOSIS_000001,WHOSIS_000001,90E2E48,WHOSIS_000001,2018,YEAR,756,COUNTRY,PUBLISHED,Life expectancy (at birth),Switzerland,FEMALE,84.95543679
90E2E48WHOSIS_000001,WHOSIS_000001,90E2E48,WHOSIS_000001,2018,YEAR,784,COUNTRY,PUBLISHED,Life expectancy (at birth),United Arab Emirates,FEMALE,82.05215662
90E2E48WHOSIS_000001,WHOSIS_000001,90E2E48,WHOSIS_000001,2018,YEAR,818,COUNTRY,PUBLISHED,Life expectancy (at birth),Egypt,FEMALE,73.96766897
90E2E48WHOSIS_000001,WHOSIS_000001,90E2E48,WHOSIS_000001,2006,YEAR,608,COUNTRY,PUBLISHED,Life expectancy (at birth),Philippines,FEMALE,73.68418024
90E2E48WHOSIS_000001,WHOSIS_000001,90E2E48,WHOSIS_000001,2006,YEAR,616,COUNTRY,PUBLISHED,Life expectancy (at birth),Poland,FEMALE,79.40590913
90E2E48WHOSIS_000001,WHOSIS_000001,90E2E48,WHOSIS_000001,2006,YEAR,620,COUNTRY,PUBLISHED,Life expectancy (at birth),Portugal,FEMALE,82.11126023
90E2E48WHOSIS_000001,WHOSIS_000001,90E2E48,WHOSIS_000001,2006,YEAR,604,COUNTRY,PUBLISHED,Life expectancy (at birth),Peru,FEMALE,79.62738702
90E2E48WHOSIS_000001,WHOSIS_000001,90E2E48,WHOSIS_000001,2006,YEAR,634,COUNTRY,PUBLISHED,Life expectancy (at birth),Qatar,FEMALE,73.33428975
90E2E48WHOSIS_000001,WHOSIS_000001,90E2E48,WHOSIS_000001,2006,YEAR,642,COUNTRY,PUBLISHED,Life expectancy (at birth),Romania,FEMALE,76.07086481
90E2E48WHOSIS_000001,WHOSIS_000001,90E2E48,WHOSIS_000001,2006,YEAR,643,COUNTRY,PUBLISHED,Life expectancy (at birth),Russian Federation,FEMALE,73.10578763
90E2E48WHOSIS_000001,WHOSIS_000001,90E2E48,WHOSIS_000001,2006,YEAR,682,COUNTRY,PUBLISHED,Life expectancy (at birth),Saudi Arabia,FEMALE,73.41121851
90E2E48WHOSIS_000001,WHOSIS_000001,90E2E48,WHOSIS_000001,2006,YEAR,702,COUNTRY,PUBLISHED,Life expectancy (at birth),Singapore,FEMALE,83.07678802
90E2E48WHOSIS_000001,WHOSIS_000001,90E2E48,WHOSIS_000001,2006,YEAR,716,COUNTRY,PUBLISHED,Life expectancy (at birth),Zimbabwe,FEMALE,46.98310635
90E2E48WHOSIS_000001,WHOSIS_000001,90E2E48,WHOSIS_000001,2006,YEAR,724,COUNTRY,PUBLISHED,Life expectancy (at birth),Spain,FEMALE,83.81808792
90E2E48WHOSIS_000001,WHOSIS_000001,90E2E48,WHOSIS_000001,2001,YEAR,368,COUNTRY,PUBLISHED,Life expectancy (at birth),Iraq,FEMALE,72.21047836
90E2E48WHOSIS_000001,WHOSIS_000001,90E2E48,WHOSIS_000001,2001,YEAR,372,COUNTRY,PUBLISHED,Life expectancy (at birth),Ireland,FEMALE,79.67190942
90E2E48WHOSIS_000001,WHOSIS_000001,90E2E48,WHOSIS_000001,2006,YEAR,706,COUNTRY,PUBLISHED,Life expectancy (at birth),Somalia,FEMALE,52.19882919
90E2E48WHOSIS_000001,WHOSIS_000001,90E2E48,WHOSIS_000001,2006,YEAR,710,COUNTRY,PUBLISHED,Life expectancy (at birth),South Africa,FEMALE,53.42500059
90E2E48WHOSIS_000001,WHOSIS_000001,90E2E48,WHOSIS_000001,2001,YEAR,388,COUNTRY,PUBLISHED,Life expectancy (at birth),Jamaica,FEMALE,74.33521021
90E2E48WHOSIS_000001,WHOSIS_000001,90E2E48,WHOSIS_000001,2001,YEAR,392,COUNTRY,PUBLISHED,Life expectancy (at birth),Japan,FEMALE,85.08562733
90E2E48WHOSIS_000001,WHOSIS_000001,90E2E48,WHOSIS_000001,2001,YEAR,398,COUNTRY,PUBLISHED,Life expectancy (at birth),Kazakhstan,FEMALE,70.2679349
90E2E48WHOSIS_000001,WHOSIS_000001,90E2E48,WHOSIS_000001,2001,YEAR,376,COUNTRY,PUBLISHED,Life expectancy (at birth),Israel,FEMALE,81.03896235
90E2E48WHOSIS_000001,WHOSIS_000001,90E2E48,WHOSIS_000001,2001,YEAR,380,COUNTRY,PUBLISHED,Life expectancy (at birth),Italy,FEMALE,82.47198707
90E2E48WHOSIS_000001,WHOSIS_000001,90E2E48,WHOSIS_000001,2001,YEAR,410,COUNTRY,PUBLISHED,Life expectancy (at birth),Republic of Korea,FEMALE,80.00463633
90E2E48WHOSIS_000001,WHOSIS_000001,90E2E48,WHOSIS_000001,2001,YEAR,414,COUNTRY,PUBLISHED,Life expectancy (at birth),Kuwait,FEMALE,80.18056441
90E2E48WHOSIS_000001,WHOSIS_000001,90E2E48,WHOSIS_000001,2001,YEAR,400,COUNTRY,PUBLISHED,Life expectancy (at birth),Jordan,FEMALE,72.14831788
90E2E48WHOSIS_000001,WHOSIS_000001,90E2E48,WHOSIS_000001,2001,YEAR,404,COUNTRY,PUBLISHED,Life expectancy (at birth),Kenya,FEMALE,55.4471532
90E2E48WHOSIS_000001,WHOSIS_000001,90E2E48,WHOSIS_000001,2001,YEAR,434,COUNTRY,PUBLISHED,Life expectancy (at birth),Libya,FEMALE,75.80973554
90E2E48WHOSIS_000001,WHOSIS_000001,90E2E48,WHOSIS_000001,2002,YEAR,268,COUNTRY,PUBLISHED,Life expectancy (at birth),Georgia,FEMALE,73.48593266
90E2E48WHOSIS_000001,WHOSIS_000001,90E2E48,WHOSIS_000001,2002,YEAR,276,COUNTRY,PUBLISHED,Life expectancy (at birth),Germany,FEMALE,81.10244583
90E2E48WHOSIS_000001,WHOSIS_000001,90E2E48,WHOSIS_000001,2002,YEAR,300,COUNTRY,PUBLISHED,Life expectancy (at birth),Greece,FEMALE,81.39007886
90E2E48WHOSIS_000001,WHOSIS_000001,90E2E48,WHOSIS_000001,2002,YEAR,308,COUNTRY,PUBLISHED,Life expectancy (at birth),Grenada,FEMALE,76.50265316
90E2E48WHOSIS_000001,WHOSIS_000001,90E2E48,WHOSIS_000001,2002,YEAR,380,COUNTRY,PUBLISHED,Life expectancy (at birth),Italy,FEMALE,82.71254874
90E2E48WHOSIS_000001,WHOSIS_000001,90E2E48,WHOSIS_000001,2006,YEAR,956,WHOREGION,PUBLISHED,Life expectancy (at birth),Europe,FEMALE,78.02914678
90E2E48WHOSIS_000001,WHOSIS_000001,90E2E48,WHOSIS_000001,2002,YEAR,352,COUNTRY,PUBLISHED,Life expectancy (at birth),Iceland,FEMALE,82.1524338
90E2E48WHOSIS_000001,WHOSIS_000001,90E2E48,WHOSIS_000001,2002,YEAR,356,COUNTRY,PUBLISHED,Life expectancy (at birth),India,FEMALE,65.36867292
90E2E48WHOSIS_000001,WHOSIS_000001,90E2E48,WHOSIS_000001,2002,YEAR,360,COUNTRY,PUBLISHED,Life expectancy (at birth),Indonesia,FEMALE,68.92604668
90E2E48WHOSIS_000001,WHOSIS_000001,90E2E48,WHOSIS_000001,2002,YEAR,364,COUNTRY,PUBLISHED,Life expectancy (at birth),Iran (Islamic Republic of),FEMALE,75.82566875
90E2E48WHOSIS_000001,WHOSIS_000001,90E2E48,WHOSIS_000001,2002,YEAR,368,COUNTRY,PUBLISHED,Life expectancy (at birth),Iraq,FEMALE,72.43236276
90E2E48WHOSIS_000001,WHOSIS_000001,90E2E48,WHOSIS_000001,2002,YEAR,372,COUNTRY,PUBLISHED,Life expectancy (at birth),Ireland,FEMALE,80.11800386
90E2E48WHOSIS_000001,WHOSIS_000001,90E2E48,WHOSIS_000001,2002,YEAR,376,COUNTRY,PUBLISHED,Life expectancy (at birth),Israel,FEMALE,80.88285737
90E2E48WHOSIS_000001,WHOSIS_000001,90E2E48,WHOSIS_000001,2000,YEAR,954,WHOREGION,PUBLISHED,Life expectancy (at birth),Americas,TOTAL,74.0865499
90E2E48WHOSIS_000001,WHOSIS_000001,90E2E48,WHOSIS_000001,2002,YEAR,955,WHOREGION,PUBLISHED,Life expectancy (at birth),South-East Asia,FEMALE,66.40360972
90E2E48WHOSIS_000001,WHOSIS_000001,90E2E48,WHOSIS_000001,2002,YEAR,956,WHOREGION,PUBLISHED,Life expectancy (at birth),Europe,FEMALE,76.81475904
90E2E48WHOSIS_000001,WHOSIS_000001,90E2E48,WHOSIS_000001,2003,YEAR,524,COUNTRY,PUBLISHED,Life expectancy (at birth),Nepal,FEMALE,68.55585886
90E2E48WHOSIS_000001,WHOSIS_000001,90E2E48,WHOSIS_000001,2007,YEAR,300,COUNTRY,PUBLISHED,Life expectancy (at birth),Greece,FEMALE,81.98744643
90E2E48WHOSIS_000001,WHOSIS_000001,90E2E48,WHOSIS_000001,2002,YEAR,953,WHOREGION,PUBLISHED,Life expectancy (at birth),Africa,FEMALE,55.14091018
90E2E48WHOSIS_000001,WHOSIS_000001,90E2E48,WHOSIS_000001,2003,YEAR,554,COUNTRY,PUBLISHED,Life expectancy (at birth),New Zealand,FEMALE,81.15392201
90E2E48WHOSIS_000001,WHOSIS_000001,90E2E48,WHOSIS_000001,2003,YEAR,586,COUNTRY,PUBLISHED,Life expectancy (at birth),Pakistan,FEMALE,62.70431919
90E2E48WHOSIS_000001,WHOSIS_000001,90E2E48,WHOSIS_000001,2003,YEAR,578,COUNTRY,PUBLISHED,Life expectancy (at birth),Norway,FEMALE,81.736318
90E2E48WHOSIS_000001,WHOSIS_000001,90E2E48,WHOSIS_000001,2003,YEAR,604,COUNTRY,PUBLISHED,Life expectancy (at birth),Peru,FEMALE,77.68527692
90E2E48WHOSIS_000001,WHOSIS_000001,90E2E48,WHOSIS_000001,2003,YEAR,608,COUNTRY,PUBLISHED,Life expectancy (at birth),Philippines,FEMALE,73.89669701
90E2E48WHOSIS_000001,WHOSIS_000001,90E2E48,WHOSIS_000001,2004,YEAR,360,COUNTRY,PUBLISHED,Life expectancy (at birth),Indonesia,FEMALE,67.26919104
90E2E48WHOSIS_000001,WHOSIS_000001,90E2E48,WHOSIS_000001,2004,YEAR,364,COUNTRY,PUBLISHED,Life expectancy (at birth),Iran (Islamic Republic of),FEMALE,76.58466474
90E2E48WHOSIS_000001,WHOSIS_000001,90E2E48,WHOSIS_000001,2004,YEAR,368,COUNTRY,PUBLISHED,Life expectancy (at birth),Iraq,FEMALE,72.25801465
90E2E48WHOSIS_000001,WHOSIS_000001,90E2E48,WHOSIS_000001,2004,YEAR,372,COUNTRY,PUBLISHED,Life expectancy (at birth),Ireland,FEMALE,80.83405365
90E2E48WHOSIS_000001,WHOSIS_000001,90E2E48,WHOSIS_000001,2004,YEAR,352,COUNTRY,PUBLISHED,Life expectancy (at birth),Iceland,FEMALE,82.53340572
90E2E48WHOSIS_000001,WHOSIS_000001,90E2E48,WHOSIS_000001,2004,YEAR,356,COUNTRY,PUBLISHED,Life expectancy (at birth),India,FEMALE,66.57002271
90E2E48WHOSIS_000001,WHOSIS_000001,90E2E48,WHOSIS_000001,2004,YEAR,388,COUNTRY,PUBLISHED,Life expectancy (at birth),Jamaica,FEMALE,75.4615765
90E2E48WHOSIS_000001,WHOSIS_000001,90E2E48,WHOSIS_000001,2004,YEAR,392,COUNTRY,PUBLISHED,Life expectancy (at birth),Japan,FEMALE,85.58433875
90E2E48WHOSIS_000001,WHOSIS_000001,90E2E48,WHOSIS_000001,2004,YEAR,398,COUNTRY,PUBLISHED,Life expectancy (at birth),Kazakhstan,FEMALE,70.94850579
90E2E48WHOSIS_000001,WHOSIS_000001,90E2E48,WHOSIS_000001,2004,YEAR,376,COUNTRY,PUBLISHED,Life expectancy (at birth),Israel,FEMALE,81.64821693
90E2E48WHOSIS_000001,WHOSIS_000001,90E2E48,WHOSIS_000001,2004,YEAR,380,COUNTRY,PUBLISHED,Life expectancy (at birth),Italy,FEMALE,83.16206488
90E2E48WHOSIS_000001,WHOSIS_000001,90E2E48,WHOSIS_000001,2004,YEAR,410,COUNTRY,PUBLISHED,Life expectancy (at birth),Republic of Korea,FEMALE,81.21553003
90E2E48WHOSIS_000001,WHOSIS_000001,90E2E48,WHOSIS_000001,2004,YEAR,414,COUNTRY,PUBLISHED,Life expectancy (at birth),Kuwait,FEMALE,80.44381281
90E2E48WHOSIS_000001,WHOSIS_000001,90E2E48,WHOSIS_000001,2004,YEAR,400,COUNTRY,PUBLISHED,Life expectancy (at birth),Jordan,FEMALE,72.84277256
90E2E48WHOSIS_000001,WHOSIS_000001,90E2E48,WHOSIS_000001,2004,YEAR,404,COUNTRY,PUBLISHED,Life expectancy (at birth),Kenya,FEMALE,56.75644333
90E2E48WHOSIS_000001,WHOSIS_000001,90E2E48,WHOSIS_000001,2005,YEAR,144,COUNTRY,PUBLISHED,Life expectancy (at birth),Sri Lanka,FEMALE,77.77751081
90E2E48WHOSIS_000001,WHOSIS_000001,90E2E48,WHOSIS_000001,2005,YEAR,124,COUNTRY,PUBLISHED,Life expectancy (at birth),Canada,FEMALE,82.14647395
90E2E48WHOSIS_000001,WHOSIS_000001,90E2E48,WHOSIS_000001,2005,YEAR,170,COUNTRY,PUBLISHED,Life expectancy (at birth),Colombia,FEMALE,77.67130766
90E2E48WHOSIS_000001,WHOSIS_000001,90E2E48,WHOSIS_000001,2005,YEAR,156,COUNTRY,PUBLISHED,Life expectancy (at birth),China,FEMALE,75.18930435
90E2E48WHOSIS_000001,WHOSIS_000001,90E2E48,WHOSIS_000001,2005,YEAR,840,COUNTRY,PUBLISHED,Life expectancy (at birth),United States of America,FEMALE,79.70110312
90E2E48WHOSIS_000001,WHOSIS_000001,90E2E48,WHOSIS_000001,2005,YEAR,887,COUNTRY,PUBLISHED,Life expectancy (at birth),Yemen,FEMALE,67.35272777
90E2E48WHOSIS_000001,WHOSIS_000001,90E2E48,WHOSIS_000001,2005,YEAR,894,COUNTRY,PUBLISHED,Life expectancy (at birth),Zambia,FEMALE,51.68495787
90E2E48WHOSIS_000001,WHOSIS_000001,90E2E48,WHOSIS_000001,2009,YEAR,246,COUNTRY,PUBLISHED,Life expectancy (at birth),Finland,FEMALE,82.94463137
90E2E48WHOSIS_000001,WHOSIS_000001,90E2E48,WHOSIS_000001,2009,YEAR,250,COUNTRY,PUBLISHED,Life expectancy (at birth),France,FEMALE,84.16932329
90E2E48WHOSIS_000001,WHOSIS_000001,90E2E48,WHOSIS_000001,2009,YEAR,268,COUNTRY,PUBLISHED,Life expectancy (at birth),Georgia,FEMALE,75.57564885
90E2E48WHOSIS_000001,WHOSIS_000001,90E2E48,WHOSIS_000001,2009,YEAR,887,COUNTRY,PUBLISHED,Life expectancy (at birth),Yemen,FEMALE,69.258202
90E2E48WHOSIS_000001,WHOSIS_000001,90E2E48,WHOSIS_000001,2009,YEAR,894,COUNTRY,PUBLISHED,Life expectancy (at birth),Zambia,FEMALE,58.73390721
90E2E48WHOSIS_000001,WHOSIS_000001,90E2E48,WHOSIS_000001,2010,YEAR,268,COUNTRY,PUBLISHED,Life expectancy (at birth),Georgia,FEMALE,76.24122104
90E2E48WHOSIS_000001,WHOSIS_000001,90E2E48,WHOSIS_000001,2009,YEAR,276,COUNTRY,PUBLISHED,Life expectancy (at birth),Germany,FEMALE,82.37435335
90E2E48WHOSIS_000001,WHOSIS_000001,90E2E48,WHOSIS_000001,2010,YEAR,276,COUNTRY,PUBLISHED,Life expectancy (at birth),Germany,FEMALE,82.53707527
90E2E48WHOSIS_000001,WHOSIS_000001,90E2E48,WHOSIS_000001,2010,YEAR,300,COUNTRY,PUBLISHED,Life expectancy (at birth),Greece,FEMALE,82.60703108
90E2E48WHOSIS_000001,WHOSIS_000001,90E2E48,WHOSIS_000001,2010,YEAR,308,COUNTRY,PUBLISHED,Life expectancy (at birth),Grenada,FEMALE,75.87532802
90E2E48WHOSIS_000001,WHOSIS_000001,90E2E48,WHOSIS_000001,2010,YEAR,608,COUNTRY,PUBLISHED,Life expectancy (at birth),Philippines,FEMALE,74.18017107
90E2E48WHOSIS_000001,WHOSIS_000001,90E2E48,WHOSIS_000001,2010,YEAR,616,COUNTRY,PUBLISHED,Life expectancy (at birth),Poland,FEMALE,80.37225428
90E2E48WHOSIS_000001,WHOSIS_000001,90E2E48,WHOSIS_000001,2010,YEAR,620,COUNTRY,PUBLISHED,Life expectancy (at birth),Portugal,FEMALE,82.7370622
90E2E48WHOSIS_000001,WHOSIS_000001,90E2E48,WHOSIS_000001,2010,YEAR,642,COUNTRY,PUBLISHED,Life expectancy (at birth),Romania,FEMALE,77.42843816
90E2E48WHOSIS_000001,WHOSIS_000001,90E2E48,WHOSIS_000001,2010,YEAR,643,COUNTRY,PUBLISHED,Life expectancy (at birth),Russian Federation,FEMALE,74.76350378
90E2E48WHOSIS_000001,WHOSIS_000001,90E2E48,WHOSIS_000001,2010,YEAR,634,COUNTRY,PUBLISHED,Life expectancy (at birth),Qatar,FEMALE,75.45423419
90E2E48WHOSIS_000001,WHOSIS_000001,90E2E48,WHOSIS_000001,2010,YEAR,682,COUNTRY,PUBLISHED,Life expectancy (at birth),Saudi Arabia,FEMALE,76.27969522
90E2E48WHOSIS_000001,WHOSIS_000001,90E2E48,WHOSIS_000001,2010,YEAR,706,COUNTRY,PUBLISHED,Life expectancy (at birth),Somalia,FEMALE,52.16573886
90E2E48WHOSIS_000001,WHOSIS_000001,90E2E48,WHOSIS_000001,2010,YEAR,702,COUNTRY,PUBLISHED,Life expectancy (at birth),Singapore,FEMALE,84.03917885
90E2E48WHOSIS_000001,WHOSIS_000001,90E2E48,WHOSIS_000001,2010,YEAR,710,COUNTRY,PUBLISHED,Life expectancy (at birth),South Africa,FEMALE,59.1277523
90E2E48WHOSIS_000001,WHOSIS_000001,90E2E48,WHOSIS_000001,2010,YEAR,716,COUNTRY,PUBLISHED,Life expectancy (at birth),Zimbabwe,FEMALE,52.8027014
90E2E48WHOSIS_000001,WHOSIS_000001,90E2E48,WHOSIS_000001,2009,YEAR,434,COUNTRY,PUBLISHED,Life expectancy (at birth),Libya,FEMALE,75.59361924
90E2E48WHOSIS_000001,WHOSIS_000001,90E2E48,WHOSIS_000001,2009,YEAR,496,COUNTRY,PUBLISHED,Life expectancy (at birth),Mongolia,FEMALE,71.21197339
90E2E48WHOSIS_000001,WHOSIS_000001,90E2E48,WHOSIS_000001,2009,YEAR,480,COUNTRY,PUBLISHED,Life expectancy (at birth),Mauritius,FEMALE,76.68447664
90E2E48WHOSIS_000001,WHOSIS_000001,90E2E48,WHOSIS_000001,2009,YEAR,484,COUNTRY,PUBLISHED,Life expectancy (at birth),Mexico,FEMALE,77.74372449
90E2E48WHOSIS_000001,WHOSIS_000001,90E2E48,WHOSIS_000001,2010,YEAR,104,COUNTRY,PUBLISHED,Life expectancy (at birth),Myanmar,FEMALE,67.70088459
90E2E48WHOSIS_000001,WHOSIS_000001,90E2E48,WHOSIS_000001,2009,YEAR,524,COUNTRY,PUBLISHED,Life expectancy (at birth),Nepal,FEMALE,70.79298698
90E2E48WHOSIS_000001,WHOSIS_000001,90E2E48,WHOSIS_000001,2009,YEAR,512,COUNTRY,PUBLISHED,Life expectancy (at birth),Oman,FEMALE,77.24944291
90E2E48WHOSIS_000001,WHOSIS_000001,90E2E48,WHOSIS_000001,2010,YEAR,124,COUNTRY,PUBLISHED,Life expectancy (at birth),Canada,FEMALE,83.13679719
90E2E48WHOSIS_000001,WHOSIS_000001,90E2E48,WHOSIS_000001,2010,YEAR,156,COUNTRY,PUBLISHED,Life expectancy (at birth),China,FEMALE,77.71578806
90E2E48WHOSIS_000001,WHOSIS_000001,90E2E48,WHOSIS_000001,2010,YEAR,170,COUNTRY,PUBLISHED,Life expectancy (at birth),Colombia,FEMALE,78.99634235
90E2E48WHOSIS_000001,WHOSIS_000001,90E2E48,WHOSIS_000001,2010,YEAR,144,COUNTRY,PUBLISHED,Life expectancy (at birth),Sri Lanka,FEMALE,78.25157986
90E2E48WHOSIS_000001,WHOSIS_000001,90E2E48,WHOSIS_000001,2010,YEAR,512,COUNTRY,PUBLISHED,Life expectancy (at birth),Oman,FEMALE,76.89519259
90E2E48WHOSIS_000001,WHOSIS_000001,90E2E48,WHOSIS_000001,2010,YEAR,524,COUNTRY,PUBLISHED,Life expectancy (at birth),Nepal,FEMALE,71.01363497
90E2E48WHOSIS_000001,WHOSIS_000001,90E2E48,WHOSIS_000001,2010,YEAR,554,COUNTRY,PUBLISHED,Life expectancy (at birth),New Zealand,FEMALE,82.70546541
90E2E48WHOSIS_000001,WHOSIS_000001,90E2E48,WHOSIS_000001,2010,YEAR,578,COUNTRY,PUBLISHED,Life expectancy (at birth),Norway,FEMALE,82.84519452
90E2E48WHOSIS_000001,WHOSIS_000001,90E2E48,WHOSIS_000001,2010,YEAR,586,COUNTRY,PUBLISHED,Life expectancy (at birth),Pakistan,FEMALE,65.03586866
90E2E48WHOSIS_000001,WHOSIS_000001,90E2E48,WHOSIS_000001,2010,YEAR,818,COUNTRY,PUBLISHED,Life expectancy (at birth),Egypt,FEMALE,72.57219935
90E2E48WHOSIS_000001,WHOSIS_000001,90E2E48,WHOSIS_000001,2010,YEAR,48,COUNTRY,PUBLISHED,Life expectancy (at birth),Bahrain,FEMALE,74.93599048
90E2E48WHOSIS_000001,WHOSIS_000001,90E2E48,WHOSIS_000001,2010,YEAR,50,COUNTRY,PUBLISHED,Life expectancy (at birth),Bangladesh,FEMALE,71.87407866
90E2E48WHOSIS_000001,WHOSIS_000001,90E2E48,WHOSIS_000001,2010,YEAR,32,COUNTRY,PUBLISHED,Life expectancy (at birth),Argentina,FEMALE,78.94818571
90E2E48WHOSIS_000001,WHOSIS_000001,90E2E48,WHOSIS_000001,2010,YEAR,36,COUNTRY,PUBLISHED,Life expectancy (at birth),Australia,FEMALE,83.98553754
90E2E48WHOSIS_000001,WHOSIS_000001,90E2E48,WHOSIS_000001,2010,YEAR,434,COUNTRY,PUBLISHED,Life expectancy (at birth),Libya,FEMALE,75.47356457
90E2E48WHOSIS_000001,WHOSIS_000001,90E2E48,WHOSIS_000001,2010,YEAR,56,COUNTRY,PUBLISHED,Life expectancy (at birth),Belgium,FEMALE,82.37868743
90E2E48WHOSIS_000001,WHOSIS_000001,90E2E48,WHOSIS_000001,2010,YEAR,76,COUNTRY,PUBLISHED,Life expectancy (at birth),Brazil,FEMALE,77.42580069
90E2E48WHOSIS_000001,WHOSIS_000001,90E2E48,WHOSIS_000001,2009,YEAR,818,COUNTRY,PUBLISHED,Life expectancy (at birth),Egypt,FEMALE,72.57015221
90E2E48WHOSIS_000001,WHOSIS_000001,90E2E48,WHOSIS_000001,2009,YEAR,840,COUNTRY,PUBLISHED,Life expectancy (at birth),United States of America,FEMALE,80.6327396
90E2E48WHOSIS_000001,WHOSIS_000001,90E2E48,WHOSIS_000001,2009,YEAR,956,WHOREGION,PUBLISHED,Life expectancy (at birth),Europe,FEMALE,78.9360624
90E2E48WHOSIS_000001,WHOSIS_000001,90E2E48,WHOSIS_000001,2010,YEAR,4,COUNTRY,PUBLISHED,Life expectancy (at birth),Afghanistan,FEMALE,59.50593933
90E2E48WHOSIS_000001,WHOSIS_000001,90E2E48,WHOSIS_000001,2010,YEAR,250,COUNTRY,PUBLISHED,Life expectancy (at birth),France,FEMALE,84.34407168
90E2E48WHOSIS_000001,WHOSIS_000001,90E2E48,WHOSIS_000001,2009,YEAR,706,COUNTRY,PUBLISHED,Life expectancy (at birth),Somalia,FEMALE,53.17401553
90E2E48WHOSIS_000001,WHOSIS_000001,90E2E48,WHOSIS_000001,2009,YEAR,710,COUNTRY,PUBLISHED,Life expectancy (at birth),South Africa,FEMALE,57.15619057
90E2E48WHOSIS_000001,WHOSIS_000001,90E2E48,WHOSIS_000001,2009,YEAR,702,COUNTRY,PUBLISHED,Life expectancy (at birth),Singapore,FEMALE,83.82257476
90E2E48WHOSIS_000001,WHOSIS_000001,90E2E48,WHOSIS_000001,2009,YEAR,716,COUNTRY,PUBLISHED,Life expectancy (at birth),Zimbabwe,FEMALE,50.55505992
90E2E48WHOSIS_000001,WHOSIS_000001,90E2E48,WHOSIS_000001,2009,YEAR,724,COUNTRY,PUBLISHED,Life expectancy (at birth),Spain,FEMALE,84.24225394
90E2E48WHOSIS_000001,WHOSIS_000001,90E2E48,WHOSIS_000001,2009,YEAR,764,COUNTRY,PUBLISHED,Life expectancy (at birth),Thailand,FEMALE,78.2601812
90E2E48WHOSIS_000001,WHOSIS_000001,90E2E48,WHOSIS_000001,2009,YEAR,752,COUNTRY,PUBLISHED,Life expectancy (at birth),Sweden,FEMALE,83.01241991
90E2E48WHOSIS_000001,WHOSIS_000001,90E2E48,WHOSIS_000001,2009,YEAR,756,COUNTRY,PUBLISHED,Life expectancy (at birth),Switzerland,FEMALE,83.99413543
90E2E48WHOSIS_000001,WHOSIS_000001,90E2E48,WHOSIS_000001,2009,YEAR,784,COUNTRY,PUBLISHED,Life expectancy (at birth),United Arab Emirates,FEMALE,81.3813715
90E2E48WHOSIS_000001,WHOSIS_000001,90E2E48,WHOSIS_000001,2011,YEAR,32,COUNTRY,PUBLISHED,Life expectancy (at birth),Argentina,FEMALE,79.12360608
90E2E48WHOSIS_000001,WHOSIS_000001,90E2E48,WHOSIS_000001,2011,YEAR,36,COUNTRY,PUBLISHED,Life expectancy (at birth),Australia,FEMALE,83.95287933
90E2E48WHOSIS_000001,WHOSIS_000001,90E2E48,WHOSIS_000001,2011,YEAR,56,COUNTRY,PUBLISHED,Life expectancy (at birth),Belgium,FEMALE,82.60790846
90E2E48WHOSIS_000001,WHOSIS_000001,90E2E48,WHOSIS_000001,2011,YEAR,48,COUNTRY,PUBLISHED,Life expectancy (at birth),Bahrain,FEMALE,75.20535884
90E2E48WHOSIS_000001,WHOSIS_000001,90E2E48,WHOSIS_000001,2011,YEAR,50,COUNTRY,PUBLISHED,Life expectancy (at birth),Bangladesh,FEMALE,72.62301392
90E2E48WHOSIS_000001,WHOSIS_000001,90E2E48,WHOSIS_000001,2011,YEAR,76,COUNTRY,PUBLISHED,Life expectancy (at birth),Brazil,FEMALE,77.48026325
90E2E48WHOSIS_000001,WHOSIS_000001,90E2E48,WHOSIS_000001,2009,YEAR,578,COUNTRY,PUBLISHED,Life expectancy (at birth),Norway,FEMALE,82.81144641
90E2E48WHOSIS_000001,WHOSIS_000001,90E2E48,WHOSIS_000001,2011,YEAR,104,COUNTRY,PUBLISHED,Life expectancy (at birth),Myanmar,FEMALE,68.44593609
90E2E48WHOSIS_000001,WHOSIS_000001,90E2E48,WHOSIS_000001,2011,YEAR,124,COUNTRY,PUBLISHED,Life expectancy (at birth),Canada,FEMALE,83.29891643
90E2E48WHOSIS_000001,WHOSIS_000001,90E2E48,WHOSIS_000001,2009,YEAR,608,COUNTRY,PUBLISHED,Life expectancy (at birth),Philippines,FEMALE,73.92902664
90E2E48WHOSIS_000001,WHOSIS_000001,90E2E48,WHOSIS_000001,2009,YEAR,634,COUNTRY,PUBLISHED,Life expectancy (at birth),Qatar,FEMALE,74.82904328
90E2E48WHOSIS_000001,WHOSIS_000001,90E2E48,WHOSIS_000001,2009,YEAR,586,COUNTRY,PUBLISHED,Life expectancy (at birth),Pakistan,FEMALE,64.76992478
90E2E48WHOSIS_000001,WHOSIS_000001,90E2E48,WHOSIS_000001,2009,YEAR,604,COUNTRY,PUBLISHED,Life expectancy (at birth),Peru,FEMALE,79.65374994
90E2E48WHOSIS_000001,WHOSIS_000001,90E2E48,WHOSIS_000001,2009,YEAR,616,COUNTRY,PUBLISHED,Life expectancy (at birth),Poland,FEMALE,79.83176058
90E2E48WHOSIS_000001,WHOSIS_000001,90E2E48,WHOSIS_000001,2009,YEAR,620,COUNTRY,PUBLISHED,Life expectancy (at birth),Portugal,FEMALE,82.4050779
90E2E48WHOSIS_000001,WHOSIS_000001,90E2E48,WHOSIS_000001,2009,YEAR,642,COUNTRY,PUBLISHED,Life expectancy (at birth),Romania,FEMALE,77.23940345
90E2E48WHOSIS_000001,WHOSIS_000001,90E2E48,WHOSIS_000001,2009,YEAR,643,COUNTRY,PUBLISHED,Life expectancy (at birth),Russian Federation,FEMALE,74.57816785
90E2E48WHOSIS_000001,WHOSIS_000001,90E2E48,WHOSIS_000001,2009,YEAR,682,COUNTRY,PUBLISHED,Life expectancy (at birth),Saudi Arabia,FEMALE,75.2763385
90E2E48WHOSIS_000001,WHOSIS_000001,90E2E48,WHOSIS_000001,2010,YEAR,360,COUNTRY,PUBLISHED,Life expectancy (at birth),Indonesia,FEMALE,70.93250449
90E2E48WHOSIS_000001,WHOSIS_000001,90E2E48,WHOSIS_000001,2009,YEAR,953,WHOREGION,PUBLISHED,Life expectancy (at birth),Africa,FEMALE,60.39326064
90E2E48WHOSIS_000001,WHOSIS_000001,90E2E48,WHOSIS_000001,2000,YEAR,954,WHOREGION,PUBLISHED,Life expectancy (at birth),Americas,MALE,71.18059314
90E2E48WHOSIS_000001,WHOSIS_000001,90E2E48,WHOSIS_000001,2009,YEAR,955,WHOREGION,PUBLISHED,Life expectancy (at birth),South-East Asia,FEMALE,69.68765569
90E2E48WHOSIS_000001,WHOSIS_000001,90E2E48,WHOSIS_000001,2010,YEAR,352,COUNTRY,PUBLISHED,Life expectancy (at birth),Iceland,FEMALE,83.32115274
90E2E48WHOSIS_000001,WHOSIS_000001,90E2E48,WHOSIS_000001,2010,YEAR,356,COUNTRY,PUBLISHED,Life expectancy (at birth),India,FEMALE,69.3710049
90E2E48WHOSIS_000001,WHOSIS_000001,90E2E48,WHOSIS_000001,2010,YEAR,372,COUNTRY,PUBLISHED,Life expectancy (at birth),Ireland,FEMALE,82.64981229
90E2E48WHOSIS_000001,WHOSIS_000001,90E2E48,WHOSIS_000001,2010,YEAR,376,COUNTRY,PUBLISHED,Life expectancy (at birth),Israel,FEMALE,83.347597
90E2E48WHOSIS_000001,WHOSIS_000001,90E2E48,WHOSIS_000001,2010,YEAR,380,COUNTRY,PUBLISHED,Life expectancy (at birth),Italy,FEMALE,84.22011234
90E2E48WHOSIS_000001,WHOSIS_000001,90E2E48,WHOSIS_000001,2010,YEAR,364,COUNTRY,PUBLISHED,Life expectancy (at birth),Iran (Islamic Republic of),FEMALE,78.56991115
90E2E48WHOSIS_000001,WHOSIS_000001,90E2E48,WHOSIS_000001,2010,YEAR,368,COUNTRY,PUBLISHED,Life expectancy (at birth),Iraq,FEMALE,73.66727456
90E2E48WHOSIS_000001,WHOSIS_000001,90E2E48,WHOSIS_000001,2010,YEAR,398,COUNTRY,PUBLISHED,Life expectancy (at birth),Kazakhstan,FEMALE,73.38324249
90E2E48WHOSIS_000001,WHOSIS_000001,90E2E48,WHOSIS_000001,2010,YEAR,400,COUNTRY,PUBLISHED,Life expectancy (at birth),Jordan,FEMALE,77.03943714
90E2E48WHOSIS_000001,WHOSIS_000001,90E2E48,WHOSIS_000001,2010,YEAR,404,COUNTRY,PUBLISHED,Life expectancy (at birth),Kenya,FEMALE,63.13132468
90E2E48WHOSIS_000001,WHOSIS_000001,90E2E48,WHOSIS_000001,2010,YEAR,388,COUNTRY,PUBLISHED,Life expectancy (at birth),Jamaica,FEMALE,76.06058716
90E2E48WHOSIS_000001,WHOSIS_000001,90E2E48,WHOSIS_000001,2010,YEAR,392,COUNTRY,PUBLISHED,Life expectancy (at birth),Japan,FEMALE,86.17651221
90E2E48WHOSIS_000001,WHOSIS_000001,90E2E48,WHOSIS_000001,2010,YEAR,724,COUNTRY,PUBLISHED,Life expectancy (at birth),Spain,FEMALE,84.58427198
90E2E48WHOSIS_000001,WHOSIS_000001,90E2E48,WHOSIS_000001,2010,YEAR,410,COUNTRY,PUBLISHED,Life expectancy (at birth),Republic of Korea,FEMALE,83.76154295
90E2E48WHOSIS_000001,WHOSIS_000001,90E2E48,WHOSIS_000001,2010,YEAR,414,COUNTRY,PUBLISHED,Life expectancy (at birth),Kuwait,FEMALE,82.41362785
90E2E48WHOSIS_000001,WHOSIS_000001,90E2E48,WHOSIS_000001,2010,YEAR,784,COUNTRY,PUBLISHED,Life expectancy (at birth),United Arab Emirates,FEMALE,81.18726159
90E2E48WHOSIS_000001,WHOSIS_000001,90E2E48,WHOSIS_000001,2010,YEAR,752,COUNTRY,PUBLISHED,Life expectancy (at birth),Sweden,FEMALE,83.14946396
90E2E48WHOSIS_000001,WHOSIS_000001,90E2E48,WHOSIS_000001,2010,YEAR,756,COUNTRY,PUBLISHED,Life expectancy (at birth),Switzerland,FEMALE,84.18307192
90E2E48WHOSIS_000001,WHOSIS_000001,90E2E48,WHOSIS_000001,2010,YEAR,764,COUNTRY,PUBLISHED,Life expectancy (at birth),Thailand,FEMALE,78.52357866
90E2E48WHOSIS_000001,WHOSIS_000001,90E2E48,WHOSIS_000001,2016,YEAR,4,COUNTRY,PUBLISHED,Life expectancy (at birth),Afghanistan,FEMALE,61.72904065
90E2E48WHOSIS_000001,WHOSIS_000001,90E2E48,WHOSIS_000001,2016,YEAR,76,COUNTRY,PUBLISHED,Life expectancy (at birth),Brazil,FEMALE,78.07058788
90E2E48WHOSIS_000001,WHOSIS_000001,90E2E48,WHOSIS_000001,2015,YEAR,524,COUNTRY,PUBLISHED,Life expectancy (at birth),Nepal,FEMALE,71.38526632
90E2E48WHOSIS_000001,WHOSIS_000001,90E2E48,WHOSIS_000001,2015,YEAR,554,COUNTRY,PUBLISHED,Life expectancy (at birth),New Zealand,FEMALE,82.85067007
90E2E48WHOSIS_000001,WHOSIS_000001,90E2E48,WHOSIS_000001,2015,YEAR,956,WHOREGION,PUBLISHED,Life expectancy (at birth),Europe,FEMALE,80.24968729
90E2E48WHOSIS_000001,WHOSIS_000001,90E2E48,WHOSIS_000001,2016,YEAR,104,COUNTRY,PUBLISHED,Life expectancy (at birth),Myanmar,FEMALE,71.11629803
90E2E48WHOSIS_000001,WHOSIS_000001,90E2E48,WHOSIS_000001,2016,YEAR,434,COUNTRY,PUBLISHED,Life expectancy (at birth),Libya,FEMALE,75.17967953
90E2E48WHOSIS_000001,WHOSIS_000001,90E2E48,WHOSIS_000001,2016,YEAR,124,COUNTRY,PUBLISHED,Life expectancy (at birth),Canada,FEMALE,83.58934542
90E2E48WHOSIS_000001,WHOSIS_000001,90E2E48,WHOSIS_000001,2016,YEAR,608,COUNTRY,PUBLISHED,Life expectancy (at birth),Philippines,FEMALE,73.30823759
90E2E48WHOSIS_000001,WHOSIS_000001,90E2E48,WHOSIS_000001,2016,YEAR,616,COUNTRY,PUBLISHED,Life expectancy (at birth),Poland,FEMALE,81.56120761
90E2E48WHOSIS_000001,WHOSIS_000001,90E2E48,WHOSIS_000001,2016,YEAR,620,COUNTRY,PUBLISHED,Life expectancy (at birth),Portugal,FEMALE,83.77159778
90E2E48WHOSIS_000001,WHOSIS_000001,90E2E48,WHOSIS_000001,2016,YEAR,634,COUNTRY,PUBLISHED,Life expectancy (at birth),Qatar,FEMALE,79.20606863
90E2E48WHOSIS_000001,WHOSIS_000001,90E2E48,WHOSIS_000001,2016,YEAR,642,COUNTRY,PUBLISHED,Life expectancy (at birth),Romania,FEMALE,78.74772283
90E2E48WHOSIS_000001,WHOSIS_000001,90E2E48,WHOSIS_000001,2014,YEAR,246,COUNTRY,PUBLISHED,Life expectancy (at birth),Finland,FEMALE,83.59062081
90E2E48WHOSIS_000001,WHOSIS_000001,90E2E48,WHOSIS_000001,2014,YEAR,250,COUNTRY,PUBLISHED,Life expectancy (at birth),France,FEMALE,85.06346999
90E2E48WHOSIS_000001,WHOSIS_000001,90E2E48,WHOSIS_000001,2014,YEAR,276,COUNTRY,PUBLISHED,Life expectancy (at birth),Germany,FEMALE,83.06525112
90E2E48WHOSIS_000001,WHOSIS_000001,90E2E48,WHOSIS_000001,2014,YEAR,268,COUNTRY,PUBLISHED,Life expectancy (at birth),Georgia,FEMALE,76.98405843
90E2E48WHOSIS_000001,WHOSIS_000001,90E2E48,WHOSIS_000001,2014,YEAR,300,COUNTRY,PUBLISHED,Life expectancy (at birth),Greece,FEMALE,83.14597251
90E2E48WHOSIS_000001,WHOSIS_000001,90E2E48,WHOSIS_000001,2014,YEAR,308,COUNTRY,PUBLISHED,Life expectancy (at birth),Grenada,FEMALE,75.52627815
90E2E48WHOSIS_000001,WHOSIS_000001,90E2E48,WHOSIS_000001,2014,YEAR,352,COUNTRY,PUBLISHED,Life expectancy (at birth),Iceland,FEMALE,83.51930415
90E2E48WHOSIS_000001,WHOSIS_000001,90E2E48,WHOSIS_000001,2014,YEAR,953,WHOREGION,PUBLISHED,Life expectancy (at birth),Africa,FEMALE,63.88296651
90E2E48WHOSIS_000001,WHOSIS_000001,90E2E48,WHOSIS_000001,2014,YEAR,956,WHOREGION,PUBLISHED,Life expectancy (at birth),Europe,FEMALE,80.22973148
90E2E48WHOSIS_000001,WHOSIS_000001,90E2E48,WHOSIS_000001,2001,YEAR,954,WHOREGION,PUBLISHED,Life expectancy (at birth),Americas,MALE,71.42980273
90E2E48WHOSIS_000001,WHOSIS_000001,90E2E48,WHOSIS_000001,2014,YEAR,955,WHOREGION,PUBLISHED,Life expectancy (at birth),South-East Asia,FEMALE,71.58713608
90E2E48WHOSIS_000001,WHOSIS_000001,90E2E48,WHOSIS_000001,2015,YEAR,4,COUNTRY,PUBLISHED,Life expectancy (at birth),Afghanistan,FEMALE,61.49359656
90E2E48WHOSIS_000001,WHOSIS_000001,90E2E48,WHOSIS_000001,2015,YEAR,32,COUNTRY,PUBLISHED,Life expectancy (at birth),Argentina,FEMALE,79.64282914
90E2E48WHOSIS_000001,WHOSIS_000001,90E2E48,WHOSIS_000001,2015,YEAR,36,COUNTRY,PUBLISHED,Life expectancy (at birth),Australia,FEMALE,84.16784956
90E2E48WHOSIS_000001,WHOSIS_000001,90E2E48,WHOSIS_000001,2015,YEAR,48,COUNTRY,PUBLISHED,Life expectancy (at birth),Bahrain,FEMALE,76.53590485
90E2E48WHOSIS_000001,WHOSIS_000001,90E2E48,WHOSIS_000001,2015,YEAR,50,COUNTRY,PUBLISHED,Life expectancy (at birth),Bangladesh,FEMALE,74.34652618
90E2E48WHOSIS_000001,WHOSIS_000001,90E2E48,WHOSIS_000001,2015,YEAR,56,COUNTRY,PUBLISHED,Life expectancy (at birth),Belgium,FEMALE,82.86409019
90E2E48WHOSIS_000001,WHOSIS_000001,90E2E48,WHOSIS_000001,2015,YEAR,144,COUNTRY,PUBLISHED,Life expectancy (at birth),Sri Lanka,FEMALE,79.52421201
90E2E48WHOSIS_000001,WHOSIS_000001,90E2E48,WHOSIS_000001,2015,YEAR,156,COUNTRY,PUBLISHED,Life expectancy (at birth),China,FEMALE,79.76158119
90E2E48WHOSIS_000001,WHOSIS_000001,90E2E48,WHOSIS_000001,2015,YEAR,76,COUNTRY,PUBLISHED,Life expectancy (at birth),Brazil,FEMALE,78.14284375
90E2E48WHOSIS_000001,WHOSIS_000001,90E2E48,WHOSIS_000001,2015,YEAR,170,COUNTRY,PUBLISHED,Life expectancy (at birth),Colombia,FEMALE,79.9885466
90E2E48WHOSIS_000001,WHOSIS_000001,90E2E48,WHOSIS_000001,2016,YEAR,32,COUNTRY,PUBLISHED,Life expectancy (at birth),Argentina,FEMALE,79.18744687
90E2E48WHOSIS_000001,WHOSIS_000001,90E2E48,WHOSIS_000001,2016,YEAR,36,COUNTRY,PUBLISHED,Life expectancy (at birth),Australia,FEMALE,84.49586316
90E2E48WHOSIS_000001,WHOSIS_000001,90E2E48,WHOSIS_000001,2016,YEAR,56,COUNTRY,PUBLISHED,Life expectancy (at birth),Belgium,FEMALE,83.3917427
90E2E48WHOSIS_000001,WHOSIS_000001,90E2E48,WHOSIS_000001,2016,YEAR,48,COUNTRY,PUBLISHED,Life expectancy (at birth),Bahrain,FEMALE,76.49846405
90E2E48WHOSIS_000001,WHOSIS_000001,90E2E48,WHOSIS_000001,2016,YEAR,50,COUNTRY,PUBLISHED,Life expectancy (at birth),Bangladesh,FEMALE,74.6002018
90E2E48WHOSIS_000001,WHOSIS_000001,90E2E48,WHOSIS_000001,2014,YEAR,818,COUNTRY,PUBLISHED,Life expectancy (at birth),Egypt,FEMALE,73.23859714
90E2E48WHOSIS_000001,WHOSIS_000001,90E2E48,WHOSIS_000001,2015,YEAR,706,COUNTRY,PUBLISHED,Life expectancy (at birth),Somalia,FEMALE,56.00187691
90E2E48WHOSIS_000001,WHOSIS_000001,90E2E48,WHOSIS_000001,2014,YEAR,840,COUNTRY,PUBLISHED,Life expectancy (at birth),United States of America,FEMALE,80.92687575
90E2E48WHOSIS_000001,WHOSIS_000001,90E2E48,WHOSIS_000001,2015,YEAR,710,COUNTRY,PUBLISHED,Life expectancy (at birth),South Africa,FEMALE,66.18019087
90E2E48WHOSIS_000001,WHOSIS_000001,90E2E48,WHOSIS_000001,2015,YEAR,756,COUNTRY,PUBLISHED,Life expectancy (at birth),Switzerland,FEMALE,84.49934449
90E2E48WHOSIS_000001,WHOSIS_000001,90E2E48,WHOSIS_000001,2015,YEAR,764,COUNTRY,PUBLISHED,Life expectancy (at birth),Thailand,FEMALE,80.42651024
90E2E48WHOSIS_000001,WHOSIS_000001,90E2E48,WHOSIS_000001,2015,YEAR,716,COUNTRY,PUBLISHED,Life expectancy (at birth),Zimbabwe,FEMALE,59.35619286
90E2E48WHOSIS_000001,WHOSIS_000001,90E2E48,WHOSIS_000001,2015,YEAR,724,COUNTRY,PUBLISHED,Life expectancy (at birth),Spain,FEMALE,84.93946501
90E2E48WHOSIS_000001,WHOSIS_000001,90E2E48,WHOSIS_000001,2015,YEAR,752,COUNTRY,PUBLISHED,Life expectancy (at birth),Sweden,FEMALE,83.49809484
90E2E48WHOSIS_000001,WHOSIS_000001,90E2E48,WHOSIS_000001,2015,YEAR,784,COUNTRY,PUBLISHED,Life expectancy (at birth),United Arab Emirates,FEMALE,81.49214227
90E2E48WHOSIS_000001,WHOSIS_000001,90E2E48,WHOSIS_000001,2015,YEAR,818,COUNTRY,PUBLISHED,Life expectancy (at birth),Egypt,FEMALE,72.7097886
90E2E48WHOSIS_000001,WHOSIS_000001,90E2E48,WHOSIS_000001,2016,YEAR,276,COUNTRY,PUBLISHED,Life expectancy (at birth),Germany,FEMALE,82.99511864
90E2E48WHOSIS_000001,WHOSIS_000001,90E2E48,WHOSIS_000001,2016,YEAR,300,COUNTRY,PUBLISHED,Life expectancy (at birth),Greece,FEMALE,82.90991921
90E2E48WHOSIS_000001,WHOSIS_000001,90E2E48,WHOSIS_000001,2016,YEAR,308,COUNTRY,PUBLISHED,Life expectancy (at birth),Grenada,FEMALE,75.34926635
90E2E48WHOSIS_000001,WHOSIS_000001,90E2E48,WHOSIS_000001,2016,YEAR,524,COUNTRY,PUBLISHED,Life expectancy (at birth),Nepal,FEMALE,72.36361653
90E2E48WHOSIS_000001,WHOSIS_000001,90E2E48,WHOSIS_000001,2016,YEAR,512,COUNTRY,PUBLISHED,Life expectancy (at birth),Oman,FEMALE,77.45604703
90E2E48WHOSIS_000001,WHOSIS_000001,90E2E48,WHOSIS_000001,2014,YEAR,784,COUNTRY,PUBLISHED,Life expectancy (at birth),United Arab Emirates,FEMALE,81.37618421
90E2E48WHOSIS_000001,WHOSIS_000001,90E2E48,WHOSIS_000001,2016,YEAR,554,COUNTRY,PUBLISHED,Life expectancy (at birth),New Zealand,FEMALE,83.31287316
90E2E48WHOSIS_000001,WHOSIS_000001,90E2E48,WHOSIS_000001,2014,YEAR,50,COUNTRY,PUBLISHED,Life expectancy (at birth),Bangladesh,FEMALE,74.00528111
90E2E48WHOSIS_000001,WHOSIS_000001,90E2E48,WHOSIS_000001,2016,YEAR,192,COUNTRY,PUBLISHED,Life expectancy (at birth),Cuba,FEMALE,80.44307494
90E2E48WHOSIS_000001,WHOSIS_000001,90E2E48,WHOSIS_000001,2015,YEAR,124,COUNTRY,PUBLISHED,Life expectancy (at birth),Canada,FEMALE,83.4800047
90E2E48WHOSIS_000001,WHOSIS_000001,90E2E48,WHOSIS_000001,2016,YEAR,246,COUNTRY,PUBLISHED,Life expectancy (at birth),Finland,FEMALE,83.8236522
90E2E48WHOSIS_000001,WHOSIS_000001,90E2E48,WHOSIS_000001,2016,YEAR,250,COUNTRY,PUBLISHED,Life expectancy (at birth),France,FEMALE,84.89377441
90E2E48WHOSIS_000001,WHOSIS_000001,90E2E48,WHOSIS_000001,2016,YEAR,268,COUNTRY,PUBLISHED,Life expectancy (at birth),Georgia,FEMALE,77.22910417
90E2E48WHOSIS_000001,WHOSIS_000001,90E2E48,WHOSIS_000001,2014,YEAR,608,COUNTRY,PUBLISHED,Life expectancy (at birth),Philippines,FEMALE,74.07172111
90E2E48WHOSIS_000001,WHOSIS_000001,90E2E48,WHOSIS_000001,2015,YEAR,410,COUNTRY,PUBLISHED,Life expectancy (at birth),Republic of Korea,FEMALE,85.38126798
90E2E48WHOSIS_000001,WHOSIS_000001,90E2E48,WHOSIS_000001,2015,YEAR,414,COUNTRY,PUBLISHED,Life expectancy (at birth),Kuwait,FEMALE,84.89554392
90E2E48WHOSIS_000001,WHOSIS_000001,90E2E48,WHOSIS_000001,2014,YEAR,616,COUNTRY,PUBLISHED,Life expectancy (at birth),Poland,FEMALE,81.29088119
90E2E48WHOSIS_000001,WHOSIS_000001,90E2E48,WHOSIS_000001,2014,YEAR,620,COUNTRY,PUBLISHED,Life expectancy (at birth),Portugal,FEMALE,83.85616759
90E2E48WHOSIS_000001,WHOSIS_000001,90E2E48,WHOSIS_000001,2015,YEAR,398,COUNTRY,PUBLISHED,Life expectancy (at birth),Kazakhstan,FEMALE,76.21313658
90E2E48WHOSIS_000001,WHOSIS_000001,90E2E48,WHOSIS_000001,2015,YEAR,400,COUNTRY,PUBLISHED,Life expectancy (at birth),Jordan,FEMALE,78.98944897
90E2E48WHOSIS_000001,WHOSIS_000001,90E2E48,WHOSIS_000001,2015,YEAR,404,COUNTRY,PUBLISHED,Life expectancy (at birth),Kenya,FEMALE,66.7976816
90E2E48WHOSIS_000001,WHOSIS_000001,90E2E48,WHOSIS_000001,2014,YEAR,604,COUNTRY,PUBLISHED,Life expectancy (at birth),Peru,FEMALE,81.5142659
90E2E48WHOSIS_000001,WHOSIS_000001,90E2E48,WHOSIS_000001,2016,YEAR,144,COUNTRY,PUBLISHED,Life expectancy (at birth),Sri Lanka,FEMALE,79.73513931
90E2E48WHOSIS_000001,WHOSIS_000001,90E2E48,WHOSIS_000001,2015,YEAR,434,COUNTRY,PUBLISHED,Life expectancy (at birth),Libya,FEMALE,75.26455363
90E2E48WHOSIS_000001,WHOSIS_000001,90E2E48,WHOSIS_000001,2014,YEAR,752,COUNTRY,PUBLISHED,Life expectancy (at birth),Sweden,FEMALE,83.63062684
90E2E48WHOSIS_000001,WHOSIS_000001,90E2E48,WHOSIS_000001,2014,YEAR,764,COUNTRY,PUBLISHED,Life expectancy (at birth),Thailand,FEMALE,80.16372399
90E2E48WHOSIS_000001,WHOSIS_000001,90E2E48,WHOSIS_000001,2015,YEAR,268,COUNTRY,PUBLISHED,Life expectancy (at birth),Georgia,FEMALE,77.24960776
90E2E48WHOSIS_000001,WHOSIS_000001,90E2E48,WHOSIS_000001,2014,YEAR,756,COUNTRY,PUBLISHED,Life expectancy (at birth),Switzerland,FEMALE,84.73248728
90E2E48WHOSIS_000001,WHOSIS_000001,90E2E48,WHOSIS_000001,2016,YEAR,156,COUNTRY,PUBLISHED,Life expectancy (at birth),China,FEMALE,79.94363394
90E2E48WHOSIS_000001,WHOSIS_000001,90E2E48,WHOSIS_000001,2016,YEAR,170,COUNTRY,PUBLISHED,Life expectancy (at birth),Colombia,FEMALE,80.26122738
90E2E48WHOSIS_000001,WHOSIS_000001,90E2E48,WHOSIS_000001,2015,YEAR,276,COUNTRY,PUBLISHED,Life expectancy (at birth),Germany,FEMALE,82.71380523
90E2E48WHOSIS_000001,WHOSIS_000001,90E2E48,WHOSIS_000001,2015,YEAR,300,COUNTRY,PUBLISHED,Life expectancy (at birth),Greece,FEMALE,82.70012722
90E2E48WHOSIS_000001,WHOSIS_000001,90E2E48,WHOSIS_000001,2015,YEAR,352,COUNTRY,PUBLISHED,Life expectancy (at birth),Iceland,FEMALE,83.57659353
90E2E48WHOSIS_000001,WHOSIS_000001,90E2E48,WHOSIS_000001,2015,YEAR,356,COUNTRY,PUBLISHED,Life expectancy (at birth),India,FEMALE,70.98996255
90E2E48WHOSIS_000001,WHOSIS_000001,90E2E48,WHOSIS_000001,2015,YEAR,360,COUNTRY,PUBLISHED,Life expectancy (at birth),Indonesia,FEMALE,72.32140189
90E2E48WHOSIS_000001,WHOSIS_000001,90E2E48,WHOSIS_000001,2015,YEAR,364,COUNTRY,PUBLISHED,Life expectancy (at birth),Iran (Islamic Republic of),FEMALE,78.97208316
90E2E48WHOSIS_000001,WHOSIS_000001,90E2E48,WHOSIS_000001,2015,YEAR,368,COUNTRY,PUBLISHED,Life expectancy (at birth),Iraq,FEMALE,74.49758764
90E2E48WHOSIS_000001,WHOSIS_000001,90E2E48,WHOSIS_000001,2015,YEAR,308,COUNTRY,PUBLISHED,Life expectancy (at birth),Grenada,FEMALE,75.56605558
90E2E48WHOSIS_000001,WHOSIS_000001,90E2E48,WHOSIS_000001,2015,YEAR,376,COUNTRY,PUBLISHED,Life expectancy (at birth),Israel,FEMALE,83.78561922
90E2E48WHOSIS_000001,WHOSIS_000001,90E2E48,WHOSIS_000001,2015,YEAR,578,COUNTRY,PUBLISHED,Life expectancy (at birth),Norway,FEMALE,83.6746066
90E2E48WHOSIS_000001,WHOSIS_000001,90E2E48,WHOSIS_000001,2015,YEAR,586,COUNTRY,PUBLISHED,Life expectancy (at birth),Pakistan,FEMALE,66.5392574
90E2E48WHOSIS_000001,WHOSIS_000001,90E2E48,WHOSIS_000001,2015,YEAR,380,COUNTRY,PUBLISHED,Life expectancy (at birth),Italy,FEMALE,84.25877562
90E2E48WHOSIS_000001,WHOSIS_000001,90E2E48,WHOSIS_000001,2015,YEAR,388,COUNTRY,PUBLISHED,Life expectancy (at birth),Jamaica,FEMALE,75.00771057
90E2E48WHOSIS_000001,WHOSIS_000001,90E2E48,WHOSIS_000001,2015,YEAR,392,COUNTRY,PUBLISHED,Life expectancy (at birth),Japan,FEMALE,86.79946601
90E2E48WHOSIS_000001,WHOSIS_000001,90E2E48,WHOSIS_000001,2015,YEAR,372,COUNTRY,PUBLISHED,Life expectancy (at birth),Ireland,FEMALE,82.9131089
90E2E48WHOSIS_000001,WHOSIS_000001,90E2E48,WHOSIS_000001,2015,YEAR,634,COUNTRY,PUBLISHED,Life expectancy (at birth),Qatar,FEMALE,78.8389633
90E2E48WHOSIS_000001,WHOSIS_000001,90E2E48,WHOSIS_000001,2015,YEAR,642,COUNTRY,PUBLISHED,Life expectancy (at birth),Romania,FEMALE,78.49165481
90E2E48WHOSIS_000001,WHOSIS_000001,90E2E48,WHOSIS_000001,2015,YEAR,643,COUNTRY,PUBLISHED,Life expectancy (at birth),Russian Federation,FEMALE,76.61217977
90E2E48WHOSIS_000001,WHOSIS_000001,90E2E48,WHOSIS_000001,2015,YEAR,604,COUNTRY,PUBLISHED,Life expectancy (at birth),Peru,FEMALE,81.94680531
90E2E48WHOSIS_000001,WHOSIS_000001,90E2E48,WHOSIS_000001,2015,YEAR,608,COUNTRY,PUBLISHED,Life expectancy (at birth),Philippines,FEMALE,73.67784575
90E2E48WHOSIS_000001,WHOSIS_000001,90E2E48,WHOSIS_000001,2015,YEAR,616,COUNTRY,PUBLISHED,Life expectancy (at birth),Poland,FEMALE,81.14751452
90E2E48WHOSIS_000001,WHOSIS_000001,90E2E48,WHOSIS_000001,2015,YEAR,620,COUNTRY,PUBLISHED,Life expectancy (at birth),Portugal,FEMALE,83.66558927
90E2E48WHOSIS_000001,WHOSIS_000001,90E2E48,WHOSIS_000001,2015,YEAR,682,COUNTRY,PUBLISHED,Life expectancy (at birth),Saudi Arabia,FEMALE,77.83831259
90E2E48WHOSIS_000001,WHOSIS_000001,90E2E48,WHOSIS_000001,2015,YEAR,702,COUNTRY,PUBLISHED,Life expectancy (at birth),Singapore,FEMALE,84.92018489
90E2E48WHOSIS_000001,WHOSIS_000001,90E2E48,WHOSIS_000001,2016,YEAR,480,COUNTRY,PUBLISHED,Life expectancy (at birth),Mauritius,FEMALE,77.47914168
90E2E48WHOSIS_000001,WHOSIS_000001,90E2E48,WHOSIS_000001,2016,YEAR,764,COUNTRY,PUBLISHED,Life expectancy (at birth),Thailand,FEMALE,80.52110674
90E2E48WHOSIS_000001,WHOSIS_000001,90E2E48,WHOSIS_000001,2016,YEAR,484,COUNTRY,PUBLISHED,Life expectancy (at birth),Mexico,FEMALE,78.52452539
90E2E48WHOSIS_000001,WHOSIS_000001,90E2E48,WHOSIS_000001,2016,YEAR,496,COUNTRY,PUBLISHED,Life expectancy (at birth),Mongolia,FEMALE,73.98850966
90E2E48WHOSIS_000001,WHOSIS_000001,90E2E48,WHOSIS_000001,2014,YEAR,682,COUNTRY,PUBLISHED,Life expectancy (at birth),Saudi Arabia,FEMALE,78.29621801
90E2E48WHOSIS_000001,WHOSIS_000001,90E2E48,WHOSIS_000001,2016,YEAR,784,COUNTRY,PUBLISHED,Life expectancy (at birth),United Arab Emirates,FEMALE,81.62649278
90E2E48WHOSIS_000001,WHOSIS_000001,90E2E48,WHOSIS_000001,2014,YEAR,702,COUNTRY,PUBLISHED,Life expectancy (at birth),Singapore,FEMALE,84.7072633
90E2E48WHOSIS_000001,WHOSIS_000001,90E2E48,WHOSIS_000001,2014,YEAR,706,COUNTRY,PUBLISHED,Life expectancy (at birth),Somalia,FEMALE,55.55978648
90E2E48WHOSIS_000001,WHOSIS_000001,90E2E48,WHOSIS_000001,2014,YEAR,710,COUNTRY,PUBLISHED,Life expectancy (at birth),South Africa,FEMALE,65.6524743
90E2E48WHOSIS_000001,WHOSIS_000001,90E2E48,WHOSIS_000001,2014,YEAR,716,COUNTRY,PUBLISHED,Life expectancy (at birth),Zimbabwe,FEMALE,58.88913939
90E2E48WHOSIS_000001,WHOSIS_000001,90E2E48,WHOSIS_000001,2014,YEAR,724,COUNTRY,PUBLISHED,Life expectancy (at birth),Spain,FEMALE,85.21380126
90E2E48WHOSIS_000001,WHOSIS_000001,90E2E48,WHOSIS_000001,2015,YEAR,250,COUNTRY,PUBLISHED,Life expectancy (at birth),France,FEMALE,84.71993232
90E2E48WHOSIS_000001,WHOSIS_000001,90E2E48,WHOSIS_000001,2016,YEAR,643,COUNTRY,PUBLISHED,Life expectancy (at birth),Russian Federation,FEMALE,76.8136795
90E2E48WHOSIS_000001,WHOSIS_000001,90E2E48,WHOSIS_000001,2015,YEAR,246,COUNTRY,PUBLISHED,Life expectancy (at birth),Finland,FEMALE,83.86458033
90E2E48WHOSIS_000001,WHOSIS_000001,90E2E48,WHOSIS_000001,2016,YEAR,682,COUNTRY,PUBLISHED,Life expectancy (at birth),Saudi Arabia,FEMALE,77.43942824
90E2E48WHOSIS_000001,WHOSIS_000001,90E2E48,WHOSIS_000001,2016,YEAR,702,COUNTRY,PUBLISHED,Life expectancy (at birth),Singapore,FEMALE,85.39855214
90E2E48WHOSIS_000001,WHOSIS_000001,90E2E48,WHOSIS_000001,2016,YEAR,710,COUNTRY,PUBLISHED,Life expectancy (at birth),South Africa,FEMALE,66.86400866
90E2E48WHOSIS_000001,WHOSIS_000001,90E2E48,WHOSIS_000001,2016,YEAR,716,COUNTRY,PUBLISHED,Life expectancy (at birth),Zimbabwe,FEMALE,59.84749865
90E2E48WHOSIS_000001,WHOSIS_000001,90E2E48,WHOSIS_000001,2016,YEAR,724,COUNTRY,PUBLISHED,Life expectancy (at birth),Spain,FEMALE,85.35675646
90E2E48WHOSIS_000001,WHOSIS_000001,90E2E48,WHOSIS_000001,2016,YEAR,706,COUNTRY,PUBLISHED,Life expectancy (at birth),Somalia,FEMALE,56.44009449
90E2E48WHOSIS_000001,WHOSIS_000001,90E2E48,WHOSIS_000001,2016,YEAR,752,COUNTRY,PUBLISHED,Life expectancy (at birth),Sweden,FEMALE,83.63114184
90E2E48WHOSIS_000001,WHOSIS_000001,90E2E48,WHOSIS_000001,2017,YEAR,192,COUNTRY,PUBLISHED,Life expectancy (at birth),Cuba,FEMALE,79.99965605
90E2E48WHOSIS_000001,WHOSIS_000001,90E2E48,WHOSIS_000001,2016,YEAR,756,COUNTRY,PUBLISHED,Life expectancy (at birth),Switzerland,FEMALE,84.81955477
90E2E48WHOSIS_000001,WHOSIS_000001,90E2E48,WHOSIS_000001,2017,YEAR,268,COUNTRY,PUBLISHED,Life expectancy (at birth),Georgia,FEMALE,78.01528305
90E2E48WHOSIS_000001,WHOSIS_000001,90E2E48,WHOSIS_000001,2017,YEAR,246,COUNTRY,PUBLISHED,Life expectancy (at birth),Finland,FEMALE,83.92285302
90E2E48WHOSIS_000001,WHOSIS_000001,90E2E48,WHOSIS_000001,2017,YEAR,250,COUNTRY,PUBLISHED,Life expectancy (at birth),France,FEMALE,84.80918283
90E2E48WHOSIS_000001,WHOSIS_000001,90E2E48,WHOSIS_000001,2017,YEAR,300,COUNTRY,PUBLISHED,Life expectancy (at birth),Greece,FEMALE,82.86155149
90E2E48WHOSIS_000001,WHOSIS_000001,90E2E48,WHOSIS_000001,2017,YEAR,752,COUNTRY,PUBLISHED,Life expectancy (at birth),Sweden,FEMALE,83.64353349
90E2E48WHOSIS_000001,WHOSIS_000001,90E2E48,WHOSIS_000001,2017,YEAR,276,COUNTRY,PUBLISHED,Life expectancy (at birth),Germany,FEMALE,82.97260801
90E2E48WHOSIS_000001,WHOSIS_000001,90E2E48,WHOSIS_000001,2017,YEAR,840,COUNTRY,PUBLISHED,Life expectancy (at birth),United States of America,FEMALE,80.72613818
90E2E48WHOSIS_000001,WHOSIS_000001,90E2E48,WHOSIS_000001,2017,YEAR,756,COUNTRY,PUBLISHED,Life expectancy (at birth),Switzerland,FEMALE,84.94600791
90E2E48WHOSIS_000001,WHOSIS_000001,90E2E48,WHOSIS_000001,2018,YEAR,268,COUNTRY,PUBLISHED,Life expectancy (at birth),Georgia,FEMALE,78.3480405
90E2E48WHOSIS_000001,WHOSIS_000001,90E2E48,WHOSIS_000001,2018,YEAR,246,COUNTRY,PUBLISHED,Life expectancy (at birth),Finland,FEMALE,83.95859993
90E2E48WHOSIS_000001,WHOSIS_000001,90E2E48,WHOSIS_000001,2018,YEAR,250,COUNTRY,PUBLISHED,Life expectancy (at birth),France,FEMALE,85.04064201
90E2E48WHOSIS_000001,WHOSIS_000001,90E2E48,WHOSIS_000001,2018,YEAR,300,COUNTRY,PUBLISHED,Life expectancy (at birth),Greece,FEMALE,83.23920608
90E2E48WHOSIS_000001,WHOSIS_000001,90E2E48,WHOSIS_000001,2018,YEAR,308,COUNTRY,PUBLISHED,Life expectancy (at birth),Grenada,FEMALE,75.53801059
90E2E48WHOSIS_000001,WHOSIS_000001,90E2E48,WHOSIS_000001,2018,YEAR,276,COUNTRY,PUBLISHED,Life expectancy (at birth),Germany,FEMALE,82.86294343
90E2E48WHOSIS_000001,WHOSIS_000001,90E2E48,WHOSIS_000001,2018,YEAR,360,COUNTRY,PUBLISHED,Life expectancy (at birth),Indonesia,FEMALE,72.99956688
90E2E48WHOSIS_000001,WHOSIS_000001,90E2E48,WHOSIS_000001,2018,YEAR,364,COUNTRY,PUBLISHED,Life expectancy (at birth),Iran (Islamic Republic of),FEMALE,79.31031064
90E2E48WHOSIS_000001,WHOSIS_000001,90E2E48,WHOSIS_000001,2018,YEAR,368,COUNTRY,PUBLISHED,Life expectancy (at birth),Iraq,FEMALE,75.52278497
90E2E48WHOSIS_000001,WHOSIS_000001,90E2E48,WHOSIS_000001,2018,YEAR,372,COUNTRY,PUBLISHED,Life expectancy (at birth),Ireland,FEMALE,83.41004657
90E2E48WHOSIS_000001,WHOSIS_000001,90E2E48,WHOSIS_000001,2018,YEAR,352,COUNTRY,PUBLISHED,Life expectancy (at birth),Iceland,FEMALE,83.84179532
90E2E48WHOSIS_000001,WHOSIS_000001,90E2E48,WHOSIS_000001,2018,YEAR,356,COUNTRY,PUBLISHED,Life expectancy (at birth),India,FEMALE,71.95284021
90E2E48WHOSIS_000001,WHOSIS_000001,90E2E48,WHOSIS_000001,2018,YEAR,388,COUNTRY,PUBLISHED,Life expectancy (at birth),Jamaica,FEMALE,75.60591545
90E2E48WHOSIS_000001,WHOSIS_000001,90E2E48,WHOSIS_000001,2016,YEAR,364,COUNTRY,PUBLISHED,Life expectancy (at birth),Iran (Islamic Republic of),FEMALE,79.01030391
90E2E48WHOSIS_000001,WHOSIS_000001,90E2E48,WHOSIS_000001,2016,YEAR,368,COUNTRY,PUBLISHED,Life expectancy (at birth),Iraq,FEMALE,74.68612033
90E2E48WHOSIS_000001,WHOSIS_000001,90E2E48,WHOSIS_000001,2018,YEAR,376,COUNTRY,PUBLISHED,Life expectancy (at birth),Israel,FEMALE,84.43507848
90E2E48WHOSIS_000001,WHOSIS_000001,90E2E48,WHOSIS_000001,2018,YEAR,380,COUNTRY,PUBLISHED,Life expectancy (at birth),Italy,FEMALE,84.76618615
90E2E48WHOSIS_000001,WHOSIS_000001,90E2E48,WHOSIS_000001,2016,YEAR,380,COUNTRY,PUBLISHED,Life expectancy (at birth),Italy,FEMALE,84.8666802
90E2E48WHOSIS_000001,WHOSIS_000001,90E2E48,WHOSIS_000001,2016,YEAR,388,COUNTRY,PUBLISHED,Life expectancy (at birth),Jamaica,FEMALE,75.2312798
90E2E48WHOSIS_000001,WHOSIS_000001,90E2E48,WHOSIS_000001,2016,YEAR,392,COUNTRY,PUBLISHED,Life expectancy (at birth),Japan,FEMALE,86.91722293
90E2E48WHOSIS_000001,WHOSIS_000001,90E2E48,WHOSIS_000001,2016,YEAR,372,COUNTRY,PUBLISHED,Life expectancy (at birth),Ireland,FEMALE,83.19196605
90E2E48WHOSIS_000001,WHOSIS_000001,90E2E48,WHOSIS_000001,2016,YEAR,376,COUNTRY,PUBLISHED,Life expectancy (at birth),Israel,FEMALE,83.91589195
90E2E48WHOSIS_000001,WHOSIS_000001,90E2E48,WHOSIS_000001,2016,YEAR,404,COUNTRY,PUBLISHED,Life expectancy (at birth),Kenya,FEMALE,67.52974996
90E2E48WHOSIS_000001,WHOSIS_000001,90E2E48,WHOSIS_000001,2016,YEAR,410,COUNTRY,PUBLISHED,Life expectancy (at birth),Republic of Korea,FEMALE,85.6614299
90E2E48WHOSIS_000001,WHOSIS_000001,90E2E48,WHOSIS_000001,2016,YEAR,414,COUNTRY,PUBLISHED,Life expectancy (at birth),Kuwait,FEMALE,85.63168183
90E2E48WHOSIS_000001,WHOSIS_000001,90E2E48,WHOSIS_000001,2016,YEAR,398,COUNTRY,PUBLISHED,Life expectancy (at birth),Kazakhstan,FEMALE,76.50637539
90E2E48WHOSIS_000001,WHOSIS_000001,90E2E48,WHOSIS_000001,2016,YEAR,400,COUNTRY,PUBLISHED,Life expectancy (at birth),Jordan,FEMALE,79.22763984
90E2E48WHOSIS_000001,WHOSIS_000001,90E2E48,WHOSIS_000001,2017,YEAR,76,COUNTRY,PUBLISHED,Life expectancy (at birth),Brazil,FEMALE,78.47387001
90E2E48WHOSIS_000001,WHOSIS_000001,90E2E48,WHOSIS_000001,2017,YEAR,56,COUNTRY,PUBLISHED,Life expectancy (at birth),Belgium,FEMALE,83.33776312
90E2E48WHOSIS_000001,WHOSIS_000001,90E2E48,WHOSIS_000001,2017,YEAR,144,COUNTRY,PUBLISHED,Life expectancy (at birth),Sri Lanka,FEMALE,79.86196019
90E2E48WHOSIS_000001,WHOSIS_000001,90E2E48,WHOSIS_000001,2017,YEAR,104,COUNTRY,PUBLISHED,Life expectancy (at birth),Myanmar,FEMALE,71.29153384
90E2E48WHOSIS_000001,WHOSIS_000001,90E2E48,WHOSIS_000001,2017,YEAR,124,COUNTRY,PUBLISHED,Life expectancy (at birth),Canada,FEMALE,83.62474573
90E2E48WHOSIS_000001,WHOSIS_000001,90E2E48,WHOSIS_000001,2017,YEAR,156,COUNTRY,PUBLISHED,Life expectancy (at birth),China,FEMALE,80.09300089
90E2E48WHOSIS_000001,WHOSIS_000001,90E2E48,WHOSIS_000001,2017,YEAR,4,COUNTRY,PUBLISHED,Life expectancy (at birth),Afghanistan,FEMALE,62.05236203
90E2E48WHOSIS_000001,WHOSIS_000001,90E2E48,WHOSIS_000001,2017,YEAR,170,COUNTRY,PUBLISHED,Life expectancy (at birth),Colombia,FEMALE,80.38009537
90E2E48WHOSIS_000001,WHOSIS_000001,90E2E48,WHOSIS_000001,2017,YEAR,512,COUNTRY,PUBLISHED,Life expectancy (at birth),Oman,FEMALE,77.81999886
90E2E48WHOSIS_000001,WHOSIS_000001,90E2E48,WHOSIS_000001,2017,YEAR,480,COUNTRY,PUBLISHED,Life expectancy (at birth),Mauritius,FEMALE,77.42118235
90E2E48WHOSIS_000001,WHOSIS_000001,90E2E48,WHOSIS_000001,2017,YEAR,484,COUNTRY,PUBLISHED,Life expectancy (at birth),Mexico,FEMALE,78.76628087
90E2E48WHOSIS_000001,WHOSIS_000001,90E2E48,WHOSIS_000001,2017,YEAR,496,COUNTRY,PUBLISHED,Life expectancy (at birth),Mongolia,FEMALE,74.55457802
90E2E48WHOSIS_000001,WHOSIS_000001,90E2E48,WHOSIS_000001,2017,YEAR,524,COUNTRY,PUBLISHED,Life expectancy (at birth),Nepal,FEMALE,72.61468334
90E2E48WHOSIS_000001,WHOSIS_000001,90E2E48,WHOSIS_000001,2017,YEAR,764,COUNTRY,PUBLISHED,Life expectancy (at birth),Thailand,FEMALE,80.79232092
90E2E48WHOSIS_000001,WHOSIS_000001,90E2E48,WHOSIS_000001,2017,YEAR,784,COUNTRY,PUBLISHED,Life expectancy (at birth),United Arab Emirates,FEMALE,81.82099841
90E2E48WHOSIS_000001,WHOSIS_000001,90E2E48,WHOSIS_000001,2017,YEAR,388,COUNTRY,PUBLISHED,Life expectancy (at birth),Jamaica,FEMALE,75.43163223
90E2E48WHOSIS_000001,WHOSIS_000001,90E2E48,WHOSIS_000001,2017,YEAR,392,COUNTRY,PUBLISHED,Life expectancy (at birth),Japan,FEMALE,87.02409753
90E2E48WHOSIS_000001,WHOSIS_000001,90E2E48,WHOSIS_000001,2017,YEAR,398,COUNTRY,PUBLISHED,Life expectancy (at birth),Kazakhstan,FEMALE,76.88622891
90E2E48WHOSIS_000001,WHOSIS_000001,90E2E48,WHOSIS_000001,2017,YEAR,400,COUNTRY,PUBLISHED,Life expectancy (at birth),Jordan,FEMALE,79.58326759
90E2E48WHOSIS_000001,WHOSIS_000001,90E2E48,WHOSIS_000001,2017,YEAR,364,COUNTRY,PUBLISHED,Life expectancy (at birth),Iran (Islamic Republic of),FEMALE,79.09050093
90E2E48WHOSIS_000001,WHOSIS_000001,90E2E48,WHOSIS_000001,2017,YEAR,368,COUNTRY,PUBLISHED,Life expectancy (at birth),Iraq,FEMALE,74.99027443
90E2E48WHOSIS_000001,WHOSIS_000001,90E2E48,WHOSIS_000001,2017,YEAR,372,COUNTRY,PUBLISHED,Life expectancy (at birth),Ireland,FEMALE,83.34781302
90E2E48WHOSIS_000001,WHOSIS_000001,90E2E48,WHOSIS_000001,2017,YEAR,376,COUNTRY,PUBLISHED,Life expectancy (at birth),Israel,FEMALE,84.23610352
90E2E48WHOSIS_000001,WHOSIS_000001,90E2E48,WHOSIS_000001,2017,YEAR,380,COUNTRY,PUBLISHED,Life expectancy (at birth),Italy,FEMALE,84.51350659
90E2E48WHOSIS_000001,WHOSIS_000001,90E2E48,WHOSIS_000001,2017,YEAR,404,COUNTRY,PUBLISHED,Life expectancy (at birth),Kenya,FEMALE,68.14162501
90E2E48WHOSIS_000001,WHOSIS_000001,90E2E48,WHOSIS_000001,2017,YEAR,434,COUNTRY,PUBLISHED,Life expectancy (at birth),Libya,FEMALE,75.36329755
90E2E48WHOSIS_000001,WHOSIS_000001,90E2E48,WHOSIS_000001,2017,YEAR,410,COUNTRY,PUBLISHED,Life expectancy (at birth),Republic of Korea,FEMALE,85.98280463
90E2E48WHOSIS_000001,WHOSIS_000001,90E2E48,WHOSIS_000001,2017,YEAR,414,COUNTRY,PUBLISHED,Life expectancy (at birth),Kuwait,FEMALE,86.25924006
90E2E48WHOSIS_000001,WHOSIS_000001,90E2E48,WHOSIS_000001,2017,YEAR,682,COUNTRY,PUBLISHED,Life expectancy (at birth),Saudi Arabia,FEMALE,77.30889164
90E2E48WHOSIS_000001,WHOSIS_000001,90E2E48,WHOSIS_000001,2017,YEAR,706,COUNTRY,PUBLISHED,Life expectancy (at birth),Somalia,FEMALE,56.8316085
90E2E48WHOSIS_000001,WHOSIS_000001,90E2E48,WHOSIS_000001,2017,YEAR,702,COUNTRY,PUBLISHED,Life expectancy (at birth),Singapore,FEMALE,85.33973096
90E2E48WHOSIS_000001,WHOSIS_000001,90E2E48,WHOSIS_000001,2017,YEAR,710,COUNTRY,PUBLISHED,Life expectancy (at birth),South Africa,FEMALE,67.73317519
90E2E48WHOSIS_000001,WHOSIS_000001,90E2E48,WHOSIS_000001,2017,YEAR,716,COUNTRY,PUBLISHED,Life expectancy (at birth),Zimbabwe,FEMALE,60.18475645
90E2E48WHOSIS_000001,WHOSIS_000001,90E2E48,WHOSIS_000001,2017,YEAR,724,COUNTRY,PUBLISHED,Life expectancy (at birth),Spain,FEMALE,85.21017946
90E2E48WHOSIS_000001,WHOSIS_000001,90E2E48,WHOSIS_000001,2018,YEAR,104,COUNTRY,PUBLISHED,Life expectancy (at birth),Myanmar,FEMALE,71.79337527
90E2E48WHOSIS_000001,WHOSIS_000001,90E2E48,WHOSIS_000001,2016,YEAR,818,COUNTRY,PUBLISHED,Life expectancy (at birth),Egypt,FEMALE,73.46421315
90E2E48WHOSIS_000001,WHOSIS_000001,90E2E48,WHOSIS_000001,2016,YEAR,840,COUNTRY,PUBLISHED,Life expectancy (at birth),United States of America,FEMALE,80.76654854
90E2E48WHOSIS_000001,WHOSIS_000001,90E2E48,WHOSIS_000001,2001,YEAR,308,COUNTRY,PUBLISHED,Life expectancy (at birth),Grenada,MALE,67.94176572
90E2E48WHOSIS_000001,WHOSIS_000001,90E2E48,WHOSIS_000001,2000,YEAR,764,COUNTRY,PUBLISHED,Life expectancy (at birth),Thailand,MALE,67.342361
90E2E48WHOSIS_000001,WHOSIS_000001,90E2E48,WHOSIS_000001,2001,YEAR,352,COUNTRY,PUBLISHED,Life expectancy (at birth),Iceland,MALE,78.0981844
90E2E48WHOSIS_000001,WHOSIS_000001,90E2E48,WHOSIS_000001,2001,YEAR,356,COUNTRY,PUBLISHED,Life expectancy (at birth),India,MALE,62.53734683
90E2E48WHOSIS_000001,WHOSIS_000001,90E2E48,WHOSIS_000001,2002,YEAR,124,COUNTRY,PUBLISHED,Life expectancy (at birth),Canada,MALE,77.02557154
90E2E48WHOSIS_000001,WHOSIS_000001,90E2E48,WHOSIS_000001,2001,YEAR,360,COUNTRY,PUBLISHED,Life expectancy (at birth),Indonesia,MALE,66.22192225
90E2E48WHOSIS_000001,WHOSIS_000001,90E2E48,WHOSIS_000001,2001,YEAR,364,COUNTRY,PUBLISHED,Life expectancy (at birth),Iran (Islamic Republic of),MALE,72.18901478
90E2E48WHOSIS_000001,WHOSIS_000001,90E2E48,WHOSIS_000001,2000,YEAR,752,COUNTRY,PUBLISHED,Life expectancy (at birth),Sweden,MALE,77.28173956
90E2E48WHOSIS_000001,WHOSIS_000001,90E2E48,WHOSIS_000001,2000,YEAR,756,COUNTRY,PUBLISHED,Life expectancy (at birth),Switzerland,MALE,76.89585623
90E2E48WHOSIS_000001,WHOSIS_000001,90E2E48,WHOSIS_000001,2002,YEAR,156,COUNTRY,PUBLISHED,Life expectancy (at birth),China,MALE,69.13713856
90E2E48WHOSIS_000001,WHOSIS_000001,90E2E48,WHOSIS_000001,2002,YEAR,170,COUNTRY,PUBLISHED,Life expectancy (at birth),Colombia,MALE,68.92238508
90E2E48WHOSIS_000001,WHOSIS_000001,90E2E48,WHOSIS_000001,2002,YEAR,144,COUNTRY,PUBLISHED,Life expectancy (at birth),Sri Lanka,MALE,69.39977998
90E2E48WHOSIS_000001,WHOSIS_000001,90E2E48,WHOSIS_000001,2002,YEAR,192,COUNTRY,PUBLISHED,Life expectancy (at birth),Cuba,MALE,75.70160313
90E2E48WHOSIS_000001,WHOSIS_000001,90E2E48,WHOSIS_000001,2002,YEAR,250,COUNTRY,PUBLISHED,Life expectancy (at birth),France,MALE,75.63708121
90E2E48WHOSIS_000001,WHOSIS_000001,90E2E48,WHOSIS_000001,2002,YEAR,887,COUNTRY,PUBLISHED,Life expectancy (at birth),Yemen,MALE,62.54065369
90E2E48WHOSIS_000001,WHOSIS_000001,90E2E48,WHOSIS_000001,2002,YEAR,894,COUNTRY,PUBLISHED,Life expectancy (at birth),Zambia,MALE,44.93312896
90E2E48WHOSIS_000001,WHOSIS_000001,90E2E48,WHOSIS_000001,2002,YEAR,246,COUNTRY,PUBLISHED,Life expectancy (at birth),Finland,MALE,74.77527701
90E2E48WHOSIS_000001,WHOSIS_000001,90E2E48,WHOSIS_000001,2007,YEAR,192,COUNTRY,PUBLISHED,Life expectancy (at birth),Cuba,MALE,76.18265784
90E2E48WHOSIS_000001,WHOSIS_000001,90E2E48,WHOSIS_000001,2007,YEAR,246,COUNTRY,PUBLISHED,Life expectancy (at birth),Finland,MALE,75.83109849
90E2E48WHOSIS_000001,WHOSIS_000001,90E2E48,WHOSIS_000001,2007,YEAR,250,COUNTRY,PUBLISHED,Life expectancy (at birth),France,MALE,77.40240416
90E2E48WHOSIS_000001,WHOSIS_000001,90E2E48,WHOSIS_000001,2007,YEAR,268,COUNTRY,PUBLISHED,Life expectancy (at birth),Georgia,MALE,67.92667544
90E2E48WHOSIS_000001,WHOSIS_000001,90E2E48,WHOSIS_000001,2007,YEAR,276,COUNTRY,PUBLISHED,Life expectancy (at birth),Germany,MALE,77.21182137
90E2E48WHOSIS_000001,WHOSIS_000001,90E2E48,WHOSIS_000001,2003,YEAR,434,COUNTRY,PUBLISHED,Life expectancy (at birth),Libya,MALE,71.35292656
90E2E48WHOSIS_000001,WHOSIS_000001,90E2E48,WHOSIS_000001,2003,YEAR,484,COUNTRY,PUBLISHED,Life expectancy (at birth),Mexico,MALE,72.23951868
90E2E48WHOSIS_000001,WHOSIS_000001,90E2E48,WHOSIS_000001,2003,YEAR,496,COUNTRY,PUBLISHED,Life expectancy (at birth),Mongolia,MALE,60.62673611
90E2E48WHOSIS_000001,WHOSIS_000001,90E2E48,WHOSIS_000001,2007,YEAR,352,COUNTRY,PUBLISHED,Life expectancy (at birth),Iceland,MALE,79.42458881
90E2E48WHOSIS_000001,WHOSIS_000001,90E2E48,WHOSIS_000001,2003,YEAR,480,COUNTRY,PUBLISHED,Life expectancy (at birth),Mauritius,MALE,68.57505978
90E2E48WHOSIS_000001,WHOSIS_000001,90E2E48,WHOSIS_000001,2004,YEAR,192,COUNTRY,PUBLISHED,Life expectancy (at birth),Cuba,MALE,75.48363668
90E2E48WHOSIS_000001,WHOSIS_000001,90E2E48,WHOSIS_000001,2007,YEAR,356,COUNTRY,PUBLISHED,Life expectancy (at birth),India,MALE,64.65614187
90E2E48WHOSIS_000001,WHOSIS_000001,90E2E48,WHOSIS_000001,2007,YEAR,360,COUNTRY,PUBLISHED,Life expectancy (at birth),Indonesia,MALE,67.06989126
90E2E48WHOSIS_000001,WHOSIS_000001,90E2E48,WHOSIS_000001,2003,YEAR,512,COUNTRY,PUBLISHED,Life expectancy (at birth),Oman,MALE,70.31623875
90E2E48WHOSIS_000001,WHOSIS_000001,90E2E48,WHOSIS_000001,2004,YEAR,246,COUNTRY,PUBLISHED,Life expectancy (at birth),Finland,MALE,75.30849572
90E2E48WHOSIS_000001,WHOSIS_000001,90E2E48,WHOSIS_000001,2004,YEAR,250,COUNTRY,PUBLISHED,Life expectancy (at birth),France,MALE,76.59481347
90E2E48WHOSIS_000001,WHOSIS_000001,90E2E48,WHOSIS_000001,2004,YEAR,300,COUNTRY,PUBLISHED,Life expectancy (at birth),Greece,MALE,76.83921496
90E2E48WHOSIS_000001,WHOSIS_000001,90E2E48,WHOSIS_000001,2004,YEAR,308,COUNTRY,PUBLISHED,Life expectancy (at birth),Grenada,MALE,67.13723792
90E2E48WHOSIS_000001,WHOSIS_000001,90E2E48,WHOSIS_000001,2004,YEAR,268,COUNTRY,PUBLISHED,Life expectancy (at birth),Georgia,MALE,66.48256377
90E2E48WHOSIS_000001,WHOSIS_000001,90E2E48,WHOSIS_000001,2004,YEAR,276,COUNTRY,PUBLISHED,Life expectancy (at birth),Germany,MALE,76.31871286
90E2E48WHOSIS_000001,WHOSIS_000001,90E2E48,WHOSIS_000001,2005,YEAR,4,COUNTRY,PUBLISHED,Life expectancy (at birth),Afghanistan,MALE,56.59518614
90E2E48WHOSIS_000001,WHOSIS_000001,90E2E48,WHOSIS_000001,2005,YEAR,32,COUNTRY,PUBLISHED,Life expectancy (at birth),Argentina,MALE,71.78443976
90E2E48WHOSIS_000001,WHOSIS_000001,90E2E48,WHOSIS_000001,2005,YEAR,56,COUNTRY,PUBLISHED,Life expectancy (at birth),Belgium,MALE,76.07135504
90E2E48WHOSIS_000001,WHOSIS_000001,90E2E48,WHOSIS_000001,2005,YEAR,36,COUNTRY,PUBLISHED,Life expectancy (at birth),Australia,MALE,78.52779165
90E2E48WHOSIS_000001,WHOSIS_000001,90E2E48,WHOSIS_000001,2005,YEAR,48,COUNTRY,PUBLISHED,Life expectancy (at birth),Bahrain,MALE,70.58084241
90E2E48WHOSIS_000001,WHOSIS_000001,90E2E48,WHOSIS_000001,2005,YEAR,50,COUNTRY,PUBLISHED,Life expectancy (at birth),Bangladesh,MALE,66.08884197
90E2E48WHOSIS_000001,WHOSIS_000001,90E2E48,WHOSIS_000001,2005,YEAR,104,COUNTRY,PUBLISHED,Life expectancy (at birth),Myanmar,MALE,59.08251678
90E2E48WHOSIS_000001,WHOSIS_000001,90E2E48,WHOSIS_000001,2005,YEAR,76,COUNTRY,PUBLISHED,Life expectancy (at birth),Brazil,MALE,69.75536802
90E2E48WHOSIS_000001,WHOSIS_000001,90E2E48,WHOSIS_000001,2005,YEAR,784,COUNTRY,PUBLISHED,Life expectancy (at birth),United Arab Emirates,MALE,79.57162683
90E2E48WHOSIS_000001,WHOSIS_000001,90E2E48,WHOSIS_000001,2005,YEAR,764,COUNTRY,PUBLISHED,Life expectancy (at birth),Thailand,MALE,69.48180262
90E2E48WHOSIS_000001,WHOSIS_000001,90E2E48,WHOSIS_000001,2007,YEAR,784,COUNTRY,PUBLISHED,Life expectancy (at birth),United Arab Emirates,MALE,80.44970571
90E2E48WHOSIS_000001,WHOSIS_000001,90E2E48,WHOSIS_000001,2005,YEAR,818,COUNTRY,PUBLISHED,Life expectancy (at birth),Egypt,MALE,66.90148345
90E2E48WHOSIS_000001,WHOSIS_000001,90E2E48,WHOSIS_000001,2007,YEAR,818,COUNTRY,PUBLISHED,Life expectancy (at birth),Egypt,MALE,67.07003821
90E2E48WHOSIS_000001,WHOSIS_000001,90E2E48,WHOSIS_000001,2007,YEAR,840,COUNTRY,PUBLISHED,Life expectancy (at birth),United States of America,MALE,75.59266442
90E2E48WHOSIS_000001,WHOSIS_000001,90E2E48,WHOSIS_000001,2018,YEAR,643,COUNTRY,PUBLISHED,Life expectancy (at birth),Russian Federation,MALE,67.50123441
90E2E48WHOSIS_000001,WHOSIS_000001,90E2E48,WHOSIS_000001,2018,YEAR,702,COUNTRY,PUBLISHED,Life expectancy (at birth),Singapore,MALE,81.40217394
90E2E48WHOSIS_000001,WHOSIS_000001,90E2E48,WHOSIS_000001,2018,YEAR,682,COUNTRY,PUBLISHED,Life expectancy (at birth),Saudi Arabia,MALE,76.42424095
90E2E48WHOSIS_000001,WHOSIS_000001,90E2E48,WHOSIS_000001,2000,YEAR,643,COUNTRY,PUBLISHED,Life expectancy (at birth),Russian Federation,MALE,58.82661923
90E2E48WHOSIS_000001,WHOSIS_000001,90E2E48,WHOSIS_000001,2018,YEAR,706,COUNTRY,PUBLISHED,Life expectancy (at birth),Somalia,MALE,52.24588762
90E2E48WHOSIS_000001,WHOSIS_000001,90E2E48,WHOSIS_000001,2000,YEAR,620,COUNTRY,PUBLISHED,Life expectancy (at birth),Portugal,MALE,73.06858602
90E2E48WHOSIS_000001,WHOSIS_000001,90E2E48,WHOSIS_000001,2000,YEAR,634,COUNTRY,PUBLISHED,Life expectancy (at birth),Qatar,MALE,69.00003296
90E2E48WHOSIS_000001,WHOSIS_000001,90E2E48,WHOSIS_000001,2000,YEAR,642,COUNTRY,PUBLISHED,Life expectancy (at birth),Romania,MALE,67.69873682
90E2E48WHOSIS_000001,WHOSIS_000001,90E2E48,WHOSIS_000001,2001,YEAR,268,COUNTRY,PUBLISHED,Life expectancy (at birth),Georgia,MALE,67.56644014
90E2E48WHOSIS_000001,WHOSIS_000001,90E2E48,WHOSIS_000001,2000,YEAR,682,COUNTRY,PUBLISHED,Life expectancy (at birth),Saudi Arabia,MALE,69.42950388
90E2E48WHOSIS_000001,WHOSIS_000001,90E2E48,WHOSIS_000001,2001,YEAR,246,COUNTRY,PUBLISHED,Life expectancy (at birth),Finland,MALE,74.56000469
90E2E48WHOSIS_000001,WHOSIS_000001,90E2E48,WHOSIS_000001,2001,YEAR,250,COUNTRY,PUBLISHED,Life expectancy (at birth),France,MALE,75.39330334
90E2E48WHOSIS_000001,WHOSIS_000001,90E2E48,WHOSIS_000001,2001,YEAR,276,COUNTRY,PUBLISHED,Life expectancy (at birth),Germany,MALE,75.47778419
90E2E48WHOSIS_000001,WHOSIS_000001,90E2E48,WHOSIS_000001,2001,YEAR,300,COUNTRY,PUBLISHED,Life expectancy (at birth),Greece,MALE,76.40074148
90E2E48WHOSIS_000001,WHOSIS_000001,90E2E48,WHOSIS_000001,2002,YEAR,784,COUNTRY,PUBLISHED,Life expectancy (at birth),United Arab Emirates,MALE,78.792974
90E2E48WHOSIS_000001,WHOSIS_000001,90E2E48,WHOSIS_000001,2002,YEAR,764,COUNTRY,PUBLISHED,Life expectancy (at birth),Thailand,MALE,68.19564821
90E2E48WHOSIS_000001,WHOSIS_000001,90E2E48,WHOSIS_000001,2002,YEAR,104,COUNTRY,PUBLISHED,Life expectancy (at birth),Myanmar,MALE,57.79438185
90E2E48WHOSIS_000001,WHOSIS_000001,90E2E48,WHOSIS_000001,2002,YEAR,818,COUNTRY,PUBLISHED,Life expectancy (at birth),Egypt,MALE,66.1554584
90E2E48WHOSIS_000001,WHOSIS_000001,90E2E48,WHOSIS_000001,2007,YEAR,124,COUNTRY,PUBLISHED,Life expectancy (at birth),Canada,MALE,78.12809259
90E2E48WHOSIS_000001,WHOSIS_000001,90E2E48,WHOSIS_000001,2007,YEAR,144,COUNTRY,PUBLISHED,Life expectancy (at birth),Sri Lanka,MALE,69.89573038
90E2E48WHOSIS_000001,WHOSIS_000001,90E2E48,WHOSIS_000001,2007,YEAR,156,COUNTRY,PUBLISHED,Life expectancy (at birth),China,MALE,71.29342415
90E2E48WHOSIS_000001,WHOSIS_000001,90E2E48,WHOSIS_000001,2003,YEAR,276,COUNTRY,PUBLISHED,Life expectancy (at birth),Germany,MALE,75.66087473
90E2E48WHOSIS_000001,WHOSIS_000001,90E2E48,WHOSIS_000001,2002,YEAR,840,COUNTRY,PUBLISHED,Life expectancy (at birth),United States of America,MALE,74.39987984
90E2E48WHOSIS_000001,WHOSIS_000001,90E2E48,WHOSIS_000001,2007,YEAR,170,COUNTRY,PUBLISHED,Life expectancy (at birth),Colombia,MALE,72.19203005
90E2E48WHOSIS_000001,WHOSIS_000001,90E2E48,WHOSIS_000001,2003,YEAR,352,COUNTRY,PUBLISHED,Life expectancy (at birth),Iceland,MALE,78.72388013
90E2E48WHOSIS_000001,WHOSIS_000001,90E2E48,WHOSIS_000001,2003,YEAR,356,COUNTRY,PUBLISHED,Life expectancy (at birth),India,MALE,63.37494536
90E2E48WHOSIS_000001,WHOSIS_000001,90E2E48,WHOSIS_000001,2003,YEAR,360,COUNTRY,PUBLISHED,Life expectancy (at birth),Indonesia,MALE,66.50725764
90E2E48WHOSIS_000001,WHOSIS_000001,90E2E48,WHOSIS_000001,2003,YEAR,300,COUNTRY,PUBLISHED,Life expectancy (at birth),Greece,MALE,76.7767072
90E2E48WHOSIS_000001,WHOSIS_000001,90E2E48,WHOSIS_000001,2003,YEAR,308,COUNTRY,PUBLISHED,Life expectancy (at birth),Grenada,MALE,67.35596561
90E2E48WHOSIS_000001,WHOSIS_000001,90E2E48,WHOSIS_000001,2003,YEAR,364,COUNTRY,PUBLISHED,Life expectancy (at birth),Iran (Islamic Republic of),MALE,71.81299841
90E2E48WHOSIS_000001,WHOSIS_000001,90E2E48,WHOSIS_000001,2003,YEAR,398,COUNTRY,PUBLISHED,Life expectancy (at birth),Kazakhstan,MALE,59.36855305
90E2E48WHOSIS_000001,WHOSIS_000001,90E2E48,WHOSIS_000001,2003,YEAR,400,COUNTRY,PUBLISHED,Life expectancy (at birth),Jordan,MALE,75.18921795
90E2E48WHOSIS_000001,WHOSIS_000001,90E2E48,WHOSIS_000001,2003,YEAR,404,COUNTRY,PUBLISHED,Life expectancy (at birth),Kenya,MALE,53.74264828
90E2E48WHOSIS_000001,WHOSIS_000001,90E2E48,WHOSIS_000001,2003,YEAR,368,COUNTRY,PUBLISHED,Life expectancy (at birth),Iraq,MALE,65.68953983
90E2E48WHOSIS_000001,WHOSIS_000001,90E2E48,WHOSIS_000001,2003,YEAR,372,COUNTRY,PUBLISHED,Life expectancy (at birth),Ireland,MALE,75.64778489
90E2E48WHOSIS_000001,WHOSIS_000001,90E2E48,WHOSIS_000001,2003,YEAR,376,COUNTRY,PUBLISHED,Life expectancy (at birth),Israel,MALE,76.85907511
90E2E48WHOSIS_000001,WHOSIS_000001,90E2E48,WHOSIS_000001,2003,YEAR,380,COUNTRY,PUBLISHED,Life expectancy (at birth),Italy,MALE,77.01593442
90E2E48WHOSIS_000001,WHOSIS_000001,90E2E48,WHOSIS_000001,2003,YEAR,388,COUNTRY,PUBLISHED,Life expectancy (at birth),Jamaica,MALE,71.47613943
90E2E48WHOSIS_000001,WHOSIS_000001,90E2E48,WHOSIS_000001,2003,YEAR,392,COUNTRY,PUBLISHED,Life expectancy (at birth),Japan,MALE,78.70778533
90E2E48WHOSIS_000001,WHOSIS_000001,90E2E48,WHOSIS_000001,2003,YEAR,410,COUNTRY,PUBLISHED,Life expectancy (at birth),Republic of Korea,MALE,73.97452872
90E2E48WHOSIS_000001,WHOSIS_000001,90E2E48,WHOSIS_000001,2003,YEAR,414,COUNTRY,PUBLISHED,Life expectancy (at birth),Kuwait,MALE,77.57320827
90E2E48WHOSIS_000001,WHOSIS_000001,90E2E48,WHOSIS_000001,2004,YEAR,48,COUNTRY,PUBLISHED,Life expectancy (at birth),Bahrain,MALE,70.18451362
90E2E48WHOSIS_000001,WHOSIS_000001,90E2E48,WHOSIS_000001,2004,YEAR,50,COUNTRY,PUBLISHED,Life expectancy (at birth),Bangladesh,MALE,65.73796311
90E2E48WHOSIS_000001,WHOSIS_000001,90E2E48,WHOSIS_000001,2004,YEAR,56,COUNTRY,PUBLISHED,Life expectancy (at birth),Belgium,MALE,75.94188349
90E2E48WHOSIS_000001,WHOSIS_000001,90E2E48,WHOSIS_000001,2004,YEAR,76,COUNTRY,PUBLISHED,Life expectancy (at birth),Brazil,MALE,69.07800018
90E2E48WHOSIS_000001,WHOSIS_000001,90E2E48,WHOSIS_000001,2004,YEAR,124,COUNTRY,PUBLISHED,Life expectancy (at birth),Canada,MALE,77.51003888
90E2E48WHOSIS_000001,WHOSIS_000001,90E2E48,WHOSIS_000001,2004,YEAR,104,COUNTRY,PUBLISHED,Life expectancy (at birth),Myanmar,MALE,58.59976443
90E2E48WHOSIS_000001,WHOSIS_000001,90E2E48,WHOSIS_000001,2004,YEAR,144,COUNTRY,PUBLISHED,Life expectancy (at birth),Sri Lanka,MALE,66.56483004
90E2E48WHOSIS_000001,WHOSIS_000001,90E2E48,WHOSIS_000001,2004,YEAR,784,COUNTRY,PUBLISHED,Life expectancy (at birth),United Arab Emirates,MALE,79.19694773
90E2E48WHOSIS_000001,WHOSIS_000001,90E2E48,WHOSIS_000001,2004,YEAR,156,COUNTRY,PUBLISHED,Life expectancy (at birth),China,MALE,69.54784634
90E2E48WHOSIS_000001,WHOSIS_000001,90E2E48,WHOSIS_000001,2004,YEAR,170,COUNTRY,PUBLISHED,Life expectancy (at birth),Colombia,MALE,70.62168557
90E2E48WHOSIS_000001,WHOSIS_000001,90E2E48,WHOSIS_000001,2004,YEAR,840,COUNTRY,PUBLISHED,Life expectancy (at birth),United States of America,MALE,75.0192455
90E2E48WHOSIS_000001,WHOSIS_000001,90E2E48,WHOSIS_000001,2004,YEAR,818,COUNTRY,PUBLISHED,Life expectancy (at birth),Egypt,MALE,66.50482162
90E2E48WHOSIS_000001,WHOSIS_000001,90E2E48,WHOSIS_000001,2004,YEAR,887,COUNTRY,PUBLISHED,Life expectancy (at birth),Yemen,MALE,63.55884462
90E2E48WHOSIS_000001,WHOSIS_000001,90E2E48,WHOSIS_000001,2004,YEAR,894,COUNTRY,PUBLISHED,Life expectancy (at birth),Zambia,MALE,47.391214
90E2E48WHOSIS_000001,WHOSIS_000001,90E2E48,WHOSIS_000001,2004,YEAR,953,WHOREGION,PUBLISHED,Life expectancy (at birth),Africa,MALE,53.62484918
90E2E48WHOSIS_000001,WHOSIS_000001,90E2E48,WHOSIS_000001,2001,YEAR,954,WHOREGION,PUBLISHED,Life expectancy (at birth),Americas,FEMALE,77.17928947
90E2E48WHOSIS_000001,WHOSIS_000001,90E2E48,WHOSIS_000001,2004,YEAR,955,WHOREGION,PUBLISHED,Life expectancy (at birth),South-East Asia,MALE,64.09777074
90E2E48WHOSIS_000001,WHOSIS_000001,90E2E48,WHOSIS_000001,2000,YEAR,818,COUNTRY,PUBLISHED,Life expectancy (at birth),Egypt,MALE,66.39255954
90E2E48WHOSIS_000001,WHOSIS_000001,90E2E48,WHOSIS_000001,2004,YEAR,956,WHOREGION,PUBLISHED,Life expectancy (at birth),Europe,MALE,69.29716513
90E2E48WHOSIS_000001,WHOSIS_000001,90E2E48,WHOSIS_000001,2002,YEAR,4,COUNTRY,PUBLISHED,Life expectancy (at birth),Afghanistan,MALE,54.92199306
90E2E48WHOSIS_000001,WHOSIS_000001,90E2E48,WHOSIS_000001,2002,YEAR,32,COUNTRY,PUBLISHED,Life expectancy (at birth),Argentina,MALE,70.54896234
90E2E48WHOSIS_000001,WHOSIS_000001,90E2E48,WHOSIS_000001,2002,YEAR,36,COUNTRY,PUBLISHED,Life expectancy (at birth),Australia,MALE,77.78702946
90E2E48WHOSIS_000001,WHOSIS_000001,90E2E48,WHOSIS_000001,2002,YEAR,50,COUNTRY,PUBLISHED,Life expectancy (at birth),Bangladesh,MALE,64.78497459
90E2E48WHOSIS_000001,WHOSIS_000001,90E2E48,WHOSIS_000001,2002,YEAR,56,COUNTRY,PUBLISHED,Life expectancy (at birth),Belgium,MALE,75.02045912
90E2E48WHOSIS_000001,WHOSIS_000001,90E2E48,WHOSIS_000001,2002,YEAR,48,COUNTRY,PUBLISHED,Life expectancy (at birth),Bahrain,MALE,69.84980885
90E2E48WHOSIS_000001,WHOSIS_000001,90E2E48,WHOSIS_000001,2006,YEAR,887,COUNTRY,PUBLISHED,Life expectancy (at birth),Yemen,MALE,64.6043252
90E2E48WHOSIS_000001,WHOSIS_000001,90E2E48,WHOSIS_000001,2006,YEAR,894,COUNTRY,PUBLISHED,Life expectancy (at birth),Zambia,MALE,50.00311797
90E2E48WHOSIS_000001,WHOSIS_000001,90E2E48,WHOSIS_000001,2002,YEAR,76,COUNTRY,PUBLISHED,Life expectancy (at birth),Brazil,MALE,68.64117549
90E2E48WHOSIS_000001,WHOSIS_000001,90E2E48,WHOSIS_000001,2002,YEAR,484,COUNTRY,PUBLISHED,Life expectancy (at birth),Mexico,MALE,72.17564459
90E2E48WHOSIS_000001,WHOSIS_000001,90E2E48,WHOSIS_000001,2002,YEAR,496,COUNTRY,PUBLISHED,Life expectancy (at birth),Mongolia,MALE,60.38249465
90E2E48WHOSIS_000001,WHOSIS_000001,90E2E48,WHOSIS_000001,2002,YEAR,524,COUNTRY,PUBLISHED,Life expectancy (at birth),Nepal,MALE,65.07652478
90E2E48WHOSIS_000001,WHOSIS_000001,90E2E48,WHOSIS_000001,2002,YEAR,554,COUNTRY,PUBLISHED,Life expectancy (at birth),New Zealand,MALE,76.42889406
90E2E48WHOSIS_000001,WHOSIS_000001,90E2E48,WHOSIS_000001,2002,YEAR,512,COUNTRY,PUBLISHED,Life expectancy (at birth),Oman,MALE,70.02094092
90E2E48WHOSIS_000001,WHOSIS_000001,90E2E48,WHOSIS_000001,2002,YEAR,578,COUNTRY,PUBLISHED,Life expectancy (at birth),Norway,MALE,76.32453232
90E2E48WHOSIS_000001,WHOSIS_000001,90E2E48,WHOSIS_000001,2002,YEAR,586,COUNTRY,PUBLISHED,Life expectancy (at birth),Pakistan,MALE,61.45403414
90E2E48WHOSIS_000001,WHOSIS_000001,90E2E48,WHOSIS_000001,2002,YEAR,604,COUNTRY,PUBLISHED,Life expectancy (at birth),Peru,MALE,74.79398678
90E2E48WHOSIS_000001,WHOSIS_000001,90E2E48,WHOSIS_000001,2002,YEAR,608,COUNTRY,PUBLISHED,Life expectancy (at birth),Philippines,MALE,65.80096076
90E2E48WHOSIS_000001,WHOSIS_000001,90E2E48,WHOSIS_000001,2002,YEAR,616,COUNTRY,PUBLISHED,Life expectancy (at birth),Poland,MALE,70.26877225
90E2E48WHOSIS_000001,WHOSIS_000001,90E2E48,WHOSIS_000001,2003,YEAR,764,COUNTRY,PUBLISHED,Life expectancy (at birth),Thailand,MALE,68.5234099
90E2E48WHOSIS_000001,WHOSIS_000001,90E2E48,WHOSIS_000001,2002,YEAR,620,COUNTRY,PUBLISHED,Life expectancy (at birth),Portugal,MALE,73.69651828
90E2E48WHOSIS_000001,WHOSIS_000001,90E2E48,WHOSIS_000001,2003,YEAR,756,COUNTRY,PUBLISHED,Life expectancy (at birth),Switzerland,MALE,77.85747807
90E2E48WHOSIS_000001,WHOSIS_000001,90E2E48,WHOSIS_000001,2003,YEAR,784,COUNTRY,PUBLISHED,Life expectancy (at birth),United Arab Emirates,MALE,78.94163148
90E2E48WHOSIS_000001,WHOSIS_000001,90E2E48,WHOSIS_000001,2007,YEAR,364,COUNTRY,PUBLISHED,Life expectancy (at birth),Iran (Islamic Republic of),MALE,73.5827342
90E2E48WHOSIS_000001,WHOSIS_000001,90E2E48,WHOSIS_000001,2007,YEAR,368,COUNTRY,PUBLISHED,Life expectancy (at birth),Iraq,MALE,63.63310637
90E2E48WHOSIS_000001,WHOSIS_000001,90E2E48,WHOSIS_000001,2007,YEAR,372,COUNTRY,PUBLISHED,Life expectancy (at birth),Ireland,MALE,77.09808365
90E2E48WHOSIS_000001,WHOSIS_000001,90E2E48,WHOSIS_000001,2007,YEAR,388,COUNTRY,PUBLISHED,Life expectancy (at birth),Jamaica,MALE,65.51937357
90E2E48WHOSIS_000001,WHOSIS_000001,90E2E48,WHOSIS_000001,2007,YEAR,392,COUNTRY,PUBLISHED,Life expectancy (at birth),Japan,MALE,79.46149565
90E2E48WHOSIS_000001,WHOSIS_000001,90E2E48,WHOSIS_000001,2007,YEAR,398,COUNTRY,PUBLISHED,Life expectancy (at birth),Kazakhstan,MALE,60.09752042
90E2E48WHOSIS_000001,WHOSIS_000001,90E2E48,WHOSIS_000001,2007,YEAR,376,COUNTRY,PUBLISHED,Life expectancy (at birth),Israel,MALE,78.12708813
90E2E48WHOSIS_000001,WHOSIS_000001,90E2E48,WHOSIS_000001,2007,YEAR,380,COUNTRY,PUBLISHED,Life expectancy (at birth),Italy,MALE,78.51294317
90E2E48WHOSIS_000001,WHOSIS_000001,90E2E48,WHOSIS_000001,2003,YEAR,840,COUNTRY,PUBLISHED,Life expectancy (at birth),United States of America,MALE,74.57231872
90E2E48WHOSIS_000001,WHOSIS_000001,90E2E48,WHOSIS_000001,2003,YEAR,818,COUNTRY,PUBLISHED,Life expectancy (at birth),Egypt,MALE,66.11820546
90E2E48WHOSIS_000001,WHOSIS_000001,90E2E48,WHOSIS_000001,2007,YEAR,400,COUNTRY,PUBLISHED,Life expectancy (at birth),Jordan,MALE,76.56125047
90E2E48WHOSIS_000001,WHOSIS_000001,90E2E48,WHOSIS_000001,2004,YEAR,634,COUNTRY,PUBLISHED,Life expectancy (at birth),Qatar,MALE,69.89379802
90E2E48WHOSIS_000001,WHOSIS_000001,90E2E48,WHOSIS_000001,2004,YEAR,642,COUNTRY,PUBLISHED,Life expectancy (at birth),Romania,MALE,68.19688843
90E2E48WHOSIS_000001,WHOSIS_000001,90E2E48,WHOSIS_000001,2004,YEAR,643,COUNTRY,PUBLISHED,Life expectancy (at birth),Russian Federation,MALE,58.78782446
90E2E48WHOSIS_000001,WHOSIS_000001,90E2E48,WHOSIS_000001,2004,YEAR,604,COUNTRY,PUBLISHED,Life expectancy (at birth),Peru,MALE,75.55211824
90E2E48WHOSIS_000001,WHOSIS_000001,90E2E48,WHOSIS_000001,2004,YEAR,608,COUNTRY,PUBLISHED,Life expectancy (at birth),Philippines,MALE,65.56944742
90E2E48WHOSIS_000001,WHOSIS_000001,90E2E48,WHOSIS_000001,2004,YEAR,616,COUNTRY,PUBLISHED,Life expectancy (at birth),Poland,MALE,70.54448477
90E2E48WHOSIS_000001,WHOSIS_000001,90E2E48,WHOSIS_000001,2004,YEAR,620,COUNTRY,PUBLISHED,Life expectancy (at birth),Portugal,MALE,74.73663535
90E2E48WHOSIS_000001,WHOSIS_000001,90E2E48,WHOSIS_000001,2004,YEAR,702,COUNTRY,PUBLISHED,Life expectancy (at birth),Singapore,MALE,77.98088688
90E2E48WHOSIS_000001,WHOSIS_000001,90E2E48,WHOSIS_000001,2004,YEAR,682,COUNTRY,PUBLISHED,Life expectancy (at birth),Saudi Arabia,MALE,70.64261531
90E2E48WHOSIS_000001,WHOSIS_000001,90E2E48,WHOSIS_000001,2005,YEAR,400,COUNTRY,PUBLISHED,Life expectancy (at birth),Jordan,MALE,75.82405784
90E2E48WHOSIS_000001,WHOSIS_000001,90E2E48,WHOSIS_000001,2005,YEAR,404,COUNTRY,PUBLISHED,Life expectancy (at birth),Kenya,MALE,55.00233198
90E2E48WHOSIS_000001,WHOSIS_000001,90E2E48,WHOSIS_000001,2005,YEAR,410,COUNTRY,PUBLISHED,Life expectancy (at birth),Republic of Korea,MALE,75.01338357
90E2E48WHOSIS_000001,WHOSIS_000001,90E2E48,WHOSIS_000001,2004,YEAR,706,COUNTRY,PUBLISHED,Life expectancy (at birth),Somalia,MALE,47.23135376
90E2E48WHOSIS_000001,WHOSIS_000001,90E2E48,WHOSIS_000001,2004,YEAR,710,COUNTRY,PUBLISHED,Life expectancy (at birth),South Africa,MALE,50.63682364
90E2E48WHOSIS_000001,WHOSIS_000001,90E2E48,WHOSIS_000001,2004,YEAR,716,COUNTRY,PUBLISHED,Life expectancy (at birth),Zimbabwe,MALE,44.90256126
90E2E48WHOSIS_000001,WHOSIS_000001,90E2E48,WHOSIS_000001,2004,YEAR,724,COUNTRY,PUBLISHED,Life expectancy (at birth),Spain,MALE,76.73016552
90E2E48WHOSIS_000001,WHOSIS_000001,90E2E48,WHOSIS_000001,2005,YEAR,388,COUNTRY,PUBLISHED,Life expectancy (at birth),Jamaica,MALE,68.05777471
90E2E48WHOSIS_000001,WHOSIS_000001,90E2E48,WHOSIS_000001,2005,YEAR,392,COUNTRY,PUBLISHED,Life expectancy (at birth),Japan,MALE,78.84358455
90E2E48WHOSIS_000001,WHOSIS_000001,90E2E48,WHOSIS_000001,2005,YEAR,398,COUNTRY,PUBLISHED,Life expectancy (at birth),Kazakhstan,MALE,59.45294022
90E2E48WHOSIS_000001,WHOSIS_000001,90E2E48,WHOSIS_000001,2005,YEAR,414,COUNTRY,PUBLISHED,Life expectancy (at birth),Kuwait,MALE,76.58511286
90E2E48WHOSIS_000001,WHOSIS_000001,90E2E48,WHOSIS_000001,2005,YEAR,434,COUNTRY,PUBLISHED,Life expectancy (at birth),Libya,MALE,72.37235377
90E2E48WHOSIS_000001,WHOSIS_000001,90E2E48,WHOSIS_000001,2006,YEAR,276,COUNTRY,PUBLISHED,Life expectancy (at birth),Germany,MALE,77.02301842
90E2E48WHOSIS_000001,WHOSIS_000001,90E2E48,WHOSIS_000001,2005,YEAR,480,COUNTRY,PUBLISHED,Life expectancy (at birth),Mauritius,MALE,68.85813907
90E2E48WHOSIS_000001,WHOSIS_000001,90E2E48,WHOSIS_000001,2005,YEAR,484,COUNTRY,PUBLISHED,Life expectancy (at birth),Mexico,MALE,72.5756633
90E2E48WHOSIS_000001,WHOSIS_000001,90E2E48,WHOSIS_000001,2005,YEAR,496,COUNTRY,PUBLISHED,Life expectancy (at birth),Mongolia,MALE,61.21416646
90E2E48WHOSIS_000001,WHOSIS_000001,90E2E48,WHOSIS_000001,2006,YEAR,300,COUNTRY,PUBLISHED,Life expectancy (at birth),Greece,MALE,77.38297254
90E2E48WHOSIS_000001,WHOSIS_000001,90E2E48,WHOSIS_000001,2006,YEAR,308,COUNTRY,PUBLISHED,Life expectancy (at birth),Grenada,MALE,67.95419108
90E2E48WHOSIS_000001,WHOSIS_000001,90E2E48,WHOSIS_000001,2006,YEAR,784,COUNTRY,PUBLISHED,Life expectancy (at birth),United Arab Emirates,MALE,80.08842121
90E2E48WHOSIS_000001,WHOSIS_000001,90E2E48,WHOSIS_000001,2001,YEAR,784,COUNTRY,PUBLISHED,Life expectancy (at birth),United Arab Emirates,MALE,78.72034312
90E2E48WHOSIS_000001,WHOSIS_000001,90E2E48,WHOSIS_000001,2006,YEAR,818,COUNTRY,PUBLISHED,Life expectancy (at birth),Egypt,MALE,66.92804304
90E2E48WHOSIS_000001,WHOSIS_000001,90E2E48,WHOSIS_000001,2006,YEAR,840,COUNTRY,PUBLISHED,Life expectancy (at birth),United States of America,MALE,75.31184915
90E2E48WHOSIS_000001,WHOSIS_000001,90E2E48,WHOSIS_000001,2001,YEAR,840,COUNTRY,PUBLISHED,Life expectancy (at birth),United States of America,MALE,74.27711012
90E2E48WHOSIS_000001,WHOSIS_000001,90E2E48,WHOSIS_000001,2001,YEAR,818,COUNTRY,PUBLISHED,Life expectancy (at birth),Egypt,MALE,66.11196416
90E2E48WHOSIS_000001,WHOSIS_000001,90E2E48,WHOSIS_000001,2001,YEAR,953,WHOREGION,PUBLISHED,Life expectancy (at birth),Africa,MALE,52.12164525
90E2E48WHOSIS_000001,WHOSIS_000001,90E2E48,WHOSIS_000001,2001,YEAR,954,WHOREGION,PUBLISHED,Life expectancy (at birth),Americas,TOTAL,74.30398059
90E2E48WHOSIS_000001,WHOSIS_000001,90E2E48,WHOSIS_000001,2001,YEAR,955,WHOREGION,PUBLISHED,Life expectancy (at birth),South-East Asia,MALE,63.16638228
90E2E48WHOSIS_000001,WHOSIS_000001,90E2E48,WHOSIS_000001,2001,YEAR,887,COUNTRY,PUBLISHED,Life expectancy (at birth),Yemen,MALE,61.99797777
90E2E48WHOSIS_000001,WHOSIS_000001,90E2E48,WHOSIS_000001,2001,YEAR,894,COUNTRY,PUBLISHED,Life expectancy (at birth),Zambia,MALE,44.2082075
90E2E48WHOSIS_000001,WHOSIS_000001,90E2E48,WHOSIS_000001,2001,YEAR,956,WHOREGION,PUBLISHED,Life expectancy (at birth),Europe,MALE,68.58974489
90E2E48WHOSIS_000001,WHOSIS_000001,90E2E48,WHOSIS_000001,2002,YEAR,480,COUNTRY,PUBLISHED,Life expectancy (at birth),Mauritius,MALE,68.39928031
90E2E48WHOSIS_000001,WHOSIS_000001,90E2E48,WHOSIS_000001,2003,YEAR,144,COUNTRY,PUBLISHED,Life expectancy (at birth),Sri Lanka,MALE,69.47318965
90E2E48WHOSIS_000001,WHOSIS_000001,90E2E48,WHOSIS_000001,2003,YEAR,124,COUNTRY,PUBLISHED,Life expectancy (at birth),Canada,MALE,77.16240072
90E2E48WHOSIS_000001,WHOSIS_000001,90E2E48,WHOSIS_000001,2003,YEAR,156,COUNTRY,PUBLISHED,Life expectancy (at birth),China,MALE,69.33645795
90E2E48WHOSIS_000001,WHOSIS_000001,90E2E48,WHOSIS_000001,2003,YEAR,170,COUNTRY,PUBLISHED,Life expectancy (at birth),Colombia,MALE,70.18919201
90E2E48WHOSIS_000001,WHOSIS_000001,90E2E48,WHOSIS_000001,2020,YEAR,604,COUNTRY,PUBLISHED,Life expectancy (at birth),Peru,MALE,69.45852441
90E2E48WHOSIS_000001,WHOSIS_000001,90E2E48,WHOSIS_000001,2009,YEAR,56,COUNTRY,PUBLISHED,Life expectancy (at birth),Belgium,MALE,77.22790283
90E2E48WHOSIS_000001,WHOSIS_000001,90E2E48,WHOSIS_000001,2020,YEAR,578,COUNTRY,PUBLISHED,Life expectancy (at birth),Norway,MALE,81.31818645
90E2E48WHOSIS_000001,WHOSIS_000001,90E2E48,WHOSIS_000001,2020,YEAR,586,COUNTRY,PUBLISHED,Life expectancy (at birth),Pakistan,MALE,64.70006694
90E2E48WHOSIS_000001,WHOSIS_000001,90E2E48,WHOSIS_000001,2020,YEAR,608,COUNTRY,PUBLISHED,Life expectancy (at birth),Philippines,MALE,65.99103148
90E2E48WHOSIS_000001,WHOSIS_000001,90E2E48,WHOSIS_000001,2021,YEAR,268,COUNTRY,PUBLISHED,Life expectancy (at birth),Georgia,MALE,66.8541663
90E2E48WHOSIS_000001,WHOSIS_000001,90E2E48,WHOSIS_000001,2021,YEAR,276,COUNTRY,PUBLISHED,Life expectancy (at birth),Germany,MALE,78.14950267
90E2E48WHOSIS_000001,WHOSIS_000001,90E2E48,WHOSIS_000001,2021,YEAR,308,COUNTRY,PUBLISHED,Life expectancy (at birth),Grenada,MALE,70.52317817
90E2E48WHOSIS_000001,WHOSIS_000001,90E2E48,WHOSIS_000001,2021,YEAR,300,COUNTRY,PUBLISHED,Life expectancy (at birth),Greece,MALE,77.25505569
90E2E48WHOSIS_000001,WHOSIS_000001,90E2E48,WHOSIS_000001,2021,YEAR,352,COUNTRY,PUBLISHED,Life expectancy (at birth),Iceland,MALE,81.32974057
90E2E48WHOSIS_000001,WHOSIS_000001,90E2E48,WHOSIS_000001,2021,YEAR,356,COUNTRY,PUBLISHED,Life expectancy (at birth),India,MALE,65.77192893
90E2E48WHOSIS_000001,WHOSIS_000001,90E2E48,WHOSIS_000001,2019,YEAR,76,COUNTRY,PUBLISHED,Life expectancy (at birth),Brazil,MALE,72.22425432
90E2E48WHOSIS_000001,WHOSIS_000001,90E2E48,WHOSIS_000001,2019,YEAR,124,COUNTRY,PUBLISHED,Life expectancy (at birth),Canada,MALE,80.12488697
90E2E48WHOSIS_000001,WHOSIS_000001,90E2E48,WHOSIS_000001,2019,YEAR,104,COUNTRY,PUBLISHED,Life expectancy (at birth),Myanmar,MALE,65.69415328
90E2E48WHOSIS_000001,WHOSIS_000001,90E2E48,WHOSIS_000001,2019,YEAR,144,COUNTRY,PUBLISHED,Life expectancy (at birth),Sri Lanka,MALE,74.31605462
90E2E48WHOSIS_000001,WHOSIS_000001,90E2E48,WHOSIS_000001,2019,YEAR,156,COUNTRY,PUBLISHED,Life expectancy (at birth),China,MALE,74.57707156
90E2E48WHOSIS_000001,WHOSIS_000001,90E2E48,WHOSIS_000001,2019,YEAR,170,COUNTRY,PUBLISHED,Life expectancy (at birth),Colombia,MALE,75.32787458
90E2E48WHOSIS_000001,WHOSIS_000001,90E2E48,WHOSIS_000001,2019,YEAR,192,COUNTRY,PUBLISHED,Life expectancy (at birth),Cuba,MALE,75.29554064
90E2E48WHOSIS_000001,WHOSIS_000001,90E2E48,WHOSIS_000001,2008,YEAR,496,COUNTRY,PUBLISHED,Life expectancy (at birth),Mongolia,MALE,62.97243169
90E2E48WHOSIS_000001,WHOSIS_000001,90E2E48,WHOSIS_000001,2019,YEAR,276,COUNTRY,PUBLISHED,Life expectancy (at birth),Germany,MALE,78.74919085
90E2E48WHOSIS_000001,WHOSIS_000001,90E2E48,WHOSIS_000001,2020,YEAR,36,COUNTRY,PUBLISHED,Life expectancy (at birth),Australia,MALE,81.50154912
90E2E48WHOSIS_000001,WHOSIS_000001,90E2E48,WHOSIS_000001,2008,YEAR,480,COUNTRY,PUBLISHED,Life expectancy (at birth),Mauritius,MALE,69.47727045
90E2E48WHOSIS_000001,WHOSIS_000001,90E2E48,WHOSIS_000001,2008,YEAR,484,COUNTRY,PUBLISHED,Life expectancy (at birth),Mexico,MALE,72.5285675
90E2E48WHOSIS_000001,WHOSIS_000001,90E2E48,WHOSIS_000001,2020,YEAR,48,COUNTRY,PUBLISHED,Life expectancy (at birth),Bahrain,MALE,73.61107763
90E2E48WHOSIS_000001,WHOSIS_000001,90E2E48,WHOSIS_000001,2020,YEAR,50,COUNTRY,PUBLISHED,Life expectancy (at birth),Bangladesh,MALE,71.66716678
90E2E48WHOSIS_000001,WHOSIS_000001,90E2E48,WHOSIS_000001,2008,YEAR,634,COUNTRY,PUBLISHED,Life expectancy (at birth),Qatar,MALE,71.69629186
90E2E48WHOSIS_000001,WHOSIS_000001,90E2E48,WHOSIS_000001,2008,YEAR,642,COUNTRY,PUBLISHED,Life expectancy (at birth),Romania,MALE,69.63426863
90E2E48WHOSIS_000001,WHOSIS_000001,90E2E48,WHOSIS_000001,2020,YEAR,388,COUNTRY,PUBLISHED,Life expectancy (at birth),Jamaica,MALE,70.10294255
90E2E48WHOSIS_000001,WHOSIS_000001,90E2E48,WHOSIS_000001,2020,YEAR,392,COUNTRY,PUBLISHED,Life expectancy (at birth),Japan,MALE,81.88217905
90E2E48WHOSIS_000001,WHOSIS_000001,90E2E48,WHOSIS_000001,2020,YEAR,398,COUNTRY,PUBLISHED,Life expectancy (at birth),Kazakhstan,MALE,67.03899862
90E2E48WHOSIS_000001,WHOSIS_000001,90E2E48,WHOSIS_000001,2020,YEAR,400,COUNTRY,PUBLISHED,Life expectancy (at birth),Jordan,MALE,76.56703087
90E2E48WHOSIS_000001,WHOSIS_000001,90E2E48,WHOSIS_000001,2008,YEAR,643,COUNTRY,PUBLISHED,Life expectancy (at birth),Russian Federation,MALE,61.7625566
90E2E48WHOSIS_000001,WHOSIS_000001,90E2E48,WHOSIS_000001,2020,YEAR,410,COUNTRY,PUBLISHED,Life expectancy (at birth),Republic of Korea,MALE,80.69913201
90E2E48WHOSIS_000001,WHOSIS_000001,90E2E48,WHOSIS_000001,2020,YEAR,414,COUNTRY,PUBLISHED,Life expectancy (at birth),Kuwait,MALE,76.51859306
90E2E48WHOSIS_000001,WHOSIS_000001,90E2E48,WHOSIS_000001,2020,YEAR,404,COUNTRY,PUBLISHED,Life expectancy (at birth),Kenya,MALE,64.06213434
90E2E48WHOSIS_000001,WHOSIS_000001,90E2E48,WHOSIS_000001,2020,YEAR,434,COUNTRY,PUBLISHED,Life expectancy (at birth),Libya,MALE,70.37431397
90E2E48WHOSIS_000001,WHOSIS_000001,90E2E48,WHOSIS_000001,2020,YEAR,480,COUNTRY,PUBLISHED,Life expectancy (at birth),Mauritius,MALE,70.33233512
90E2E48WHOSIS_000001,WHOSIS_000001,90E2E48,WHOSIS_000001,2020,YEAR,484,COUNTRY,PUBLISHED,Life expectancy (at birth),Mexico,MALE,67.11552638
90E2E48WHOSIS_000001,WHOSIS_000001,90E2E48,WHOSIS_000001,2020,YEAR,496,COUNTRY,PUBLISHED,Life expectancy (at birth),Mongolia,MALE,68.50318766
90E2E48WHOSIS_000001,WHOSIS_000001,90E2E48,WHOSIS_000001,2021,YEAR,192,COUNTRY,PUBLISHED,Life expectancy (at birth),Cuba,MALE,71.12595537
90E2E48WHOSIS_000001,WHOSIS_000001,90E2E48,WHOSIS_000001,2009,YEAR,156,COUNTRY,PUBLISHED,Life expectancy (at birth),China,MALE,71.74361873
90E2E48WHOSIS_000001,WHOSIS_000001,90E2E48,WHOSIS_000001,2009,YEAR,170,COUNTRY,PUBLISHED,Life expectancy (at birth),Colombia,MALE,72.6125017
90E2E48WHOSIS_000001,WHOSIS_000001,90E2E48,WHOSIS_000001,2009,YEAR,144,COUNTRY,PUBLISHED,Life expectancy (at birth),Sri Lanka,MALE,68.41648374
90E2E48WHOSIS_000001,WHOSIS_000001,90E2E48,WHOSIS_000001,2021,YEAR,246,COUNTRY,PUBLISHED,Life expectancy (at birth),Finland,MALE,79.00774147
90E2E48WHOSIS_000001,WHOSIS_000001,90E2E48,WHOSIS_000001,2021,YEAR,250,COUNTRY,PUBLISHED,Life expectancy (at birth),France,MALE,79.07623773
90E2E48WHOSIS_000001,WHOSIS_000001,90E2E48,WHOSIS_000001,2021,YEAR,894,COUNTRY,PUBLISHED,Life expectancy (at birth),Zambia,MALE,58.72094624
90E2E48WHOSIS_000001,WHOSIS_000001,90E2E48,WHOSIS_000001,2021,YEAR,887,COUNTRY,PUBLISHED,Life expectancy (at birth),Yemen,MALE,63.08852618
90E2E48WHOSIS_000001,WHOSIS_000001,90E2E48,WHOSIS_000001,2002,YEAR,954,WHOREGION,PUBLISHED,Life expectancy (at birth),Americas,FEMALE,77.35853412
90E2E48WHOSIS_000001,WHOSIS_000001,90E2E48,WHOSIS_000001,2021,YEAR,955,WHOREGION,PUBLISHED,Life expectancy (at birth),South-East Asia,MALE,66.59948962
90E2E48WHOSIS_000001,WHOSIS_000001,90E2E48,WHOSIS_000001,2021,YEAR,956,WHOREGION,PUBLISHED,Life expectancy (at birth),Europe,MALE,73.25065916
90E2E48WHOSIS_000001,WHOSIS_000001,90E2E48,WHOSIS_000001,2021,YEAR,953,WHOREGION,PUBLISHED,Life expectancy (at birth),Africa,MALE,61.7413082
90E2E48WHOSIS_000001,WHOSIS_000001,90E2E48,WHOSIS_000001,2009,YEAR,300,COUNTRY,PUBLISHED,Life expectancy (at birth),Greece,MALE,77.52556313
90E2E48WHOSIS_000001,WHOSIS_000001,90E2E48,WHOSIS_000001,2009,YEAR,352,COUNTRY,PUBLISHED,Life expectancy (at birth),Iceland,MALE,79.81675031
90E2E48WHOSIS_000001,WHOSIS_000001,90E2E48,WHOSIS_000001,2009,YEAR,356,COUNTRY,PUBLISHED,Life expectancy (at birth),India,MALE,65.44772197
90E2E48WHOSIS_000001,WHOSIS_000001,90E2E48,WHOSIS_000001,2009,YEAR,308,COUNTRY,PUBLISHED,Life expectancy (at birth),Grenada,MALE,68.06266967
90E2E48WHOSIS_000001,WHOSIS_000001,90E2E48,WHOSIS_000001,2009,YEAR,360,COUNTRY,PUBLISHED,Life expectancy (at birth),Indonesia,MALE,67.36611188
90E2E48WHOSIS_000001,WHOSIS_000001,90E2E48,WHOSIS_000001,2009,YEAR,364,COUNTRY,PUBLISHED,Life expectancy (at birth),Iran (Islamic Republic of),MALE,74.31616309
90E2E48WHOSIS_000001,WHOSIS_000001,90E2E48,WHOSIS_000001,2009,YEAR,368,COUNTRY,PUBLISHED,Life expectancy (at birth),Iraq,MALE,67.71867359
90E2E48WHOSIS_000001,WHOSIS_000001,90E2E48,WHOSIS_000001,2009,YEAR,372,COUNTRY,PUBLISHED,Life expectancy (at birth),Ireland,MALE,77.15047148
90E2E48WHOSIS_000001,WHOSIS_000001,90E2E48,WHOSIS_000001,2009,YEAR,376,COUNTRY,PUBLISHED,Life expectancy (at birth),Israel,MALE,79.10267142
90E2E48WHOSIS_000001,WHOSIS_000001,90E2E48,WHOSIS_000001,2009,YEAR,380,COUNTRY,PUBLISHED,Life expectancy (at birth),Italy,MALE,78.97904681
90E2E48WHOSIS_000001,WHOSIS_000001,90E2E48,WHOSIS_000001,2009,YEAR,392,COUNTRY,PUBLISHED,Life expectancy (at birth),Japan,MALE,79.8849322
90E2E48WHOSIS_000001,WHOSIS_000001,90E2E48,WHOSIS_000001,2009,YEAR,398,COUNTRY,PUBLISHED,Life expectancy (at birth),Kazakhstan,MALE,63.45245392
90E2E48WHOSIS_000001,WHOSIS_000001,90E2E48,WHOSIS_000001,2009,YEAR,400,COUNTRY,PUBLISHED,Life expectancy (at birth),Jordan,MALE,76.91489519
90E2E48WHOSIS_000001,WHOSIS_000001,90E2E48,WHOSIS_000001,2009,YEAR,404,COUNTRY,PUBLISHED,Life expectancy (at birth),Kenya,MALE,58.68102551
90E2E48WHOSIS_000001,WHOSIS_000001,90E2E48,WHOSIS_000001,2009,YEAR,388,COUNTRY,PUBLISHED,Life expectancy (at birth),Jamaica,MALE,69.02523822
90E2E48WHOSIS_000001,WHOSIS_000001,90E2E48,WHOSIS_000001,2018,YEAR,953,WHOREGION,PUBLISHED,Life expectancy (at birth),Africa,MALE,61.8623864
90E2E48WHOSIS_000001,WHOSIS_000001,90E2E48,WHOSIS_000001,2009,YEAR,410,COUNTRY,PUBLISHED,Life expectancy (at birth),Republic of Korea,MALE,76.90051259
90E2E48WHOSIS_000001,WHOSIS_000001,90E2E48,WHOSIS_000001,2018,YEAR,956,WHOREGION,PUBLISHED,Life expectancy (at birth),Europe,MALE,74.58527627
90E2E48WHOSIS_000001,WHOSIS_000001,90E2E48,WHOSIS_000001,2002,YEAR,954,WHOREGION,PUBLISHED,Life expectancy (at birth),Americas,MALE,71.6446778
90E2E48WHOSIS_000001,WHOSIS_000001,90E2E48,WHOSIS_000001,2018,YEAR,955,WHOREGION,PUBLISHED,Life expectancy (at birth),South-East Asia,MALE,69.35230717
90E2E48WHOSIS_000001,WHOSIS_000001,90E2E48,WHOSIS_000001,2019,YEAR,4,COUNTRY,PUBLISHED,Life expectancy (at birth),Afghanistan,MALE,60.04471263
90E2E48WHOSIS_000001,WHOSIS_000001,90E2E48,WHOSIS_000001,2019,YEAR,48,COUNTRY,PUBLISHED,Life expectancy (at birth),Bahrain,MALE,75.38745199
90E2E48WHOSIS_000001,WHOSIS_000001,90E2E48,WHOSIS_000001,2019,YEAR,50,COUNTRY,PUBLISHED,Life expectancy (at birth),Bangladesh,MALE,72.64472365
90E2E48WHOSIS_000001,WHOSIS_000001,90E2E48,WHOSIS_000001,2019,YEAR,32,COUNTRY,PUBLISHED,Life expectancy (at birth),Argentina,MALE,74.00310814
90E2E48WHOSIS_000001,WHOSIS_000001,90E2E48,WHOSIS_000001,2019,YEAR,36,COUNTRY,PUBLISHED,Life expectancy (at birth),Australia,MALE,80.72082576
90E2E48WHOSIS_000001,WHOSIS_000001,90E2E48,WHOSIS_000001,2019,YEAR,56,COUNTRY,PUBLISHED,Life expectancy (at birth),Belgium,MALE,79.50239621
90E2E48WHOSIS_000001,WHOSIS_000001,90E2E48,WHOSIS_000001,2019,YEAR,887,COUNTRY,PUBLISHED,Life expectancy (at birth),Yemen,MALE,63.94682796
90E2E48WHOSIS_000001,WHOSIS_000001,90E2E48,WHOSIS_000001,2019,YEAR,894,COUNTRY,PUBLISHED,Life expectancy (at birth),Zambia,MALE,59.43027143
90E2E48WHOSIS_000001,WHOSIS_000001,90E2E48,WHOSIS_000001,2019,YEAR,953,WHOREGION,PUBLISHED,Life expectancy (at birth),Africa,MALE,62.26132274
90E2E48WHOSIS_000001,WHOSIS_000001,90E2E48,WHOSIS_000001,2002,YEAR,954,WHOREGION,PUBLISHED,Life expectancy (at birth),Americas,TOTAL,74.50152763
90E2E48WHOSIS_000001,WHOSIS_000001,90E2E48,WHOSIS_000001,2019,YEAR,955,WHOREGION,PUBLISHED,Life expectancy (at birth),South-East Asia,MALE,69.61256735
90E2E48WHOSIS_000001,WHOSIS_000001,90E2E48,WHOSIS_000001,2019,YEAR,956,WHOREGION,PUBLISHED,Life expectancy (at birth),Europe,MALE,74.98570203
90E2E48WHOSIS_000001,WHOSIS_000001,90E2E48,WHOSIS_000001,2020,YEAR,4,COUNTRY,PUBLISHED,Life expectancy (at birth),Afghanistan,MALE,59.33504278
90E2E48WHOSIS_000001,WHOSIS_000001,90E2E48,WHOSIS_000001,2008,YEAR,956,WHOREGION,PUBLISHED,Life expectancy (at birth),Europe,MALE,71.04651081
90E2E48WHOSIS_000001,WHOSIS_000001,90E2E48,WHOSIS_000001,2020,YEAR,32,COUNTRY,PUBLISHED,Life expectancy (at birth),Argentina,MALE,73.06196342
90E2E48WHOSIS_000001,WHOSIS_000001,90E2E48,WHOSIS_000001,2008,YEAR,953,WHOREGION,PUBLISHED,Life expectancy (at birth),Africa,MALE,56.58963195
90E2E48WHOSIS_000001,WHOSIS_000001,90E2E48,WHOSIS_000001,2003,YEAR,954,WHOREGION,PUBLISHED,Life expectancy (at birth),Americas,FEMALE,77.51131093
90E2E48WHOSIS_000001,WHOSIS_000001,90E2E48,WHOSIS_000001,2008,YEAR,955,WHOREGION,PUBLISHED,Life expectancy (at birth),South-East Asia,MALE,65.38494914
90E2E48WHOSIS_000001,WHOSIS_000001,90E2E48,WHOSIS_000001,2009,YEAR,4,COUNTRY,PUBLISHED,Life expectancy (at birth),Afghanistan,MALE,58.09991419
90E2E48WHOSIS_000001,WHOSIS_000001,90E2E48,WHOSIS_000001,2009,YEAR,48,COUNTRY,PUBLISHED,Life expectancy (at birth),Bahrain,MALE,72.6005146
90E2E48WHOSIS_000001,WHOSIS_000001,90E2E48,WHOSIS_000001,2009,YEAR,50,COUNTRY,PUBLISHED,Life expectancy (at birth),Bangladesh,MALE,67.86440436
90E2E48WHOSIS_000001,WHOSIS_000001,90E2E48,WHOSIS_000001,2009,YEAR,32,COUNTRY,PUBLISHED,Life expectancy (at birth),Argentina,MALE,72.48574404
90E2E48WHOSIS_000001,WHOSIS_000001,90E2E48,WHOSIS_000001,2009,YEAR,36,COUNTRY,PUBLISHED,Life expectancy (at birth),Australia,MALE,79.63332299
90E2E48WHOSIS_000001,WHOSIS_000001,90E2E48,WHOSIS_000001,2021,YEAR,104,COUNTRY,PUBLISHED,Life expectancy (at birth),Myanmar,MALE,64.71030315
90E2E48WHOSIS_000001,WHOSIS_000001,90E2E48,WHOSIS_000001,2020,YEAR,376,COUNTRY,PUBLISHED,Life expectancy (at birth),Israel,MALE,80.36306142
90E2E48WHOSIS_000001,WHOSIS_000001,90E2E48,WHOSIS_000001,2020,YEAR,380,COUNTRY,PUBLISHED,Life expectancy (at birth),Italy,MALE,79.7608926
90E2E48WHOSIS_000001,WHOSIS_000001,90E2E48,WHOSIS_000001,2021,YEAR,124,COUNTRY,PUBLISHED,Life expectancy (at birth),Canada,MALE,79.37275984
90E2E48WHOSIS_000001,WHOSIS_000001,90E2E48,WHOSIS_000001,2021,YEAR,156,COUNTRY,PUBLISHED,Life expectancy (at birth),China,MALE,74.9541357
90E2E48WHOSIS_000001,WHOSIS_000001,90E2E48,WHOSIS_000001,2021,YEAR,170,COUNTRY,PUBLISHED,Life expectancy (at birth),Colombia,MALE,71.55393166
90E2E48WHOSIS_000001,WHOSIS_000001,90E2E48,WHOSIS_000001,2021,YEAR,144,COUNTRY,PUBLISHED,Life expectancy (at birth),Sri Lanka,MALE,74.15829356
90E2E48WHOSIS_000001,WHOSIS_000001,90E2E48,WHOSIS_000001,2021,YEAR,764,COUNTRY,PUBLISHED,Life expectancy (at birth),Thailand,MALE,71.76037025
90E2E48WHOSIS_000001,WHOSIS_000001,90E2E48,WHOSIS_000001,2021,YEAR,784,COUNTRY,PUBLISHED,Life expectancy (at birth),United Arab Emirates,MALE,77.17597678
90E2E48WHOSIS_000001,WHOSIS_000001,90E2E48,WHOSIS_000001,2021,YEAR,818,COUNTRY,PUBLISHED,Life expectancy (at birth),Egypt,MALE,66.6899896
90E2E48WHOSIS_000001,WHOSIS_000001,90E2E48,WHOSIS_000001,2021,YEAR,840,COUNTRY,PUBLISHED,Life expectancy (at birth),United States of America,MALE,73.72311675
90E2E48WHOSIS_000001,WHOSIS_000001,90E2E48,WHOSIS_000001,2009,YEAR,246,COUNTRY,PUBLISHED,Life expectancy (at birth),Finland,MALE,76.41831729
90E2E48WHOSIS_000001,WHOSIS_000001,90E2E48,WHOSIS_000001,2009,YEAR,250,COUNTRY,PUBLISHED,Life expectancy (at birth),France,MALE,77.77675542
90E2E48WHOSIS_000001,WHOSIS_000001,90E2E48,WHOSIS_000001,2009,YEAR,268,COUNTRY,PUBLISHED,Life expectancy (at birth),Georgia,MALE,66.90520488
90E2E48WHOSIS_000001,WHOSIS_000001,90E2E48,WHOSIS_000001,2009,YEAR,276,COUNTRY,PUBLISHED,Life expectancy (at birth),Germany,MALE,77.54704499
90E2E48WHOSIS_000001,WHOSIS_000001,90E2E48,WHOSIS_000001,2013,YEAR,586,COUNTRY,PUBLISHED,Life expectancy (at birth),Pakistan,MALE,64.33022268
90E2E48WHOSIS_000001,WHOSIS_000001,90E2E48,WHOSIS_000001,2013,YEAR,578,COUNTRY,PUBLISHED,Life expectancy (at birth),Norway,MALE,79.52688167
90E2E48WHOSIS_000001,WHOSIS_000001,90E2E48,WHOSIS_000001,2013,YEAR,604,COUNTRY,PUBLISHED,Life expectancy (at birth),Peru,MALE,77.98323782
90E2E48WHOSIS_000001,WHOSIS_000001,90E2E48,WHOSIS_000001,2013,YEAR,608,COUNTRY,PUBLISHED,Life expectancy (at birth),Philippines,MALE,65.69000898
90E2E48WHOSIS_000001,WHOSIS_000001,90E2E48,WHOSIS_000001,2013,YEAR,616,COUNTRY,PUBLISHED,Life expectancy (at birth),Poland,MALE,72.88268771
90E2E48WHOSIS_000001,WHOSIS_000001,90E2E48,WHOSIS_000001,2013,YEAR,620,COUNTRY,PUBLISHED,Life expectancy (at birth),Portugal,MALE,77.36595799
90E2E48WHOSIS_000001,WHOSIS_000001,90E2E48,WHOSIS_000001,2013,YEAR,634,COUNTRY,PUBLISHED,Life expectancy (at birth),Qatar,MALE,74.91829874
90E2E48WHOSIS_000001,WHOSIS_000001,90E2E48,WHOSIS_000001,2013,YEAR,642,COUNTRY,PUBLISHED,Life expectancy (at birth),Romania,MALE,71.51885533
90E2E48WHOSIS_000001,WHOSIS_000001,90E2E48,WHOSIS_000001,2013,YEAR,682,COUNTRY,PUBLISHED,Life expectancy (at birth),Saudi Arabia,MALE,76.67852278
90E2E48WHOSIS_000001,WHOSIS_000001,90E2E48,WHOSIS_000001,2013,YEAR,643,COUNTRY,PUBLISHED,Life expectancy (at birth),Russian Federation,MALE,65.05191739
90E2E48WHOSIS_000001,WHOSIS_000001,90E2E48,WHOSIS_000001,2020,YEAR,554,COUNTRY,PUBLISHED,Life expectancy (at birth),New Zealand,FEMALE,84.26538064
90E2E48WHOSIS_000001,WHOSIS_000001,90E2E48,WHOSIS_000001,2020,YEAR,524,COUNTRY,PUBLISHED,Life expectancy (at birth),Nepal,FEMALE,72.99390367
90E2E48WHOSIS_000001,WHOSIS_000001,90E2E48,WHOSIS_000001,2020,YEAR,512,COUNTRY,PUBLISHED,Life expectancy (at birth),Oman,FEMALE,76.79727366
90E2E48WHOSIS_000001,WHOSIS_000001,90E2E48,WHOSIS_000001,2009,YEAR,56,COUNTRY,PUBLISHED,Life expectancy (at birth),Belgium,FEMALE,82.32833586
90E2E48WHOSIS_000001,WHOSIS_000001,90E2E48,WHOSIS_000001,2001,YEAR,360,COUNTRY,PUBLISHED,Life expectancy (at birth),Indonesia,FEMALE,68.65561428
90E2E48WHOSIS_000001,WHOSIS_000001,90E2E48,WHOSIS_000001,2002,YEAR,156,COUNTRY,PUBLISHED,Life expectancy (at birth),China,FEMALE,74.04670957
90E2E48WHOSIS_000001,WHOSIS_000001,90E2E48,WHOSIS_000001,2002,YEAR,170,COUNTRY,PUBLISHED,Life expectancy (at birth),Colombia,FEMALE,76.91107017
90E2E48WHOSIS_000001,WHOSIS_000001,90E2E48,WHOSIS_000001,2002,YEAR,144,COUNTRY,PUBLISHED,Life expectancy (at birth),Sri Lanka,FEMALE,77.60836362
90E2E48WHOSIS_000001,WHOSIS_000001,90E2E48,WHOSIS_000001,2002,YEAR,124,COUNTRY,PUBLISHED,Life expectancy (at birth),Canada,FEMALE,81.70175466
90E2E48WHOSIS_000001,WHOSIS_000001,90E2E48,WHOSIS_000001,2001,YEAR,364,COUNTRY,PUBLISHED,Life expectancy (at birth),Iran (Islamic Republic of),FEMALE,75.49973359
90E2E48WHOSIS_000001,WHOSIS_000001,90E2E48,WHOSIS_000001,2013,YEAR,48,COUNTRY,PUBLISHED,Life expectancy (at birth),Bahrain,MALE,74.51113469
90E2E48WHOSIS_000001,WHOSIS_000001,90E2E48,WHOSIS_000001,2013,YEAR,50,COUNTRY,PUBLISHED,Life expectancy (at birth),Bangladesh,MALE,71.51260799
90E2E48WHOSIS_000001,WHOSIS_000001,90E2E48,WHOSIS_000001,2013,YEAR,56,COUNTRY,PUBLISHED,Life expectancy (at birth),Belgium,MALE,77.89166771
90E2E48WHOSIS_000001,WHOSIS_000001,90E2E48,WHOSIS_000001,2013,YEAR,702,COUNTRY,PUBLISHED,Life expectancy (at birth),Singapore,MALE,80.18142042
90E2E48WHOSIS_000001,WHOSIS_000001,90E2E48,WHOSIS_000001,2014,YEAR,56,COUNTRY,PUBLISHED,Life expectancy (at birth),Belgium,MALE,78.53436594
90E2E48WHOSIS_000001,WHOSIS_000001,90E2E48,WHOSIS_000001,2020,YEAR,586,COUNTRY,PUBLISHED,Life expectancy (at birth),Pakistan,FEMALE,67.02987521
90E2E48WHOSIS_000001,WHOSIS_000001,90E2E48,WHOSIS_000001,2020,YEAR,578,COUNTRY,PUBLISHED,Life expectancy (at birth),Norway,FEMALE,84.3401172
90E2E48WHOSIS_000001,WHOSIS_000001,90E2E48,WHOSIS_000001,2020,YEAR,616,COUNTRY,PUBLISHED,Life expectancy (at birth),Poland,FEMALE,80.44535889
90E2E48WHOSIS_000001,WHOSIS_000001,90E2E48,WHOSIS_000001,2021,YEAR,300,COUNTRY,PUBLISHED,Life expectancy (at birth),Greece,FEMALE,81.95119556
90E2E48WHOSIS_000001,WHOSIS_000001,90E2E48,WHOSIS_000001,2021,YEAR,308,COUNTRY,PUBLISHED,Life expectancy (at birth),Grenada,FEMALE,75.20123415
90E2E48WHOSIS_000001,WHOSIS_000001,90E2E48,WHOSIS_000001,2021,YEAR,268,COUNTRY,PUBLISHED,Life expectancy (at birth),Georgia,FEMALE,75.59980816
90E2E48WHOSIS_000001,WHOSIS_000001,90E2E48,WHOSIS_000001,2002,YEAR,192,COUNTRY,PUBLISHED,Life expectancy (at birth),Cuba,FEMALE,79.89182538
90E2E48WHOSIS_000001,WHOSIS_000001,90E2E48,WHOSIS_000001,2007,YEAR,192,COUNTRY,PUBLISHED,Life expectancy (at birth),Cuba,FEMALE,80.07419962
90E2E48WHOSIS_000001,WHOSIS_000001,90E2E48,WHOSIS_000001,2002,YEAR,887,COUNTRY,PUBLISHED,Life expectancy (at birth),Yemen,FEMALE,65.74001636
90E2E48WHOSIS_000001,WHOSIS_000001,90E2E48,WHOSIS_000001,2013,YEAR,76,COUNTRY,PUBLISHED,Life expectancy (at birth),Brazil,MALE,70.96826673
90E2E48WHOSIS_000001,WHOSIS_000001,90E2E48,WHOSIS_000001,2013,YEAR,104,COUNTRY,PUBLISHED,Life expectancy (at birth),Myanmar,MALE,63.3364425
90E2E48WHOSIS_000001,WHOSIS_000001,90E2E48,WHOSIS_000001,2014,YEAR,104,COUNTRY,PUBLISHED,Life expectancy (at birth),Myanmar,MALE,63.93730984
90E2E48WHOSIS_000001,WHOSIS_000001,90E2E48,WHOSIS_000001,2014,YEAR,76,COUNTRY,PUBLISHED,Life expectancy (at birth),Brazil,MALE,71.17197361
90E2E48WHOSIS_000001,WHOSIS_000001,90E2E48,WHOSIS_000001,2004,YEAR,76,COUNTRY,PUBLISHED,Life expectancy (at birth),Brazil,FEMALE,76.03420463
90E2E48WHOSIS_000001,WHOSIS_000001,90E2E48,WHOSIS_000001,2004,YEAR,144,COUNTRY,PUBLISHED,Life expectancy (at birth),Sri Lanka,FEMALE,71.78630957
90E2E48WHOSIS_000001,WHOSIS_000001,90E2E48,WHOSIS_000001,2004,YEAR,104,COUNTRY,PUBLISHED,Life expectancy (at birth),Myanmar,FEMALE,63.65731081
90E2E48WHOSIS_000001,WHOSIS_000001,90E2E48,WHOSIS_000001,2014,YEAR,144,COUNTRY,PUBLISHED,Life expectancy (at birth),Sri Lanka,MALE,72.99292073
90E2E48WHOSIS_000001,WHOSIS_000001,90E2E48,WHOSIS_000001,2014,YEAR,124,COUNTRY,PUBLISHED,Life expectancy (at birth),Canada,MALE,79.65219763
90E2E48WHOSIS_000001,WHOSIS_000001,90E2E48,WHOSIS_000001,2002,YEAR,246,COUNTRY,PUBLISHED,Life expectancy (at birth),Finland,FEMALE,81.34161096
90E2E48WHOSIS_000001,WHOSIS_000001,90E2E48,WHOSIS_000001,2002,YEAR,250,COUNTRY,PUBLISHED,Life expectancy (at birth),France,FEMALE,82.56956597
90E2E48WHOSIS_000001,WHOSIS_000001,90E2E48,WHOSIS_000001,2002,YEAR,894,COUNTRY,PUBLISHED,Life expectancy (at birth),Zambia,FEMALE,46.52286163
90E2E48WHOSIS_000001,WHOSIS_000001,90E2E48,WHOSIS_000001,2007,YEAR,250,COUNTRY,PUBLISHED,Life expectancy (at birth),France,FEMALE,84.05820415
90E2E48WHOSIS_000001,WHOSIS_000001,90E2E48,WHOSIS_000001,2007,YEAR,268,COUNTRY,PUBLISHED,Life expectancy (at birth),Georgia,FEMALE,76.98028001
90E2E48WHOSIS_000001,WHOSIS_000001,90E2E48,WHOSIS_000001,2020,YEAR,604,COUNTRY,PUBLISHED,Life expectancy (at birth),Peru,FEMALE,76.70010264
90E2E48WHOSIS_000001,WHOSIS_000001,90E2E48,WHOSIS_000001,2021,YEAR,352,COUNTRY,PUBLISHED,Life expectancy (at birth),Iceland,FEMALE,83.8896676
90E2E48WHOSIS_000001,WHOSIS_000001,90E2E48,WHOSIS_000001,2020,YEAR,608,COUNTRY,PUBLISHED,Life expectancy (at birth),Philippines,FEMALE,73.81604113
90E2E48WHOSIS_000001,WHOSIS_000001,90E2E48,WHOSIS_000001,2021,YEAR,276,COUNTRY,PUBLISHED,Life expectancy (at birth),Germany,FEMALE,82.85918032
90E2E48WHOSIS_000001,WHOSIS_000001,90E2E48,WHOSIS_000001,2021,YEAR,356,COUNTRY,PUBLISHED,Life expectancy (at birth),India,FEMALE,69.01961502
90E2E48WHOSIS_000001,WHOSIS_000001,90E2E48,WHOSIS_000001,2021,YEAR,360,COUNTRY,PUBLISHED,Life expectancy (at birth),Indonesia,FEMALE,70.17754001
90E2E48WHOSIS_000001,WHOSIS_000001,90E2E48,WHOSIS_000001,2019,YEAR,76,COUNTRY,PUBLISHED,Life expectancy (at birth),Brazil,FEMALE,78.72827056
90E2E48WHOSIS_000001,WHOSIS_000001,90E2E48,WHOSIS_000001,2014,YEAR,480,COUNTRY,PUBLISHED,Life expectancy (at birth),Mauritius,MALE,70.74197984
90E2E48WHOSIS_000001,WHOSIS_000001,90E2E48,WHOSIS_000001,2014,YEAR,484,COUNTRY,PUBLISHED,Life expectancy (at birth),Mexico,MALE,73.31550482
90E2E48WHOSIS_000001,WHOSIS_000001,90E2E48,WHOSIS_000001,2014,YEAR,496,COUNTRY,PUBLISHED,Life expectancy (at birth),Mongolia,MALE,64.88937996
90E2E48WHOSIS_000001,WHOSIS_000001,90E2E48,WHOSIS_000001,2014,YEAR,512,COUNTRY,PUBLISHED,Life expectancy (at birth),Oman,MALE,71.82010186
90E2E48WHOSIS_000001,WHOSIS_000001,90E2E48,WHOSIS_000001,2012,YEAR,818,COUNTRY,PUBLISHED,Life expectancy (at birth),Egypt,MALE,67.14416809
90E2E48WHOSIS_000001,WHOSIS_000001,90E2E48,WHOSIS_000001,2007,YEAR,246,COUNTRY,PUBLISHED,Life expectancy (at birth),Finland,FEMALE,82.65797448
90E2E48WHOSIS_000001,WHOSIS_000001,90E2E48,WHOSIS_000001,2003,YEAR,434,COUNTRY,PUBLISHED,Life expectancy (at birth),Libya,FEMALE,75.90376278
90E2E48WHOSIS_000001,WHOSIS_000001,90E2E48,WHOSIS_000001,2007,YEAR,276,COUNTRY,PUBLISHED,Life expectancy (at birth),Germany,FEMALE,82.26613664
90E2E48WHOSIS_000001,WHOSIS_000001,90E2E48,WHOSIS_000001,2019,YEAR,104,COUNTRY,PUBLISHED,Life expectancy (at birth),Myanmar,FEMALE,72.04070291
90E2E48WHOSIS_000001,WHOSIS_000001,90E2E48,WHOSIS_000001,2019,YEAR,144,COUNTRY,PUBLISHED,Life expectancy (at birth),Sri Lanka,FEMALE,80.33001892
90E2E48WHOSIS_000001,WHOSIS_000001,90E2E48,WHOSIS_000001,2019,YEAR,124,COUNTRY,PUBLISHED,Life expectancy (at birth),Canada,FEMALE,83.89712798
90E2E48WHOSIS_000001,WHOSIS_000001,90E2E48,WHOSIS_000001,2019,YEAR,156,COUNTRY,PUBLISHED,Life expectancy (at birth),China,FEMALE,80.36419718
90E2E48WHOSIS_000001,WHOSIS_000001,90E2E48,WHOSIS_000001,2019,YEAR,170,COUNTRY,PUBLISHED,Life expectancy (at birth),Colombia,FEMALE,80.54763102
90E2E48WHOSIS_000001,WHOSIS_000001,90E2E48,WHOSIS_000001,2008,YEAR,480,COUNTRY,PUBLISHED,Life expectancy (at birth),Mauritius,FEMALE,76.43049031
90E2E48WHOSIS_000001,WHOSIS_000001,90E2E48,WHOSIS_000001,2008,YEAR,484,COUNTRY,PUBLISHED,Life expectancy (at birth),Mexico,FEMALE,77.63162588
90E2E48WHOSIS_000001,WHOSIS_000001,90E2E48,WHOSIS_000001,2008,YEAR,496,COUNTRY,PUBLISHED,Life expectancy (at birth),Mongolia,FEMALE,71.19968113
90E2E48WHOSIS_000001,WHOSIS_000001,90E2E48,WHOSIS_000001,2019,YEAR,192,COUNTRY,PUBLISHED,Life expectancy (at birth),Cuba,FEMALE,80.1179989
90E2E48WHOSIS_000001,WHOSIS_000001,90E2E48,WHOSIS_000001,2008,YEAR,643,COUNTRY,PUBLISHED,Life expectancy (at birth),Russian Federation,FEMALE,74.07938097
90E2E48WHOSIS_000001,WHOSIS_000001,90E2E48,WHOSIS_000001,2020,YEAR,392,COUNTRY,PUBLISHED,Life expectancy (at birth),Japan,FEMALE,87.37102664
90E2E48WHOSIS_000001,WHOSIS_000001,90E2E48,WHOSIS_000001,2020,YEAR,398,COUNTRY,PUBLISHED,Life expectancy (at birth),Kazakhstan,FEMALE,75.33905852
90E2E48WHOSIS_000001,WHOSIS_000001,90E2E48,WHOSIS_000001,2020,YEAR,48,COUNTRY,PUBLISHED,Life expectancy (at birth),Bahrain,FEMALE,76.76997313
90E2E48WHOSIS_000001,WHOSIS_000001,90E2E48,WHOSIS_000001,2020,YEAR,50,COUNTRY,PUBLISHED,Life expectancy (at birth),Bangladesh,FEMALE,74.97064162
90E2E48WHOSIS_000001,WHOSIS_000001,90E2E48,WHOSIS_000001,2012,YEAR,840,COUNTRY,PUBLISHED,Life expectancy (at birth),United States of America,MALE,76.60451488
90E2E48WHOSIS_000001,WHOSIS_000001,90E2E48,WHOSIS_000001,2012,YEAR,887,COUNTRY,PUBLISHED,Life expectancy (at birth),Yemen,MALE,66.3889859
90E2E48WHOSIS_000001,WHOSIS_000001,90E2E48,WHOSIS_000001,2012,YEAR,894,COUNTRY,PUBLISHED,Life expectancy (at birth),Zambia,MALE,56.3548562
90E2E48WHOSIS_000001,WHOSIS_000001,90E2E48,WHOSIS_000001,2003,YEAR,480,COUNTRY,PUBLISHED,Life expectancy (at birth),Mauritius,FEMALE,75.30420618
90E2E48WHOSIS_000001,WHOSIS_000001,90E2E48,WHOSIS_000001,2007,YEAR,352,COUNTRY,PUBLISHED,Life expectancy (at birth),Iceland,FEMALE,82.86313338
90E2E48WHOSIS_000001,WHOSIS_000001,90E2E48,WHOSIS_000001,2012,YEAR,953,WHOREGION,PUBLISHED,Life expectancy (at birth),Africa,MALE,59.13535244
90E2E48WHOSIS_000001,WHOSIS_000001,90E2E48,WHOSIS_000001,2003,YEAR,954,WHOREGION,PUBLISHED,Life expectancy (at birth),Americas,TOTAL,74.69714507
90E2E48WHOSIS_000001,WHOSIS_000001,90E2E48,WHOSIS_000001,2012,YEAR,955,WHOREGION,PUBLISHED,Life expectancy (at birth),South-East Asia,MALE,67.33046746
90E2E48WHOSIS_000001,WHOSIS_000001,90E2E48,WHOSIS_000001,2012,YEAR,956,WHOREGION,PUBLISHED,Life expectancy (at birth),Europe,MALE,72.90458337
90E2E48WHOSIS_000001,WHOSIS_000001,90E2E48,WHOSIS_000001,2013,YEAR,4,COUNTRY,PUBLISHED,Life expectancy (at birth),Afghanistan,MALE,59.95228447
90E2E48WHOSIS_000001,WHOSIS_000001,90E2E48,WHOSIS_000001,2013,YEAR,894,COUNTRY,PUBLISHED,Life expectancy (at birth),Zambia,MALE,57.14383184
90E2E48WHOSIS_000001,WHOSIS_000001,90E2E48,WHOSIS_000001,2020,YEAR,36,COUNTRY,PUBLISHED,Life expectancy (at birth),Australia,FEMALE,85.23296174
90E2E48WHOSIS_000001,WHOSIS_000001,90E2E48,WHOSIS_000001,2008,YEAR,634,COUNTRY,PUBLISHED,Life expectancy (at birth),Qatar,FEMALE,74.21482799
90E2E48WHOSIS_000001,WHOSIS_000001,90E2E48,WHOSIS_000001,2008,YEAR,642,COUNTRY,PUBLISHED,Life expectancy (at birth),Romania,FEMALE,77.06718392
90E2E48WHOSIS_000001,WHOSIS_000001,90E2E48,WHOSIS_000001,2020,YEAR,400,COUNTRY,PUBLISHED,Life expectancy (at birth),Jordan,FEMALE,78.80041534
90E2E48WHOSIS_000001,WHOSIS_000001,90E2E48,WHOSIS_000001,2020,YEAR,404,COUNTRY,PUBLISHED,Life expectancy (at birth),Kenya,FEMALE,69.67346734
90E2E48WHOSIS_000001,WHOSIS_000001,90E2E48,WHOSIS_000001,2020,YEAR,410,COUNTRY,PUBLISHED,Life expectancy (at birth),Republic of Korea,FEMALE,86.64297621
90E2E48WHOSIS_000001,WHOSIS_000001,90E2E48,WHOSIS_000001,2020,YEAR,414,COUNTRY,PUBLISHED,Life expectancy (at birth),Kuwait,FEMALE,83.09548217
90E2E48WHOSIS_000001,WHOSIS_000001,90E2E48,WHOSIS_000001,2020,YEAR,434,COUNTRY,PUBLISHED,Life expectancy (at birth),Libya,FEMALE,75.04391073
90E2E48WHOSIS_000001,WHOSIS_000001,90E2E48,WHOSIS_000001,2004,YEAR,124,COUNTRY,PUBLISHED,Life expectancy (at birth),Canada,FEMALE,82.07825363
90E2E48WHOSIS_000001,WHOSIS_000001,90E2E48,WHOSIS_000001,2004,YEAR,156,COUNTRY,PUBLISHED,Life expectancy (at birth),China,FEMALE,74.63519535
90E2E48WHOSIS_000001,WHOSIS_000001,90E2E48,WHOSIS_000001,2004,YEAR,170,COUNTRY,PUBLISHED,Life expectancy (at birth),Colombia,FEMALE,77.42613521
90E2E48WHOSIS_000001,WHOSIS_000001,90E2E48,WHOSIS_000001,2004,YEAR,784,COUNTRY,PUBLISHED,Life expectancy (at birth),United Arab Emirates,FEMALE,78.89396014
90E2E48WHOSIS_000001,WHOSIS_000001,90E2E48,WHOSIS_000001,2020,YEAR,480,COUNTRY,PUBLISHED,Life expectancy (at birth),Mauritius,FEMALE,76.98975453
90E2E48WHOSIS_000001,WHOSIS_000001,90E2E48,WHOSIS_000001,2020,YEAR,484,COUNTRY,PUBLISHED,Life expectancy (at birth),Mexico,FEMALE,75.09246369
90E2E48WHOSIS_000001,WHOSIS_000001,90E2E48,WHOSIS_000001,2020,YEAR,496,COUNTRY,PUBLISHED,Life expectancy (at birth),Mongolia,FEMALE,76.9941851
90E2E48WHOSIS_000001,WHOSIS_000001,90E2E48,WHOSIS_000001,2021,YEAR,192,COUNTRY,PUBLISHED,Life expectancy (at birth),Cuba,FEMALE,76.50608604
90E2E48WHOSIS_000001,WHOSIS_000001,90E2E48,WHOSIS_000001,2007,YEAR,356,COUNTRY,PUBLISHED,Life expectancy (at birth),India,FEMALE,67.66658988
90E2E48WHOSIS_000001,WHOSIS_000001,90E2E48,WHOSIS_000001,2003,YEAR,512,COUNTRY,PUBLISHED,Life expectancy (at birth),Oman,FEMALE,76.56355113
90E2E48WHOSIS_000001,WHOSIS_000001,90E2E48,WHOSIS_000001,2007,YEAR,360,COUNTRY,PUBLISHED,Life expectancy (at birth),Indonesia,FEMALE,70.20385377
90E2E48WHOSIS_000001,WHOSIS_000001,90E2E48,WHOSIS_000001,2003,YEAR,484,COUNTRY,PUBLISHED,Life expectancy (at birth),Mexico,FEMALE,76.99859926
90E2E48WHOSIS_000001,WHOSIS_000001,90E2E48,WHOSIS_000001,2003,YEAR,496,COUNTRY,PUBLISHED,Life expectancy (at birth),Mongolia,FEMALE,68.78567554
90E2E48WHOSIS_000001,WHOSIS_000001,90E2E48,WHOSIS_000001,2004,YEAR,887,COUNTRY,PUBLISHED,Life expectancy (at birth),Yemen,FEMALE,66.8078959
90E2E48WHOSIS_000001,WHOSIS_000001,90E2E48,WHOSIS_000001,2004,YEAR,894,COUNTRY,PUBLISHED,Life expectancy (at birth),Zambia,FEMALE,49.98491613
90E2E48WHOSIS_000001,WHOSIS_000001,90E2E48,WHOSIS_000001,2004,YEAR,818,COUNTRY,PUBLISHED,Life expectancy (at birth),Egypt,FEMALE,71.93683065
90E2E48WHOSIS_000001,WHOSIS_000001,90E2E48,WHOSIS_000001,2004,YEAR,840,COUNTRY,PUBLISHED,Life expectancy (at birth),United States of America,FEMALE,79.69820761
90E2E48WHOSIS_000001,WHOSIS_000001,90E2E48,WHOSIS_000001,2013,YEAR,32,COUNTRY,PUBLISHED,Life expectancy (at birth),Argentina,MALE,72.91793558
90E2E48WHOSIS_000001,WHOSIS_000001,90E2E48,WHOSIS_000001,2013,YEAR,36,COUNTRY,PUBLISHED,Life expectancy (at birth),Australia,MALE,80.53421441
90E2E48WHOSIS_000001,WHOSIS_000001,90E2E48,WHOSIS_000001,2013,YEAR,887,COUNTRY,PUBLISHED,Life expectancy (at birth),Yemen,MALE,66.988926
90E2E48WHOSIS_000001,WHOSIS_000001,90E2E48,WHOSIS_000001,2013,YEAR,953,WHOREGION,PUBLISHED,Life expectancy (at birth),Africa,MALE,59.63267358
90E2E48WHOSIS_000001,WHOSIS_000001,90E2E48,WHOSIS_000001,2003,YEAR,954,WHOREGION,PUBLISHED,Life expectancy (at birth),Americas,MALE,71.8814497
90E2E48WHOSIS_000001,WHOSIS_000001,90E2E48,WHOSIS_000001,2013,YEAR,955,WHOREGION,PUBLISHED,Life expectancy (at birth),South-East Asia,MALE,67.6574052
90E2E48WHOSIS_000001,WHOSIS_000001,90E2E48,WHOSIS_000001,2013,YEAR,956,WHOREGION,PUBLISHED,Life expectancy (at birth),Europe,MALE,73.2932239
90E2E48WHOSIS_000001,WHOSIS_000001,90E2E48,WHOSIS_000001,2014,YEAR,4,COUNTRY,PUBLISHED,Life expectancy (at birth),Afghanistan,MALE,59.66268077
90E2E48WHOSIS_000001,WHOSIS_000001,90E2E48,WHOSIS_000001,2009,YEAR,156,COUNTRY,PUBLISHED,Life expectancy (at birth),China,FEMALE,77.40462013
90E2E48WHOSIS_000001,WHOSIS_000001,90E2E48,WHOSIS_000001,2009,YEAR,170,COUNTRY,PUBLISHED,Life expectancy (at birth),Colombia,FEMALE,78.94064965
90E2E48WHOSIS_000001,WHOSIS_000001,90E2E48,WHOSIS_000001,2000,YEAR,818,COUNTRY,PUBLISHED,Life expectancy (at birth),Egypt,FEMALE,71.93654429
90E2E48WHOSIS_000001,WHOSIS_000001,90E2E48,WHOSIS_000001,2004,YEAR,953,WHOREGION,PUBLISHED,Life expectancy (at birth),Africa,FEMALE,56.128945
90E2E48WHOSIS_000001,WHOSIS_000001,90E2E48,WHOSIS_000001,2004,YEAR,954,WHOREGION,PUBLISHED,Life expectancy (at birth),Americas,MALE,72.2923419
90E2E48WHOSIS_000001,WHOSIS_000001,90E2E48,WHOSIS_000001,2004,YEAR,955,WHOREGION,PUBLISHED,Life expectancy (at birth),South-East Asia,FEMALE,67.18191283
90E2E48WHOSIS_000001,WHOSIS_000001,90E2E48,WHOSIS_000001,2004,YEAR,956,WHOREGION,PUBLISHED,Life expectancy (at birth),Europe,FEMALE,77.39547959
90E2E48WHOSIS_000001,WHOSIS_000001,90E2E48,WHOSIS_000001,2002,YEAR,32,COUNTRY,PUBLISHED,Life expectancy (at birth),Argentina,FEMALE,78.00688313
90E2E48WHOSIS_000001,WHOSIS_000001,90E2E48,WHOSIS_000001,2002,YEAR,36,COUNTRY,PUBLISHED,Life expectancy (at birth),Australia,FEMALE,82.54650504
90E2E48WHOSIS_000001,WHOSIS_000001,90E2E48,WHOSIS_000001,2004,YEAR,192,COUNTRY,PUBLISHED,Life expectancy (at birth),Cuba,FEMALE,79.49161049
90E2E48WHOSIS_000001,WHOSIS_000001,90E2E48,WHOSIS_000001,2004,YEAR,276,COUNTRY,PUBLISHED,Life expectancy (at birth),Germany,FEMALE,81.58614528
90E2E48WHOSIS_000001,WHOSIS_000001,90E2E48,WHOSIS_000001,2004,YEAR,246,COUNTRY,PUBLISHED,Life expectancy (at birth),Finland,FEMALE,82.03514669
90E2E48WHOSIS_000001,WHOSIS_000001,90E2E48,WHOSIS_000001,2004,YEAR,250,COUNTRY,PUBLISHED,Life expectancy (at birth),France,FEMALE,83.2720284
90E2E48WHOSIS_000001,WHOSIS_000001,90E2E48,WHOSIS_000001,2009,YEAR,144,COUNTRY,PUBLISHED,Life expectancy (at birth),Sri Lanka,FEMALE,76.56516352
90E2E48WHOSIS_000001,WHOSIS_000001,90E2E48,WHOSIS_000001,2021,YEAR,894,COUNTRY,PUBLISHED,Life expectancy (at birth),Zambia,FEMALE,63.10931486
90E2E48WHOSIS_000001,WHOSIS_000001,90E2E48,WHOSIS_000001,2021,YEAR,246,COUNTRY,PUBLISHED,Life expectancy (at birth),Finland,FEMALE,84.0616354
90E2E48WHOSIS_000001,WHOSIS_000001,90E2E48,WHOSIS_000001,2021,YEAR,250,COUNTRY,PUBLISHED,Life expectancy (at birth),France,FEMALE,84.6861417
90E2E48WHOSIS_000001,WHOSIS_000001,90E2E48,WHOSIS_000001,2014,YEAR,32,COUNTRY,PUBLISHED,Life expectancy (at birth),Argentina,MALE,73.28096595
90E2E48WHOSIS_000001,WHOSIS_000001,90E2E48,WHOSIS_000001,2014,YEAR,36,COUNTRY,PUBLISHED,Life expectancy (at birth),Australia,MALE,80.51209187
90E2E48WHOSIS_000001,WHOSIS_000001,90E2E48,WHOSIS_000001,2013,YEAR,246,COUNTRY,PUBLISHED,Life expectancy (at birth),Finland,MALE,77.79555673
90E2E48WHOSIS_000001,WHOSIS_000001,90E2E48,WHOSIS_000001,2013,YEAR,752,COUNTRY,PUBLISHED,Life expectancy (at birth),Sweden,MALE,79.92752061
90E2E48WHOSIS_000001,WHOSIS_000001,90E2E48,WHOSIS_000001,2013,YEAR,250,COUNTRY,PUBLISHED,Life expectancy (at birth),France,MALE,78.7810462
90E2E48WHOSIS_000001,WHOSIS_000001,90E2E48,WHOSIS_000001,2013,YEAR,756,COUNTRY,PUBLISHED,Life expectancy (at birth),Switzerland,MALE,80.41880302
90E2E48WHOSIS_000001,WHOSIS_000001,90E2E48,WHOSIS_000001,2013,YEAR,764,COUNTRY,PUBLISHED,Life expectancy (at birth),Thailand,MALE,73.23420587
90E2E48WHOSIS_000001,WHOSIS_000001,90E2E48,WHOSIS_000001,2004,YEAR,268,COUNTRY,PUBLISHED,Life expectancy (at birth),Georgia,FEMALE,74.40428914
90E2E48WHOSIS_000001,WHOSIS_000001,90E2E48,WHOSIS_000001,2004,YEAR,300,COUNTRY,PUBLISHED,Life expectancy (at birth),Greece,FEMALE,81.66848574
90E2E48WHOSIS_000001,WHOSIS_000001,90E2E48,WHOSIS_000001,2004,YEAR,308,COUNTRY,PUBLISHED,Life expectancy (at birth),Grenada,FEMALE,76.3203877
90E2E48WHOSIS_000001,WHOSIS_000001,90E2E48,WHOSIS_000001,2005,YEAR,32,COUNTRY,PUBLISHED,Life expectancy (at birth),Argentina,FEMALE,78.68981076
90E2E48WHOSIS_000001,WHOSIS_000001,90E2E48,WHOSIS_000001,2005,YEAR,4,COUNTRY,PUBLISHED,Life expectancy (at birth),Afghanistan,FEMALE,57.01443306
90E2E48WHOSIS_000001,WHOSIS_000001,90E2E48,WHOSIS_000001,2005,YEAR,50,COUNTRY,PUBLISHED,Life expectancy (at birth),Bangladesh,FEMALE,69.86900166
90E2E48WHOSIS_000001,WHOSIS_000001,90E2E48,WHOSIS_000001,2021,YEAR,887,COUNTRY,PUBLISHED,Life expectancy (at birth),Yemen,FEMALE,68.56819218
90E2E48WHOSIS_000001,WHOSIS_000001,90E2E48,WHOSIS_000001,2021,YEAR,953,WHOREGION,PUBLISHED,Life expectancy (at birth),Africa,FEMALE,65.37137734
90E2E48WHOSIS_000001,WHOSIS_000001,90E2E48,WHOSIS_000001,2004,YEAR,954,WHOREGION,PUBLISHED,Life expectancy (at birth),Americas,FEMALE,77.84783167
90E2E48WHOSIS_000001,WHOSIS_000001,90E2E48,WHOSIS_000001,2021,YEAR,955,WHOREGION,PUBLISHED,Life expectancy (at birth),South-East Asia,FEMALE,70.27694536
90E2E48WHOSIS_000001,WHOSIS_000001,90E2E48,WHOSIS_000001,2021,YEAR,956,WHOREGION,PUBLISHED,Life expectancy (at birth),Europe,FEMALE,79.29950362
90E2E48WHOSIS_000001,WHOSIS_000001,90E2E48,WHOSIS_000001,2009,YEAR,308,COUNTRY,PUBLISHED,Life expectancy (at birth),Grenada,FEMALE,76.04993558
90E2E48WHOSIS_000001,WHOSIS_000001,90E2E48,WHOSIS_000001,2009,YEAR,300,COUNTRY,PUBLISHED,Life expectancy (at birth),Greece,FEMALE,82.60419696
90E2E48WHOSIS_000001,WHOSIS_000001,90E2E48,WHOSIS_000001,2009,YEAR,352,COUNTRY,PUBLISHED,Life expectancy (at birth),Iceland,FEMALE,83.16664797
90E2E48WHOSIS_000001,WHOSIS_000001,90E2E48,WHOSIS_000001,2009,YEAR,356,COUNTRY,PUBLISHED,Life expectancy (at birth),India,FEMALE,68.80633047
90E2E48WHOSIS_000001,WHOSIS_000001,90E2E48,WHOSIS_000001,2005,YEAR,36,COUNTRY,PUBLISHED,Life expectancy (at birth),Australia,FEMALE,83.12201357
90E2E48WHOSIS_000001,WHOSIS_000001,90E2E48,WHOSIS_000001,2005,YEAR,48,COUNTRY,PUBLISHED,Life expectancy (at birth),Bahrain,FEMALE,72.49797183
90E2E48WHOSIS_000001,WHOSIS_000001,90E2E48,WHOSIS_000001,2005,YEAR,56,COUNTRY,PUBLISHED,Life expectancy (at birth),Belgium,FEMALE,81.54418436
90E2E48WHOSIS_000001,WHOSIS_000001,90E2E48,WHOSIS_000001,2005,YEAR,76,COUNTRY,PUBLISHED,Life expectancy (at birth),Brazil,FEMALE,76.62117034
90E2E48WHOSIS_000001,WHOSIS_000001,90E2E48,WHOSIS_000001,2013,YEAR,784,COUNTRY,PUBLISHED,Life expectancy (at birth),United Arab Emirates,MALE,80.31965478
90E2E48WHOSIS_000001,WHOSIS_000001,90E2E48,WHOSIS_000001,2013,YEAR,818,COUNTRY,PUBLISHED,Life expectancy (at birth),Egypt,MALE,67.64863827
90E2E48WHOSIS_000001,WHOSIS_000001,90E2E48,WHOSIS_000001,2013,YEAR,840,COUNTRY,PUBLISHED,Life expectancy (at birth),United States of America,MALE,76.61056593
90E2E48WHOSIS_000001,WHOSIS_000001,90E2E48,WHOSIS_000001,2002,YEAR,4,COUNTRY,PUBLISHED,Life expectancy (at birth),Afghanistan,FEMALE,55.40158557
90E2E48WHOSIS_000001,WHOSIS_000001,90E2E48,WHOSIS_000001,2006,YEAR,894,COUNTRY,PUBLISHED,Life expectancy (at birth),Zambia,FEMALE,53.33760927
90E2E48WHOSIS_000001,WHOSIS_000001,90E2E48,WHOSIS_000001,2002,YEAR,48,COUNTRY,PUBLISHED,Life expectancy (at birth),Bahrain,FEMALE,71.79491207
90E2E48WHOSIS_000001,WHOSIS_000001,90E2E48,WHOSIS_000001,2002,YEAR,50,COUNTRY,PUBLISHED,Life expectancy (at birth),Bangladesh,FEMALE,68.23876632
90E2E48WHOSIS_000001,WHOSIS_000001,90E2E48,WHOSIS_000001,2009,YEAR,360,COUNTRY,PUBLISHED,Life expectancy (at birth),Indonesia,FEMALE,70.68346773
90E2E48WHOSIS_000001,WHOSIS_000001,90E2E48,WHOSIS_000001,2009,YEAR,372,COUNTRY,PUBLISHED,Life expectancy (at birth),Ireland,FEMALE,81.92834747
90E2E48WHOSIS_000001,WHOSIS_000001,90E2E48,WHOSIS_000001,2009,YEAR,376,COUNTRY,PUBLISHED,Life expectancy (at birth),Israel,FEMALE,83.04377909
90E2E48WHOSIS_000001,WHOSIS_000001,90E2E48,WHOSIS_000001,2009,YEAR,380,COUNTRY,PUBLISHED,Life expectancy (at birth),Italy,FEMALE,83.87318502
90E2E48WHOSIS_000001,WHOSIS_000001,90E2E48,WHOSIS_000001,2009,YEAR,364,COUNTRY,PUBLISHED,Life expectancy (at birth),Iran (Islamic Republic of),FEMALE,78.36187806
90E2E48WHOSIS_000001,WHOSIS_000001,90E2E48,WHOSIS_000001,2009,YEAR,368,COUNTRY,PUBLISHED,Life expectancy (at birth),Iraq,FEMALE,73.35191413
90E2E48WHOSIS_000001,WHOSIS_000001,90E2E48,WHOSIS_000001,2009,YEAR,400,COUNTRY,PUBLISHED,Life expectancy (at birth),Jordan,FEMALE,76.55739127
90E2E48WHOSIS_000001,WHOSIS_000001,90E2E48,WHOSIS_000001,2009,YEAR,404,COUNTRY,PUBLISHED,Life expectancy (at birth),Kenya,FEMALE,62.30661294
90E2E48WHOSIS_000001,WHOSIS_000001,90E2E48,WHOSIS_000001,2009,YEAR,388,COUNTRY,PUBLISHED,Life expectancy (at birth),Jamaica,FEMALE,75.56480627
90E2E48WHOSIS_000001,WHOSIS_000001,90E2E48,WHOSIS_000001,2009,YEAR,392,COUNTRY,PUBLISHED,Life expectancy (at birth),Japan,FEMALE,86.29111173
90E2E48WHOSIS_000001,WHOSIS_000001,90E2E48,WHOSIS_000001,2009,YEAR,398,COUNTRY,PUBLISHED,Life expectancy (at birth),Kazakhstan,FEMALE,73.47585407
90E2E48WHOSIS_000001,WHOSIS_000001,90E2E48,WHOSIS_000001,2005,YEAR,104,COUNTRY,PUBLISHED,Life expectancy (at birth),Myanmar,FEMALE,64.27731426
90E2E48WHOSIS_000001,WHOSIS_000001,90E2E48,WHOSIS_000001,2007,YEAR,784,COUNTRY,PUBLISHED,Life expectancy (at birth),United Arab Emirates,FEMALE,81.12316893
90E2E48WHOSIS_000001,WHOSIS_000001,90E2E48,WHOSIS_000001,2005,YEAR,764,COUNTRY,PUBLISHED,Life expectancy (at birth),Thailand,FEMALE,76.31129714
90E2E48WHOSIS_000001,WHOSIS_000001,90E2E48,WHOSIS_000001,2013,YEAR,170,COUNTRY,PUBLISHED,Life expectancy (at birth),Colombia,MALE,74.33895333
90E2E48WHOSIS_000001,WHOSIS_000001,90E2E48,WHOSIS_000001,2013,YEAR,356,COUNTRY,PUBLISHED,Life expectancy (at birth),India,MALE,66.96789507
90E2E48WHOSIS_000001,WHOSIS_000001,90E2E48,WHOSIS_000001,2013,YEAR,124,COUNTRY,PUBLISHED,Life expectancy (at birth),Canada,MALE,79.62364093
90E2E48WHOSIS_000001,WHOSIS_000001,90E2E48,WHOSIS_000001,2013,YEAR,144,COUNTRY,PUBLISHED,Life expectancy (at birth),Sri Lanka,MALE,72.53261698
90E2E48WHOSIS_000001,WHOSIS_000001,90E2E48,WHOSIS_000001,2013,YEAR,156,COUNTRY,PUBLISHED,Life expectancy (at birth),China,MALE,73.03747734
90E2E48WHOSIS_000001,WHOSIS_000001,90E2E48,WHOSIS_000001,2013,YEAR,360,COUNTRY,PUBLISHED,Life expectancy (at birth),Indonesia,MALE,68.31541032
90E2E48WHOSIS_000001,WHOSIS_000001,90E2E48,WHOSIS_000001,2013,YEAR,392,COUNTRY,PUBLISHED,Life expectancy (at birth),Japan,MALE,80.56346532
90E2E48WHOSIS_000001,WHOSIS_000001,90E2E48,WHOSIS_000001,2013,YEAR,398,COUNTRY,PUBLISHED,Life expectancy (at birth),Kazakhstan,MALE,65.86661844
90E2E48WHOSIS_000001,WHOSIS_000001,90E2E48,WHOSIS_000001,2013,YEAR,400,COUNTRY,PUBLISHED,Life expectancy (at birth),Jordan,MALE,77.91103818
90E2E48WHOSIS_000001,WHOSIS_000001,90E2E48,WHOSIS_000001,2018,YEAR,953,WHOREGION,PUBLISHED,Life expectancy (at birth),Africa,FEMALE,65.69070327
90E2E48WHOSIS_000001,WHOSIS_000001,90E2E48,WHOSIS_000001,2004,YEAR,954,WHOREGION,PUBLISHED,Life expectancy (at birth),Americas,TOTAL,75.07444467
90E2E48WHOSIS_000001,WHOSIS_000001,90E2E48,WHOSIS_000001,2019,YEAR,4,COUNTRY,PUBLISHED,Life expectancy (at birth),Afghanistan,FEMALE,62.54955059
90E2E48WHOSIS_000001,WHOSIS_000001,90E2E48,WHOSIS_000001,2009,YEAR,410,COUNTRY,PUBLISHED,Life expectancy (at birth),Republic of Korea,FEMALE,83.56383522
90E2E48WHOSIS_000001,WHOSIS_000001,90E2E48,WHOSIS_000001,2018,YEAR,955,WHOREGION,PUBLISHED,Life expectancy (at birth),South-East Asia,FEMALE,72.83908926
90E2E48WHOSIS_000001,WHOSIS_000001,90E2E48,WHOSIS_000001,2018,YEAR,956,WHOREGION,PUBLISHED,Life expectancy (at birth),Europe,FEMALE,80.83737385
90E2E48WHOSIS_000001,WHOSIS_000001,90E2E48,WHOSIS_000001,2019,YEAR,32,COUNTRY,PUBLISHED,Life expectancy (at birth),Argentina,FEMALE,79.91026128
90E2E48WHOSIS_000001,WHOSIS_000001,90E2E48,WHOSIS_000001,2007,YEAR,818,COUNTRY,PUBLISHED,Life expectancy (at birth),Egypt,FEMALE,72.50840155
90E2E48WHOSIS_000001,WHOSIS_000001,90E2E48,WHOSIS_000001,2005,YEAR,784,COUNTRY,PUBLISHED,Life expectancy (at birth),United Arab Emirates,FEMALE,79.51769183
90E2E48WHOSIS_000001,WHOSIS_000001,90E2E48,WHOSIS_000001,2005,YEAR,818,COUNTRY,PUBLISHED,Life expectancy (at birth),Egypt,FEMALE,72.20408558
90E2E48WHOSIS_000001,WHOSIS_000001,90E2E48,WHOSIS_000001,2007,YEAR,840,COUNTRY,PUBLISHED,Life expectancy (at birth),United States of America,FEMALE,80.22785018
90E2E48WHOSIS_000001,WHOSIS_000001,90E2E48,WHOSIS_000001,2019,YEAR,48,COUNTRY,PUBLISHED,Life expectancy (at birth),Bahrain,FEMALE,76.864888
90E2E48WHOSIS_000001,WHOSIS_000001,90E2E48,WHOSIS_000001,2019,YEAR,50,COUNTRY,PUBLISHED,Life expectancy (at birth),Bangladesh,FEMALE,75.25882812
90E2E48WHOSIS_000001,WHOSIS_000001,90E2E48,WHOSIS_000001,2019,YEAR,36,COUNTRY,PUBLISHED,Life expectancy (at birth),Australia,FEMALE,84.57106024
90E2E48WHOSIS_000001,WHOSIS_000001,90E2E48,WHOSIS_000001,2019,YEAR,56,COUNTRY,PUBLISHED,Life expectancy (at birth),Belgium,FEMALE,83.65574273
90E2E48WHOSIS_000001,WHOSIS_000001,90E2E48,WHOSIS_000001,2019,YEAR,894,COUNTRY,PUBLISHED,Life expectancy (at birth),Zambia,FEMALE,63.94571233
90E2E48WHOSIS_000001,WHOSIS_000001,90E2E48,WHOSIS_000001,2013,YEAR,404,COUNTRY,PUBLISHED,Life expectancy (at birth),Kenya,MALE,60.66287275
90E2E48WHOSIS_000001,WHOSIS_000001,90E2E48,WHOSIS_000001,2013,YEAR,364,COUNTRY,PUBLISHED,Life expectancy (at birth),Iran (Islamic Republic of),MALE,75.66121409
90E2E48WHOSIS_000001,WHOSIS_000001,90E2E48,WHOSIS_000001,2013,YEAR,368,COUNTRY,PUBLISHED,Life expectancy (at birth),Iraq,MALE,68.04529156
90E2E48WHOSIS_000001,WHOSIS_000001,90E2E48,WHOSIS_000001,2013,YEAR,372,COUNTRY,PUBLISHED,Life expectancy (at birth),Ireland,MALE,78.76674524
90E2E48WHOSIS_000001,WHOSIS_000001,90E2E48,WHOSIS_000001,2013,YEAR,376,COUNTRY,PUBLISHED,Life expectancy (at birth),Israel,MALE,80.12959579
90E2E48WHOSIS_000001,WHOSIS_000001,90E2E48,WHOSIS_000001,2013,YEAR,380,COUNTRY,PUBLISHED,Life expectancy (at birth),Italy,MALE,79.89966972
90E2E48WHOSIS_000001,WHOSIS_000001,90E2E48,WHOSIS_000001,2013,YEAR,388,COUNTRY,PUBLISHED,Life expectancy (at birth),Jamaica,MALE,72.32669436
90E2E48WHOSIS_000001,WHOSIS_000001,90E2E48,WHOSIS_000001,2013,YEAR,410,COUNTRY,PUBLISHED,Life expectancy (at birth),Republic of Korea,MALE,78.32923057
90E2E48WHOSIS_000001,WHOSIS_000001,90E2E48,WHOSIS_000001,2013,YEAR,414,COUNTRY,PUBLISHED,Life expectancy (at birth),Kuwait,MALE,79.77402631
90E2E48WHOSIS_000001,WHOSIS_000001,90E2E48,WHOSIS_000001,2013,YEAR,434,COUNTRY,PUBLISHED,Life expectancy (at birth),Libya,MALE,72.78857403
90E2E48WHOSIS_000001,WHOSIS_000001,90E2E48,WHOSIS_000001,2018,YEAR,643,COUNTRY,PUBLISHED,Life expectancy (at birth),Russian Federation,FEMALE,77.57565528
90E2E48WHOSIS_000001,WHOSIS_000001,90E2E48,WHOSIS_000001,2018,YEAR,682,COUNTRY,PUBLISHED,Life expectancy (at birth),Saudi Arabia,FEMALE,77.48948168
90E2E48WHOSIS_000001,WHOSIS_000001,90E2E48,WHOSIS_000001,2018,YEAR,706,COUNTRY,PUBLISHED,Life expectancy (at birth),Somalia,FEMALE,57.30095418
90E2E48WHOSIS_000001,WHOSIS_000001,90E2E48,WHOSIS_000001,2002,YEAR,56,COUNTRY,PUBLISHED,Life expectancy (at birth),Belgium,FEMALE,80.93615981
90E2E48WHOSIS_000001,WHOSIS_000001,90E2E48,WHOSIS_000001,2006,YEAR,887,COUNTRY,PUBLISHED,Life expectancy (at birth),Yemen,FEMALE,67.90765966
90E2E48WHOSIS_000001,WHOSIS_000001,90E2E48,WHOSIS_000001,2002,YEAR,76,COUNTRY,PUBLISHED,Life expectancy (at birth),Brazil,FEMALE,75.55290118
90E2E48WHOSIS_000001,WHOSIS_000001,90E2E48,WHOSIS_000001,2002,YEAR,496,COUNTRY,PUBLISHED,Life expectancy (at birth),Mongolia,FEMALE,68.05790121
90E2E48WHOSIS_000001,WHOSIS_000001,90E2E48,WHOSIS_000001,2019,YEAR,956,WHOREGION,PUBLISHED,Life expectancy (at birth),Europe,FEMALE,81.134868
90E2E48WHOSIS_000001,WHOSIS_000001,90E2E48,WHOSIS_000001,2019,YEAR,887,COUNTRY,PUBLISHED,Life expectancy (at birth),Yemen,FEMALE,70.00606791
90E2E48WHOSIS_000001,WHOSIS_000001,90E2E48,WHOSIS_000001,2005,YEAR,954,WHOREGION,PUBLISHED,Life expectancy (at birth),Americas,FEMALE,78.04083185
90E2E48WHOSIS_000001,WHOSIS_000001,90E2E48,WHOSIS_000001,2019,YEAR,955,WHOREGION,PUBLISHED,Life expectancy (at birth),South-East Asia,FEMALE,73.22722364
90E2E48WHOSIS_000001,WHOSIS_000001,90E2E48,WHOSIS_000001,2019,YEAR,953,WHOREGION,PUBLISHED,Life expectancy (at birth),Africa,FEMALE,66.07876409
90E2E48WHOSIS_000001,WHOSIS_000001,90E2E48,WHOSIS_000001,2020,YEAR,32,COUNTRY,PUBLISHED,Life expectancy (at birth),Argentina,FEMALE,79.37590919
90E2E48WHOSIS_000001,WHOSIS_000001,90E2E48,WHOSIS_000001,2008,YEAR,953,WHOREGION,PUBLISHED,Life expectancy (at birth),Africa,FEMALE,59.58352152
90E2E48WHOSIS_000001,WHOSIS_000001,90E2E48,WHOSIS_000001,2005,YEAR,954,WHOREGION,PUBLISHED,Life expectancy (at birth),Americas,MALE,72.52920215
90E2E48WHOSIS_000001,WHOSIS_000001,90E2E48,WHOSIS_000001,2018,YEAR,710,COUNTRY,PUBLISHED,Life expectancy (at birth),South Africa,FEMALE,68.30577323
90E2E48WHOSIS_000001,WHOSIS_000001,90E2E48,WHOSIS_000001,2000,YEAR,643,COUNTRY,PUBLISHED,Life expectancy (at birth),Russian Federation,FEMALE,72.14309144
90E2E48WHOSIS_000001,WHOSIS_000001,90E2E48,WHOSIS_000001,2018,YEAR,702,COUNTRY,PUBLISHED,Life expectancy (at birth),Singapore,FEMALE,85.6235155
90E2E48WHOSIS_000001,WHOSIS_000001,90E2E48,WHOSIS_000001,2000,YEAR,634,COUNTRY,PUBLISHED,Life expectancy (at birth),Qatar,FEMALE,73.61330232
90E2E48WHOSIS_000001,WHOSIS_000001,90E2E48,WHOSIS_000001,2000,YEAR,642,COUNTRY,PUBLISHED,Life expectancy (at birth),Romania,FEMALE,74.66303862
90E2E48WHOSIS_000001,WHOSIS_000001,90E2E48,WHOSIS_000001,2001,YEAR,246,COUNTRY,PUBLISHED,Life expectancy (at birth),Finland,FEMALE,81.30892566
90E2E48WHOSIS_000001,WHOSIS_000001,90E2E48,WHOSIS_000001,2001,YEAR,250,COUNTRY,PUBLISHED,Life expectancy (at birth),France,FEMALE,82.55624193
90E2E48WHOSIS_000001,WHOSIS_000001,90E2E48,WHOSIS_000001,2000,YEAR,682,COUNTRY,PUBLISHED,Life expectancy (at birth),Saudi Arabia,FEMALE,71.93252699
90E2E48WHOSIS_000001,WHOSIS_000001,90E2E48,WHOSIS_000001,2014,YEAR,642,COUNTRY,PUBLISHED,Life expectancy (at birth),Romania,MALE,71.28144332
90E2E48WHOSIS_000001,WHOSIS_000001,90E2E48,WHOSIS_000001,2014,YEAR,643,COUNTRY,PUBLISHED,Life expectancy (at birth),Russian Federation,MALE,65.03989237
90E2E48WHOSIS_000001,WHOSIS_000001,90E2E48,WHOSIS_000001,2014,YEAR,634,COUNTRY,PUBLISHED,Life expectancy (at birth),Qatar,MALE,75.91370418
90E2E48WHOSIS_000001,WHOSIS_000001,90E2E48,WHOSIS_000001,2015,YEAR,104,COUNTRY,PUBLISHED,Life expectancy (at birth),Myanmar,MALE,64.29963425
90E2E48WHOSIS_000001,WHOSIS_000001,90E2E48,WHOSIS_000001,2015,YEAR,192,COUNTRY,PUBLISHED,Life expectancy (at birth),Cuba,MALE,75.82230798
90E2E48WHOSIS_000001,WHOSIS_000001,90E2E48,WHOSIS_000001,2020,YEAR,4,COUNTRY,PUBLISHED,Life expectancy (at birth),Afghanistan,FEMALE,61.68773538
90E2E48WHOSIS_000001,WHOSIS_000001,90E2E48,WHOSIS_000001,2008,YEAR,955,WHOREGION,PUBLISHED,Life expectancy (at birth),South-East Asia,FEMALE,68.86320602
90E2E48WHOSIS_000001,WHOSIS_000001,90E2E48,WHOSIS_000001,2009,YEAR,32,COUNTRY,PUBLISHED,Life expectancy (at birth),Argentina,FEMALE,79.13289247
90E2E48WHOSIS_000001,WHOSIS_000001,90E2E48,WHOSIS_000001,2008,YEAR,956,WHOREGION,PUBLISHED,Life expectancy (at birth),Europe,FEMALE,78.58404867
90E2E48WHOSIS_000001,WHOSIS_000001,90E2E48,WHOSIS_000001,2002,YEAR,104,COUNTRY,PUBLISHED,Life expectancy (at birth),Myanmar,FEMALE,62.72860322
90E2E48WHOSIS_000001,WHOSIS_000001,90E2E48,WHOSIS_000001,2001,YEAR,268,COUNTRY,PUBLISHED,Life expectancy (at birth),Georgia,FEMALE,75.27715685
90E2E48WHOSIS_000001,WHOSIS_000001,90E2E48,WHOSIS_000001,2001,YEAR,276,COUNTRY,PUBLISHED,Life expectancy (at birth),Germany,FEMALE,81.17503481
90E2E48WHOSIS_000001,WHOSIS_000001,90E2E48,WHOSIS_000001,2002,YEAR,512,COUNTRY,PUBLISHED,Life expectancy (at birth),Oman,FEMALE,76.33248932
90E2E48WHOSIS_000001,WHOSIS_000001,90E2E48,WHOSIS_000001,2002,YEAR,578,COUNTRY,PUBLISHED,Life expectancy (at birth),Norway,FEMALE,81.33076094
90E2E48WHOSIS_000001,WHOSIS_000001,90E2E48,WHOSIS_000001,2002,YEAR,586,COUNTRY,PUBLISHED,Life expectancy (at birth),Pakistan,FEMALE,62.45506384
90E2E48WHOSIS_000001,WHOSIS_000001,90E2E48,WHOSIS_000001,2002,YEAR,524,COUNTRY,PUBLISHED,Life expectancy (at birth),Nepal,FEMALE,67.8444811
90E2E48WHOSIS_000001,WHOSIS_000001,90E2E48,WHOSIS_000001,2002,YEAR,554,COUNTRY,PUBLISHED,Life expectancy (at birth),New Zealand,FEMALE,80.79350874
90E2E48WHOSIS_000001,WHOSIS_000001,90E2E48,WHOSIS_000001,2003,YEAR,764,COUNTRY,PUBLISHED,Life expectancy (at birth),Thailand,FEMALE,75.6846945
90E2E48WHOSIS_000001,WHOSIS_000001,90E2E48,WHOSIS_000001,2009,YEAR,4,COUNTRY,PUBLISHED,Life expectancy (at birth),Afghanistan,FEMALE,59.02031986
90E2E48WHOSIS_000001,WHOSIS_000001,90E2E48,WHOSIS_000001,2009,YEAR,36,COUNTRY,PUBLISHED,Life expectancy (at birth),Australia,FEMALE,83.85837606
90E2E48WHOSIS_000001,WHOSIS_000001,90E2E48,WHOSIS_000001,2009,YEAR,48,COUNTRY,PUBLISHED,Life expectancy (at birth),Bahrain,FEMALE,74.50387533
90E2E48WHOSIS_000001,WHOSIS_000001,90E2E48,WHOSIS_000001,2009,YEAR,50,COUNTRY,PUBLISHED,Life expectancy (at birth),Bangladesh,FEMALE,71.60069418
90E2E48WHOSIS_000001,WHOSIS_000001,90E2E48,WHOSIS_000001,2020,YEAR,376,COUNTRY,PUBLISHED,Life expectancy (at birth),Israel,FEMALE,84.29734991
90E2E48WHOSIS_000001,WHOSIS_000001,90E2E48,WHOSIS_000001,2020,YEAR,388,COUNTRY,PUBLISHED,Life expectancy (at birth),Jamaica,FEMALE,75.27279037
90E2E48WHOSIS_000001,WHOSIS_000001,90E2E48,WHOSIS_000001,2021,YEAR,104,COUNTRY,PUBLISHED,Life expectancy (at birth),Myanmar,FEMALE,71.14628098
90E2E48WHOSIS_000001,WHOSIS_000001,90E2E48,WHOSIS_000001,2020,YEAR,380,COUNTRY,PUBLISHED,Life expectancy (at birth),Italy,FEMALE,84.05052945
90E2E48WHOSIS_000001,WHOSIS_000001,90E2E48,WHOSIS_000001,2001,YEAR,300,COUNTRY,PUBLISHED,Life expectancy (at birth),Greece,FEMALE,81.32966204
90E2E48WHOSIS_000001,WHOSIS_000001,90E2E48,WHOSIS_000001,2002,YEAR,764,COUNTRY,PUBLISHED,Life expectancy (at birth),Thailand,FEMALE,75.35930117
90E2E48WHOSIS_000001,WHOSIS_000001,90E2E48,WHOSIS_000001,2002,YEAR,784,COUNTRY,PUBLISHED,Life expectancy (at birth),United Arab Emirates,FEMALE,78.23504027
90E2E48WHOSIS_000001,WHOSIS_000001,90E2E48,WHOSIS_000001,2015,YEAR,480,COUNTRY,PUBLISHED,Life expectancy (at birth),Mauritius,MALE,70.90515247
90E2E48WHOSIS_000001,WHOSIS_000001,90E2E48,WHOSIS_000001,2015,YEAR,484,COUNTRY,PUBLISHED,Life expectancy (at birth),Mexico,MALE,73.32496192
90E2E48WHOSIS_000001,WHOSIS_000001,90E2E48,WHOSIS_000001,2015,YEAR,496,COUNTRY,PUBLISHED,Life expectancy (at birth),Mongolia,MALE,65.15879374
90E2E48WHOSIS_000001,WHOSIS_000001,90E2E48,WHOSIS_000001,2015,YEAR,512,COUNTRY,PUBLISHED,Life expectancy (at birth),Oman,MALE,71.65817759
90E2E48WHOSIS_000001,WHOSIS_000001,90E2E48,WHOSIS_000001,2015,YEAR,524,COUNTRY,PUBLISHED,Life expectancy (at birth),Nepal,MALE,68.1425351
90E2E48WHOSIS_000001,WHOSIS_000001,90E2E48,WHOSIS_000001,2015,YEAR,955,WHOREGION,PUBLISHED,Life expectancy (at birth),South-East Asia,MALE,68.45302164
90E2E48WHOSIS_000001,WHOSIS_000001,90E2E48,WHOSIS_000001,2002,YEAR,840,COUNTRY,PUBLISHED,Life expectancy (at birth),United States of America,FEMALE,79.22013651
90E2E48WHOSIS_000001,WHOSIS_000001,90E2E48,WHOSIS_000001,2007,YEAR,144,COUNTRY,PUBLISHED,Life expectancy (at birth),Sri Lanka,FEMALE,77.94830516
90E2E48WHOSIS_000001,WHOSIS_000001,90E2E48,WHOSIS_000001,2002,YEAR,818,COUNTRY,PUBLISHED,Life expectancy (at birth),Egypt,FEMALE,71.61504477
90E2E48WHOSIS_000001,WHOSIS_000001,90E2E48,WHOSIS_000001,2007,YEAR,156,COUNTRY,PUBLISHED,Life expectancy (at birth),China,FEMALE,76.72204748
90E2E48WHOSIS_000001,WHOSIS_000001,90E2E48,WHOSIS_000001,2007,YEAR,170,COUNTRY,PUBLISHED,Life expectancy (at birth),Colombia,FEMALE,78.22982792
90E2E48WHOSIS_000001,WHOSIS_000001,90E2E48,WHOSIS_000001,2003,YEAR,300,COUNTRY,PUBLISHED,Life expectancy (at birth),Greece,FEMALE,81.48889464
90E2E48WHOSIS_000001,WHOSIS_000001,90E2E48,WHOSIS_000001,2003,YEAR,308,COUNTRY,PUBLISHED,Life expectancy (at birth),Grenada,FEMALE,76.60923866
90E2E48WHOSIS_000001,WHOSIS_000001,90E2E48,WHOSIS_000001,2016,YEAR,76,COUNTRY,PUBLISHED,Life expectancy (at birth),Brazil,MALE,71.10201501
90E2E48WHOSIS_000001,WHOSIS_000001,90E2E48,WHOSIS_000001,2015,YEAR,956,WHOREGION,PUBLISHED,Life expectancy (at birth),Europe,MALE,73.72816809
90E2E48WHOSIS_000001,WHOSIS_000001,90E2E48,WHOSIS_000001,2015,YEAR,554,COUNTRY,PUBLISHED,Life expectancy (at birth),New Zealand,MALE,79.72841359
90E2E48WHOSIS_000001,WHOSIS_000001,90E2E48,WHOSIS_000001,2016,YEAR,4,COUNTRY,PUBLISHED,Life expectancy (at birth),Afghanistan,MALE,59.19898852
90E2E48WHOSIS_000001,WHOSIS_000001,90E2E48,WHOSIS_000001,2016,YEAR,104,COUNTRY,PUBLISHED,Life expectancy (at birth),Myanmar,MALE,64.7503137
90E2E48WHOSIS_000001,WHOSIS_000001,90E2E48,WHOSIS_000001,2021,YEAR,124,COUNTRY,PUBLISHED,Life expectancy (at birth),Canada,FEMALE,83.8149825
90E2E48WHOSIS_000001,WHOSIS_000001,90E2E48,WHOSIS_000001,2021,YEAR,156,COUNTRY,PUBLISHED,Life expectancy (at birth),China,FEMALE,80.52324523
90E2E48WHOSIS_000001,WHOSIS_000001,90E2E48,WHOSIS_000001,2021,YEAR,170,COUNTRY,PUBLISHED,Life expectancy (at birth),Colombia,FEMALE,77.62156214
90E2E48WHOSIS_000001,WHOSIS_000001,90E2E48,WHOSIS_000001,2021,YEAR,144,COUNTRY,PUBLISHED,Life expectancy (at birth),Sri Lanka,FEMALE,80.05458522
90E2E48WHOSIS_000001,WHOSIS_000001,90E2E48,WHOSIS_000001,2021,YEAR,784,COUNTRY,PUBLISHED,Life expectancy (at birth),United Arab Emirates,FEMALE,80.01707319
90E2E48WHOSIS_000001,WHOSIS_000001,90E2E48,WHOSIS_000001,2003,YEAR,368,COUNTRY,PUBLISHED,Life expectancy (at birth),Iraq,FEMALE,72.06182228
90E2E48WHOSIS_000001,WHOSIS_000001,90E2E48,WHOSIS_000001,2003,YEAR,372,COUNTRY,PUBLISHED,Life expectancy (at birth),Ireland,FEMALE,80.3720271
90E2E48WHOSIS_000001,WHOSIS_000001,90E2E48,WHOSIS_000001,2003,YEAR,376,COUNTRY,PUBLISHED,Life expectancy (at birth),Israel,FEMALE,81.21990009
90E2E48WHOSIS_000001,WHOSIS_000001,90E2E48,WHOSIS_000001,2003,YEAR,380,COUNTRY,PUBLISHED,Life expectancy (at birth),Italy,FEMALE,82.44532554
90E2E48WHOSIS_000001,WHOSIS_000001,90E2E48,WHOSIS_000001,2003,YEAR,352,COUNTRY,PUBLISHED,Life expectancy (at birth),Iceland,FEMALE,82.38280796
90E2E48WHOSIS_000001,WHOSIS_000001,90E2E48,WHOSIS_000001,2003,YEAR,356,COUNTRY,PUBLISHED,Life expectancy (at birth),India,FEMALE,65.89296488
90E2E48WHOSIS_000001,WHOSIS_000001,90E2E48,WHOSIS_000001,2021,YEAR,764,COUNTRY,PUBLISHED,Life expectancy (at birth),Thailand,FEMALE,78.96816354
90E2E48WHOSIS_000001,WHOSIS_000001,90E2E48,WHOSIS_000001,2021,YEAR,840,COUNTRY,PUBLISHED,Life expectancy (at birth),United States of America,FEMALE,79.14743196
90E2E48WHOSIS_000001,WHOSIS_000001,90E2E48,WHOSIS_000001,2021,YEAR,818,COUNTRY,PUBLISHED,Life expectancy (at birth),Egypt,FEMALE,71.70874296
90E2E48WHOSIS_000001,WHOSIS_000001,90E2E48,WHOSIS_000001,2002,YEAR,604,COUNTRY,PUBLISHED,Life expectancy (at birth),Peru,FEMALE,77.50051986
90E2E48WHOSIS_000001,WHOSIS_000001,90E2E48,WHOSIS_000001,2002,YEAR,608,COUNTRY,PUBLISHED,Life expectancy (at birth),Philippines,FEMALE,73.50149294
90E2E48WHOSIS_000001,WHOSIS_000001,90E2E48,WHOSIS_000001,2002,YEAR,616,COUNTRY,PUBLISHED,Life expectancy (at birth),Poland,FEMALE,78.62041225
90E2E48WHOSIS_000001,WHOSIS_000001,90E2E48,WHOSIS_000001,2002,YEAR,620,COUNTRY,PUBLISHED,Life expectancy (at birth),Portugal,FEMALE,80.54491581
90E2E48WHOSIS_000001,WHOSIS_000001,90E2E48,WHOSIS_000001,2003,YEAR,756,COUNTRY,PUBLISHED,Life expectancy (at birth),Switzerland,FEMALE,82.7589446
90E2E48WHOSIS_000001,WHOSIS_000001,90E2E48,WHOSIS_000001,2007,YEAR,380,COUNTRY,PUBLISHED,Life expectancy (at birth),Italy,FEMALE,83.64564016
90E2E48WHOSIS_000001,WHOSIS_000001,90E2E48,WHOSIS_000001,2007,YEAR,388,COUNTRY,PUBLISHED,Life expectancy (at birth),Jamaica,FEMALE,74.14591744
90E2E48WHOSIS_000001,WHOSIS_000001,90E2E48,WHOSIS_000001,2007,YEAR,392,COUNTRY,PUBLISHED,Life expectancy (at birth),Japan,FEMALE,85.90250436
90E2E48WHOSIS_000001,WHOSIS_000001,90E2E48,WHOSIS_000001,2003,YEAR,784,COUNTRY,PUBLISHED,Life expectancy (at birth),United Arab Emirates,FEMALE,78.49638081
90E2E48WHOSIS_000001,WHOSIS_000001,90E2E48,WHOSIS_000001,2016,YEAR,124,COUNTRY,PUBLISHED,Life expectancy (at birth),Canada,MALE,79.85222647
90E2E48WHOSIS_000001,WHOSIS_000001,90E2E48,WHOSIS_000001,2016,YEAR,434,COUNTRY,PUBLISHED,Life expectancy (at birth),Libya,MALE,70.24101805
90E2E48WHOSIS_000001,WHOSIS_000001,90E2E48,WHOSIS_000001,2003,YEAR,360,COUNTRY,PUBLISHED,Life expectancy (at birth),Indonesia,FEMALE,69.1804173
90E2E48WHOSIS_000001,WHOSIS_000001,90E2E48,WHOSIS_000001,2003,YEAR,364,COUNTRY,PUBLISHED,Life expectancy (at birth),Iran (Islamic Republic of),FEMALE,75.0410248
90E2E48WHOSIS_000001,WHOSIS_000001,90E2E48,WHOSIS_000001,2003,YEAR,388,COUNTRY,PUBLISHED,Life expectancy (at birth),Jamaica,FEMALE,75.4265101
90E2E48WHOSIS_000001,WHOSIS_000001,90E2E48,WHOSIS_000001,2003,YEAR,392,COUNTRY,PUBLISHED,Life expectancy (at birth),Japan,FEMALE,85.39685877
90E2E48WHOSIS_000001,WHOSIS_000001,90E2E48,WHOSIS_000001,2003,YEAR,398,COUNTRY,PUBLISHED,Life expectancy (at birth),Kazakhstan,FEMALE,70.43702037
90E2E48WHOSIS_000001,WHOSIS_000001,90E2E48,WHOSIS_000001,2003,YEAR,400,COUNTRY,PUBLISHED,Life expectancy (at birth),Jordan,FEMALE,72.92050447
90E2E48WHOSIS_000001,WHOSIS_000001,90E2E48,WHOSIS_000001,2004,YEAR,50,COUNTRY,PUBLISHED,Life expectancy (at birth),Bangladesh,FEMALE,69.33854562
90E2E48WHOSIS_000001,WHOSIS_000001,90E2E48,WHOSIS_000001,2004,YEAR,56,COUNTRY,PUBLISHED,Life expectancy (at birth),Belgium,FEMALE,81.54864644
90E2E48WHOSIS_000001,WHOSIS_000001,90E2E48,WHOSIS_000001,2003,YEAR,404,COUNTRY,PUBLISHED,Life expectancy (at birth),Kenya,FEMALE,56.0563909
90E2E48WHOSIS_000001,WHOSIS_000001,90E2E48,WHOSIS_000001,2003,YEAR,414,COUNTRY,PUBLISHED,Life expectancy (at birth),Kuwait,FEMALE,80.36964952
90E2E48WHOSIS_000001,WHOSIS_000001,90E2E48,WHOSIS_000001,2004,YEAR,48,COUNTRY,PUBLISHED,Life expectancy (at birth),Bahrain,FEMALE,72.15432126
90E2E48WHOSIS_000001,WHOSIS_000001,90E2E48,WHOSIS_000001,2012,YEAR,764,COUNTRY,PUBLISHED,Life expectancy (at birth),Thailand,FEMALE,79.53594634
90E2E48WHOSIS_000001,WHOSIS_000001,90E2E48,WHOSIS_000001,2012,YEAR,752,COUNTRY,PUBLISHED,Life expectancy (at birth),Sweden,FEMALE,83.15952837
90E2E48WHOSIS_000001,WHOSIS_000001,90E2E48,WHOSIS_000001,2012,YEAR,756,COUNTRY,PUBLISHED,Life expectancy (at birth),Switzerland,FEMALE,84.27320752
90E2E48WHOSIS_000001,WHOSIS_000001,90E2E48,WHOSIS_000001,2013,YEAR,480,COUNTRY,PUBLISHED,Life expectancy (at birth),Mauritius,FEMALE,77.23197421
90E2E48WHOSIS_000001,WHOSIS_000001,90E2E48,WHOSIS_000001,2013,YEAR,484,COUNTRY,PUBLISHED,Life expectancy (at birth),Mexico,FEMALE,78.57358193
90E2E48WHOSIS_000001,WHOSIS_000001,90E2E48,WHOSIS_000001,2007,YEAR,364,COUNTRY,PUBLISHED,Life expectancy (at birth),Iran (Islamic Republic of),FEMALE,77.74504418
90E2E48WHOSIS_000001,WHOSIS_000001,90E2E48,WHOSIS_000001,2007,YEAR,368,COUNTRY,PUBLISHED,Life expectancy (at birth),Iraq,FEMALE,72.07460228
90E2E48WHOSIS_000001,WHOSIS_000001,90E2E48,WHOSIS_000001,2007,YEAR,372,COUNTRY,PUBLISHED,Life expectancy (at birth),Ireland,FEMALE,81.59413174
90E2E48WHOSIS_000001,WHOSIS_000001,90E2E48,WHOSIS_000001,2007,YEAR,376,COUNTRY,PUBLISHED,Life expectancy (at birth),Israel,FEMALE,82.00932799
90E2E48WHOSIS_000001,WHOSIS_000001,90E2E48,WHOSIS_000001,2007,YEAR,398,COUNTRY,PUBLISHED,Life expectancy (at birth),Kazakhstan,FEMALE,71.73729628
90E2E48WHOSIS_000001,WHOSIS_000001,90E2E48,WHOSIS_000001,2007,YEAR,400,COUNTRY,PUBLISHED,Life expectancy (at birth),Jordan,FEMALE,74.6159615
90E2E48WHOSIS_000001,WHOSIS_000001,90E2E48,WHOSIS_000001,2004,YEAR,608,COUNTRY,PUBLISHED,Life expectancy (at birth),Philippines,FEMALE,73.50999109
90E2E48WHOSIS_000001,WHOSIS_000001,90E2E48,WHOSIS_000001,2004,YEAR,616,COUNTRY,PUBLISHED,Life expectancy (at birth),Poland,FEMALE,78.99341553
90E2E48WHOSIS_000001,WHOSIS_000001,90E2E48,WHOSIS_000001,2004,YEAR,620,COUNTRY,PUBLISHED,Life expectancy (at birth),Portugal,FEMALE,81.41142466
90E2E48WHOSIS_000001,WHOSIS_000001,90E2E48,WHOSIS_000001,2003,YEAR,410,COUNTRY,PUBLISHED,Life expectancy (at birth),Republic of Korea,FEMALE,80.7389751
90E2E48WHOSIS_000001,WHOSIS_000001,90E2E48,WHOSIS_000001,2005,YEAR,953,WHOREGION,PUBLISHED,Life expectancy (at birth),Africa,FEMALE,56.91966948
90E2E48WHOSIS_000001,WHOSIS_000001,90E2E48,WHOSIS_000001,2005,YEAR,954,WHOREGION,PUBLISHED,Life expectancy (at birth),Americas,TOTAL,75.28865511
90E2E48WHOSIS_000001,WHOSIS_000001,90E2E48,WHOSIS_000001,2005,YEAR,955,WHOREGION,PUBLISHED,Life expectancy (at birth),South-East Asia,FEMALE,67.97689254
90E2E48WHOSIS_000001,WHOSIS_000001,90E2E48,WHOSIS_000001,2005,YEAR,956,WHOREGION,PUBLISHED,Life expectancy (at birth),Europe,FEMALE,77.48219457
90E2E48WHOSIS_000001,WHOSIS_000001,90E2E48,WHOSIS_000001,2006,YEAR,4,COUNTRY,PUBLISHED,Life expectancy (at birth),Afghanistan,FEMALE,57.43716396
90E2E48WHOSIS_000001,WHOSIS_000001,90E2E48,WHOSIS_000001,2013,YEAR,496,COUNTRY,PUBLISHED,Life expectancy (at birth),Mongolia,FEMALE,72.78147075
90E2E48WHOSIS_000001,WHOSIS_000001,90E2E48,WHOSIS_000001,2013,YEAR,724,COUNTRY,PUBLISHED,Life expectancy (at birth),Spain,FEMALE,85.15147734
90E2E48WHOSIS_000001,WHOSIS_000001,90E2E48,WHOSIS_000001,2013,YEAR,706,COUNTRY,PUBLISHED,Life expectancy (at birth),Somalia,FEMALE,54.97535511
90E2E48WHOSIS_000001,WHOSIS_000001,90E2E48,WHOSIS_000001,2013,YEAR,710,COUNTRY,PUBLISHED,Life expectancy (at birth),South Africa,FEMALE,64.92198742
90E2E48WHOSIS_000001,WHOSIS_000001,90E2E48,WHOSIS_000001,2013,YEAR,716,COUNTRY,PUBLISHED,Life expectancy (at birth),Zimbabwe,FEMALE,58.34312734
90E2E48WHOSIS_000001,WHOSIS_000001,90E2E48,WHOSIS_000001,2006,YEAR,32,COUNTRY,PUBLISHED,Life expectancy (at birth),Argentina,FEMALE,78.91602606
90E2E48WHOSIS_000001,WHOSIS_000001,90E2E48,WHOSIS_000001,2006,YEAR,36,COUNTRY,PUBLISHED,Life expectancy (at birth),Australia,FEMALE,83.2657133
90E2E48WHOSIS_000001,WHOSIS_000001,90E2E48,WHOSIS_000001,2008,YEAR,512,COUNTRY,PUBLISHED,Life expectancy (at birth),Oman,FEMALE,77.54558076
90E2E48WHOSIS_000001,WHOSIS_000001,90E2E48,WHOSIS_000001,2018,YEAR,887,COUNTRY,PUBLISHED,Life expectancy (at birth),Yemen,FEMALE,69.82911209
90E2E48WHOSIS_000001,WHOSIS_000001,90E2E48,WHOSIS_000001,2018,YEAR,894,COUNTRY,PUBLISHED,Life expectancy (at birth),Zambia,FEMALE,63.59771278
90E2E48WHOSIS_000001,WHOSIS_000001,90E2E48,WHOSIS_000001,2003,YEAR,840,COUNTRY,PUBLISHED,Life expectancy (at birth),United States of America,FEMALE,79.33345047
90E2E48WHOSIS_000001,WHOSIS_000001,90E2E48,WHOSIS_000001,2004,YEAR,604,COUNTRY,PUBLISHED,Life expectancy (at birth),Peru,FEMALE,78.46214016
90E2E48WHOSIS_000001,WHOSIS_000001,90E2E48,WHOSIS_000001,2003,YEAR,818,COUNTRY,PUBLISHED,Life expectancy (at birth),Egypt,FEMALE,71.52974232
90E2E48WHOSIS_000001,WHOSIS_000001,90E2E48,WHOSIS_000001,2004,YEAR,682,COUNTRY,PUBLISHED,Life expectancy (at birth),Saudi Arabia,FEMALE,72.92597569
90E2E48WHOSIS_000001,WHOSIS_000001,90E2E48,WHOSIS_000001,2004,YEAR,634,COUNTRY,PUBLISHED,Life expectancy (at birth),Qatar,FEMALE,72.92252235
90E2E48WHOSIS_000001,WHOSIS_000001,90E2E48,WHOSIS_000001,2004,YEAR,642,COUNTRY,PUBLISHED,Life expectancy (at birth),Romania,FEMALE,75.42579572
90E2E48WHOSIS_000001,WHOSIS_000001,90E2E48,WHOSIS_000001,2004,YEAR,643,COUNTRY,PUBLISHED,Life expectancy (at birth),Russian Federation,FEMALE,72.17452596
90E2E48WHOSIS_000001,WHOSIS_000001,90E2E48,WHOSIS_000001,2014,YEAR,170,COUNTRY,PUBLISHED,Life expectancy (at birth),Colombia,FEMALE,80.00462737
90E2E48WHOSIS_000001,WHOSIS_000001,90E2E48,WHOSIS_000001,2014,YEAR,554,COUNTRY,PUBLISHED,Life expectancy (at birth),New Zealand,FEMALE,82.87231401
90E2E48WHOSIS_000001,WHOSIS_000001,90E2E48,WHOSIS_000001,2014,YEAR,192,COUNTRY,PUBLISHED,Life expectancy (at birth),Cuba,FEMALE,80.24695409
90E2E48WHOSIS_000001,WHOSIS_000001,90E2E48,WHOSIS_000001,2014,YEAR,578,COUNTRY,PUBLISHED,Life expectancy (at birth),Norway,FEMALE,83.6678244
90E2E48WHOSIS_000001,WHOSIS_000001,90E2E48,WHOSIS_000001,2014,YEAR,586,COUNTRY,PUBLISHED,Life expectancy (at birth),Pakistan,FEMALE,66.2276814
90E2E48WHOSIS_000001,WHOSIS_000001,90E2E48,WHOSIS_000001,2016,YEAR,608,COUNTRY,PUBLISHED,Life expectancy (at birth),Philippines,MALE,65.61954455
90E2E48WHOSIS_000001,WHOSIS_000001,90E2E48,WHOSIS_000001,2015,YEAR,953,WHOREGION,PUBLISHED,Life expectancy (at birth),Africa,MALE,60.54230825
90E2E48WHOSIS_000001,WHOSIS_000001,90E2E48,WHOSIS_000001,2006,YEAR,954,WHOREGION,PUBLISHED,Life expectancy (at birth),Americas,FEMALE,78.36873933
90E2E48WHOSIS_000001,WHOSIS_000001,90E2E48,WHOSIS_000001,2015,YEAR,887,COUNTRY,PUBLISHED,Life expectancy (at birth),Yemen,MALE,66.14513155
90E2E48WHOSIS_000001,WHOSIS_000001,90E2E48,WHOSIS_000001,2015,YEAR,894,COUNTRY,PUBLISHED,Life expectancy (at birth),Zambia,MALE,58.1920408
90E2E48WHOSIS_000001,WHOSIS_000001,90E2E48,WHOSIS_000001,2014,YEAR,887,COUNTRY,PUBLISHED,Life expectancy (at birth),Yemen,FEMALE,70.60767126
90E2E48WHOSIS_000001,WHOSIS_000001,90E2E48,WHOSIS_000001,2014,YEAR,894,COUNTRY,PUBLISHED,Life expectancy (at birth),Zambia,FEMALE,61.922877
90E2E48WHOSIS_000001,WHOSIS_000001,90E2E48,WHOSIS_000001,2015,YEAR,887,COUNTRY,PUBLISHED,Life expectancy (at birth),Yemen,FEMALE,70.3807173
90E2E48WHOSIS_000001,WHOSIS_000001,90E2E48,WHOSIS_000001,2015,YEAR,894,COUNTRY,PUBLISHED,Life expectancy (at birth),Zambia,FEMALE,62.44922924
90E2E48WHOSIS_000001,WHOSIS_000001,90E2E48,WHOSIS_000001,2015,YEAR,840,COUNTRY,PUBLISHED,Life expectancy (at birth),United States of America,FEMALE,80.75563252
90E2E48WHOSIS_000001,WHOSIS_000001,90E2E48,WHOSIS_000001,2006,YEAR,48,COUNTRY,PUBLISHED,Life expectancy (at birth),Bahrain,FEMALE,72.97805958
90E2E48WHOSIS_000001,WHOSIS_000001,90E2E48,WHOSIS_000001,2008,YEAR,524,COUNTRY,PUBLISHED,Life expectancy (at birth),Nepal,FEMALE,70.48335256
90E2E48WHOSIS_000001,WHOSIS_000001,90E2E48,WHOSIS_000001,2008,YEAR,586,COUNTRY,PUBLISHED,Life expectancy (at birth),Pakistan,FEMALE,64.47363484
90E2E48WHOSIS_000001,WHOSIS_000001,90E2E48,WHOSIS_000001,2008,YEAR,554,COUNTRY,PUBLISHED,Life expectancy (at birth),New Zealand,FEMALE,82.22232068
90E2E48WHOSIS_000001,WHOSIS_000001,90E2E48,WHOSIS_000001,2008,YEAR,578,COUNTRY,PUBLISHED,Life expectancy (at birth),Norway,FEMALE,82.66022029
90E2E48WHOSIS_000001,WHOSIS_000001,90E2E48,WHOSIS_000001,2008,YEAR,604,COUNTRY,PUBLISHED,Life expectancy (at birth),Peru,FEMALE,80.41615184
90E2E48WHOSIS_000001,WHOSIS_000001,90E2E48,WHOSIS_000001,2008,YEAR,608,COUNTRY,PUBLISHED,Life expectancy (at birth),Philippines,FEMALE,74.00117063
90E2E48WHOSIS_000001,WHOSIS_000001,90E2E48,WHOSIS_000001,2016,YEAR,604,COUNTRY,PUBLISHED,Life expectancy (at birth),Peru,MALE,78.47624687
90E2E48WHOSIS_000001,WHOSIS_000001,90E2E48,WHOSIS_000001,2016,YEAR,352,COUNTRY,PUBLISHED,Life expectancy (at birth),Iceland,MALE,80.70490222
90E2E48WHOSIS_000001,WHOSIS_000001,90E2E48,WHOSIS_000001,2016,YEAR,356,COUNTRY,PUBLISHED,Life expectancy (at birth),India,MALE,68.36023887
90E2E48WHOSIS_000001,WHOSIS_000001,90E2E48,WHOSIS_000001,2016,YEAR,360,COUNTRY,PUBLISHED,Life expectancy (at birth),Indonesia,MALE,68.98955292
90E2E48WHOSIS_000001,WHOSIS_000001,90E2E48,WHOSIS_000001,2016,YEAR,578,COUNTRY,PUBLISHED,Life expectancy (at birth),Norway,MALE,80.47891692
90E2E48WHOSIS_000001,WHOSIS_000001,90E2E48,WHOSIS_000001,2016,YEAR,586,COUNTRY,PUBLISHED,Life expectancy (at birth),Pakistan,MALE,65.28260674
90E2E48WHOSIS_000001,WHOSIS_000001,90E2E48,WHOSIS_000001,2017,YEAR,32,COUNTRY,PUBLISHED,Life expectancy (at birth),Argentina,MALE,73.58865166
90E2E48WHOSIS_000001,WHOSIS_000001,90E2E48,WHOSIS_000001,2004,YEAR,716,COUNTRY,PUBLISHED,Life expectancy (at birth),Zimbabwe,FEMALE,45.54867439
90E2E48WHOSIS_000001,WHOSIS_000001,90E2E48,WHOSIS_000001,2004,YEAR,724,COUNTRY,PUBLISHED,Life expectancy (at birth),Spain,FEMALE,83.24948823
90E2E48WHOSIS_000001,WHOSIS_000001,90E2E48,WHOSIS_000001,2005,YEAR,388,COUNTRY,PUBLISHED,Life expectancy (at birth),Jamaica,FEMALE,74.85924116
90E2E48WHOSIS_000001,WHOSIS_000001,90E2E48,WHOSIS_000001,2005,YEAR,392,COUNTRY,PUBLISHED,Life expectancy (at birth),Japan,FEMALE,85.47794181
90E2E48WHOSIS_000001,WHOSIS_000001,90E2E48,WHOSIS_000001,2004,YEAR,702,COUNTRY,PUBLISHED,Life expectancy (at birth),Singapore,FEMALE,82.59319648
90E2E48WHOSIS_000001,WHOSIS_000001,90E2E48,WHOSIS_000001,2004,YEAR,706,COUNTRY,PUBLISHED,Life expectancy (at birth),Somalia,FEMALE,51.8660989
90E2E48WHOSIS_000001,WHOSIS_000001,90E2E48,WHOSIS_000001,2004,YEAR,710,COUNTRY,PUBLISHED,Life expectancy (at birth),South Africa,FEMALE,53.41086952
90E2E48WHOSIS_000001,WHOSIS_000001,90E2E48,WHOSIS_000001,2005,YEAR,398,COUNTRY,PUBLISHED,Life expectancy (at birth),Kazakhstan,FEMALE,70.94854587
90E2E48WHOSIS_000001,WHOSIS_000001,90E2E48,WHOSIS_000001,2017,YEAR,36,COUNTRY,PUBLISHED,Life expectancy (at birth),Australia,MALE,80.83699384
90E2E48WHOSIS_000001,WHOSIS_000001,90E2E48,WHOSIS_000001,2017,YEAR,48,COUNTRY,PUBLISHED,Life expectancy (at birth),Bahrain,MALE,74.92372356
90E2E48WHOSIS_000001,WHOSIS_000001,90E2E48,WHOSIS_000001,2017,YEAR,50,COUNTRY,PUBLISHED,Life expectancy (at birth),Bangladesh,MALE,72.08322327
90E2E48WHOSIS_000001,WHOSIS_000001,90E2E48,WHOSIS_000001,2017,YEAR,818,COUNTRY,PUBLISHED,Life expectancy (at birth),Egypt,MALE,68.62338728
90E2E48WHOSIS_000001,WHOSIS_000001,90E2E48,WHOSIS_000001,2017,YEAR,953,WHOREGION,PUBLISHED,Life expectancy (at birth),Africa,MALE,61.44322094
90E2E48WHOSIS_000001,WHOSIS_000001,90E2E48,WHOSIS_000001,2018,YEAR,156,COUNTRY,PUBLISHED,Life expectancy (at birth),China,MALE,74.38892389
90E2E48WHOSIS_000001,WHOSIS_000001,90E2E48,WHOSIS_000001,2018,YEAR,170,COUNTRY,PUBLISHED,Life expectancy (at birth),Colombia,MALE,75.15590002
90E2E48WHOSIS_000001,WHOSIS_000001,90E2E48,WHOSIS_000001,2006,YEAR,954,WHOREGION,PUBLISHED,Life expectancy (at birth),Americas,TOTAL,75.62335043
90E2E48WHOSIS_000001,WHOSIS_000001,90E2E48,WHOSIS_000001,2018,YEAR,124,COUNTRY,PUBLISHED,Life expectancy (at birth),Canada,MALE,79.83958687
90E2E48WHOSIS_000001,WHOSIS_000001,90E2E48,WHOSIS_000001,2008,YEAR,616,COUNTRY,PUBLISHED,Life expectancy (at birth),Poland,FEMALE,79.72476947
90E2E48WHOSIS_000001,WHOSIS_000001,90E2E48,WHOSIS_000001,2020,YEAR,352,COUNTRY,PUBLISHED,Life expectancy (at birth),Iceland,FEMALE,83.91381983
90E2E48WHOSIS_000001,WHOSIS_000001,90E2E48,WHOSIS_000001,2008,YEAR,620,COUNTRY,PUBLISHED,Life expectancy (at birth),Portugal,FEMALE,82.25386817
90E2E48WHOSIS_000001,WHOSIS_000001,90E2E48,WHOSIS_000001,2020,YEAR,368,COUNTRY,PUBLISHED,Life expectancy (at birth),Iraq,FEMALE,73.82694404
90E2E48WHOSIS_000001,WHOSIS_000001,90E2E48,WHOSIS_000001,2021,YEAR,4,COUNTRY,PUBLISHED,Life expectancy (at birth),Afghanistan,FEMALE,60.98603789
90E2E48WHOSIS_000001,WHOSIS_000001,90E2E48,WHOSIS_000001,2020,YEAR,372,COUNTRY,PUBLISHED,Life expectancy (at birth),Ireland,FEMALE,83.46543469
90E2E48WHOSIS_000001,WHOSIS_000001,90E2E48,WHOSIS_000001,2006,YEAR,954,WHOREGION,PUBLISHED,Life expectancy (at birth),Americas,MALE,72.86747726
90E2E48WHOSIS_000001,WHOSIS_000001,90E2E48,WHOSIS_000001,2015,YEAR,953,WHOREGION,PUBLISHED,Life expectancy (at birth),Africa,FEMALE,64.36441282
90E2E48WHOSIS_000001,WHOSIS_000001,90E2E48,WHOSIS_000001,2007,YEAR,954,WHOREGION,PUBLISHED,Life expectancy (at birth),Americas,FEMALE,78.57729238
90E2E48WHOSIS_000001,WHOSIS_000001,90E2E48,WHOSIS_000001,2015,YEAR,955,WHOREGION,PUBLISHED,Life expectancy (at birth),South-East Asia,FEMALE,71.92408266
90E2E48WHOSIS_000001,WHOSIS_000001,90E2E48,WHOSIS_000001,2016,YEAR,352,COUNTRY,PUBLISHED,Life expectancy (at birth),Iceland,FEMALE,83.64250607
90E2E48WHOSIS_000001,WHOSIS_000001,90E2E48,WHOSIS_000001,2016,YEAR,356,COUNTRY,PUBLISHED,Life expectancy (at birth),India,FEMALE,71.31301845
90E2E48WHOSIS_000001,WHOSIS_000001,90E2E48,WHOSIS_000001,2020,YEAR,356,COUNTRY,PUBLISHED,Life expectancy (at birth),India,FEMALE,72.17767618
90E2E48WHOSIS_000001,WHOSIS_000001,90E2E48,WHOSIS_000001,2020,YEAR,360,COUNTRY,PUBLISHED,Life expectancy (at birth),Indonesia,FEMALE,71.89044583
90E2E48WHOSIS_000001,WHOSIS_000001,90E2E48,WHOSIS_000001,2020,YEAR,364,COUNTRY,PUBLISHED,Life expectancy (at birth),Iran (Islamic Republic of),FEMALE,77.13670552
90E2E48WHOSIS_000001,WHOSIS_000001,90E2E48,WHOSIS_000001,2020,YEAR,955,WHOREGION,PUBLISHED,Life expectancy (at birth),South-East Asia,FEMALE,72.84887121
90E2E48WHOSIS_000001,WHOSIS_000001,90E2E48,WHOSIS_000001,2020,YEAR,956,WHOREGION,PUBLISHED,Life expectancy (at birth),Europe,FEMALE,80.10651148
90E2E48WHOSIS_000001,WHOSIS_000001,90E2E48,WHOSIS_000001,2021,YEAR,48,COUNTRY,PUBLISHED,Life expectancy (at birth),Bahrain,FEMALE,75.09466059
90E2E48WHOSIS_000001,WHOSIS_000001,90E2E48,WHOSIS_000001,2021,YEAR,50,COUNTRY,PUBLISHED,Life expectancy (at birth),Bangladesh,FEMALE,74.56256042
90E2E48WHOSIS_000001,WHOSIS_000001,90E2E48,WHOSIS_000001,2021,YEAR,32,COUNTRY,PUBLISHED,Life expectancy (at birth),Argentina,FEMALE,77.57790712
90E2E48WHOSIS_000001,WHOSIS_000001,90E2E48,WHOSIS_000001,2021,YEAR,36,COUNTRY,PUBLISHED,Life expectancy (at birth),Australia,FEMALE,84.89781796
90E2E48WHOSIS_000001,WHOSIS_000001,90E2E48,WHOSIS_000001,2018,YEAR,144,COUNTRY,PUBLISHED,Life expectancy (at birth),Sri Lanka,MALE,74.02485503
90E2E48WHOSIS_000001,WHOSIS_000001,90E2E48,WHOSIS_000001,2018,YEAR,578,COUNTRY,PUBLISHED,Life expectancy (at birth),Norway,MALE,80.86622047
90E2E48WHOSIS_000001,WHOSIS_000001,90E2E48,WHOSIS_000001,2018,YEAR,586,COUNTRY,PUBLISHED,Life expectancy (at birth),Pakistan,MALE,65.99608411
90E2E48WHOSIS_000001,WHOSIS_000001,90E2E48,WHOSIS_000001,2018,YEAR,524,COUNTRY,PUBLISHED,Life expectancy (at birth),Nepal,MALE,69.28407249
90E2E48WHOSIS_000001,WHOSIS_000001,90E2E48,WHOSIS_000001,2018,YEAR,554,COUNTRY,PUBLISHED,Life expectancy (at birth),New Zealand,MALE,80.10699094
90E2E48WHOSIS_000001,WHOSIS_000001,90E2E48,WHOSIS_000001,2016,YEAR,360,COUNTRY,PUBLISHED,Life expectancy (at birth),Indonesia,FEMALE,72.56672665
90E2E48WHOSIS_000001,WHOSIS_000001,90E2E48,WHOSIS_000001,2016,YEAR,578,COUNTRY,PUBLISHED,Life expectancy (at birth),Norway,FEMALE,83.70290828
90E2E48WHOSIS_000001,WHOSIS_000001,90E2E48,WHOSIS_000001,2016,YEAR,586,COUNTRY,PUBLISHED,Life expectancy (at birth),Pakistan,FEMALE,66.85605771
90E2E48WHOSIS_000001,WHOSIS_000001,90E2E48,WHOSIS_000001,2016,YEAR,604,COUNTRY,PUBLISHED,Life expectancy (at birth),Peru,FEMALE,81.83870811
90E2E48WHOSIS_000001,WHOSIS_000001,90E2E48,WHOSIS_000001,2017,YEAR,32,COUNTRY,PUBLISHED,Life expectancy (at birth),Argentina,FEMALE,79.5931731
90E2E48WHOSIS_000001,WHOSIS_000001,90E2E48,WHOSIS_000001,2017,YEAR,48,COUNTRY,PUBLISHED,Life expectancy (at birth),Bahrain,FEMALE,76.78467923
90E2E48WHOSIS_000001,WHOSIS_000001,90E2E48,WHOSIS_000001,2017,YEAR,50,COUNTRY,PUBLISHED,Life expectancy (at birth),Bangladesh,FEMALE,74.6946203
90E2E48WHOSIS_000001,WHOSIS_000001,90E2E48,WHOSIS_000001,2017,YEAR,36,COUNTRY,PUBLISHED,Life expectancy (at birth),Australia,FEMALE,84.51689818
90E2E48WHOSIS_000001,WHOSIS_000001,90E2E48,WHOSIS_000001,2000,YEAR,702,COUNTRY,PUBLISHED,Life expectancy (at birth),Singapore,TOTAL,78.52088806
90E2E48WHOSIS_000001,WHOSIS_000001,90E2E48,WHOSIS_000001,2000,YEAR,4,COUNTRY,PUBLISHED,Life expectancy (at birth),Afghanistan,TOTAL,53.82332641
90E2E48WHOSIS_000001,WHOSIS_000001,90E2E48,WHOSIS_000001,2006,YEAR,480,COUNTRY,PUBLISHED,Life expectancy (at birth),Mauritius,TOTAL,72.37604294
90E2E48WHOSIS_000001,WHOSIS_000001,90E2E48,WHOSIS_000001,2021,YEAR,682,COUNTRY,PUBLISHED,Life expectancy (at birth),Saudi Arabia,FEMALE,77.36849779
90E2E48WHOSIS_000001,WHOSIS_000001,90E2E48,WHOSIS_000001,2021,YEAR,56,COUNTRY,PUBLISHED,Life expectancy (at birth),Belgium,FEMALE,83.68795225
90E2E48WHOSIS_000001,WHOSIS_000001,90E2E48,WHOSIS_000001,2021,YEAR,76,COUNTRY,PUBLISHED,Life expectancy (at birth),Brazil,FEMALE,75.84727825
90E2E48WHOSIS_000001,WHOSIS_000001,90E2E48,WHOSIS_000001,2021,YEAR,716,COUNTRY,PUBLISHED,Life expectancy (at birth),Zimbabwe,FEMALE,60.53337841
90E2E48WHOSIS_000001,WHOSIS_000001,90E2E48,WHOSIS_000001,2021,YEAR,724,COUNTRY,PUBLISHED,Life expectancy (at birth),Spain,FEMALE,85.29773694
90E2E48WHOSIS_000001,WHOSIS_000001,90E2E48,WHOSIS_000001,2005,YEAR,400,COUNTRY,PUBLISHED,Life expectancy (at birth),Jordan,FEMALE,72.71007122
90E2E48WHOSIS_000001,WHOSIS_000001,90E2E48,WHOSIS_000001,2005,YEAR,404,COUNTRY,PUBLISHED,Life expectancy (at birth),Kenya,FEMALE,57.78088931
90E2E48WHOSIS_000001,WHOSIS_000001,90E2E48,WHOSIS_000001,2005,YEAR,410,COUNTRY,PUBLISHED,Life expectancy (at birth),Republic of Korea,FEMALE,81.52619747
90E2E48WHOSIS_000001,WHOSIS_000001,90E2E48,WHOSIS_000001,2005,YEAR,414,COUNTRY,PUBLISHED,Life expectancy (at birth),Kuwait,FEMALE,80.91049586
90E2E48WHOSIS_000001,WHOSIS_000001,90E2E48,WHOSIS_000001,2005,YEAR,434,COUNTRY,PUBLISHED,Life expectancy (at birth),Libya,FEMALE,75.7114732
90E2E48WHOSIS_000001,WHOSIS_000001,90E2E48,WHOSIS_000001,2005,YEAR,480,COUNTRY,PUBLISHED,Life expectancy (at birth),Mauritius,FEMALE,75.61058289
90E2E48WHOSIS_000001,WHOSIS_000001,90E2E48,WHOSIS_000001,2005,YEAR,484,COUNTRY,PUBLISHED,Life expectancy (at birth),Mexico,FEMALE,77.25660701
90E2E48WHOSIS_000001,WHOSIS_000001,90E2E48,WHOSIS_000001,2006,YEAR,484,COUNTRY,PUBLISHED,Life expectancy (at birth),Mexico,TOTAL,75.33649525
90E2E48WHOSIS_000001,WHOSIS_000001,90E2E48,WHOSIS_000001,2006,YEAR,578,COUNTRY,PUBLISHED,Life expectancy (at birth),Norway,TOTAL,80.28168328
90E2E48WHOSIS_000001,WHOSIS_000001,90E2E48,WHOSIS_000001,2006,YEAR,586,COUNTRY,PUBLISHED,Life expectancy (at birth),Pakistan,TOTAL,63.07149815
90E2E48WHOSIS_000001,WHOSIS_000001,90E2E48,WHOSIS_000001,2006,YEAR,496,COUNTRY,PUBLISHED,Life expectancy (at birth),Mongolia,TOTAL,65.78316962
90E2E48WHOSIS_000001,WHOSIS_000001,90E2E48,WHOSIS_000001,2006,YEAR,512,COUNTRY,PUBLISHED,Life expectancy (at birth),Oman,TOTAL,73.46705832
90E2E48WHOSIS_000001,WHOSIS_000001,90E2E48,WHOSIS_000001,2006,YEAR,524,COUNTRY,PUBLISHED,Life expectancy (at birth),Nepal,TOTAL,68.54567896
90E2E48WHOSIS_000001,WHOSIS_000001,90E2E48,WHOSIS_000001,2006,YEAR,554,COUNTRY,PUBLISHED,Life expectancy (at birth),New Zealand,TOTAL,79.88697688
90E2E48WHOSIS_000001,WHOSIS_000001,90E2E48,WHOSIS_000001,2000,YEAR,356,COUNTRY,PUBLISHED,Life expectancy (at birth),India,TOTAL,63.19893734
90E2E48WHOSIS_000001,WHOSIS_000001,90E2E48,WHOSIS_000001,2000,YEAR,380,COUNTRY,PUBLISHED,Life expectancy (at birth),Italy,TOTAL,79.36611399
90E2E48WHOSIS_000001,WHOSIS_000001,90E2E48,WHOSIS_000001,2018,YEAR,144,COUNTRY,PUBLISHED,Life expectancy (at birth),Sri Lanka,FEMALE,80.0942993
90E2E48WHOSIS_000001,WHOSIS_000001,90E2E48,WHOSIS_000001,2017,YEAR,953,WHOREGION,PUBLISHED,Life expectancy (at birth),Africa,FEMALE,65.2839679
90E2E48WHOSIS_000001,WHOSIS_000001,90E2E48,WHOSIS_000001,2017,YEAR,818,COUNTRY,PUBLISHED,Life expectancy (at birth),Egypt,FEMALE,73.95856313
90E2E48WHOSIS_000001,WHOSIS_000001,90E2E48,WHOSIS_000001,2018,YEAR,124,COUNTRY,PUBLISHED,Life expectancy (at birth),Canada,FEMALE,83.606496
90E2E48WHOSIS_000001,WHOSIS_000001,90E2E48,WHOSIS_000001,2007,YEAR,954,WHOREGION,PUBLISHED,Life expectancy (at birth),Americas,TOTAL,75.82834415
90E2E48WHOSIS_000001,WHOSIS_000001,90E2E48,WHOSIS_000001,2017,YEAR,955,WHOREGION,PUBLISHED,Life expectancy (at birth),South-East Asia,FEMALE,72.49628629
90E2E48WHOSIS_000001,WHOSIS_000001,90E2E48,WHOSIS_000001,2018,YEAR,554,COUNTRY,PUBLISHED,Life expectancy (at birth),New Zealand,FEMALE,83.36205057
90E2E48WHOSIS_000001,WHOSIS_000001,90E2E48,WHOSIS_000001,2021,YEAR,702,COUNTRY,PUBLISHED,Life expectancy (at birth),Singapore,FEMALE,86.25122473
90E2E48WHOSIS_000001,WHOSIS_000001,90E2E48,WHOSIS_000001,2021,YEAR,706,COUNTRY,PUBLISHED,Life expectancy (at birth),Somalia,FEMALE,56.33251904
90E2E48WHOSIS_000001,WHOSIS_000001,90E2E48,WHOSIS_000001,2021,YEAR,710,COUNTRY,PUBLISHED,Life expectancy (at birth),South Africa,FEMALE,64.01562152
90E2E48WHOSIS_000001,WHOSIS_000001,90E2E48,WHOSIS_000001,2021,YEAR,752,COUNTRY,PUBLISHED,Life expectancy (at birth),Sweden,FEMALE,84.31275387
90E2E48WHOSIS_000001,WHOSIS_000001,90E2E48,WHOSIS_000001,2000,YEAR,388,COUNTRY,PUBLISHED,Life expectancy (at birth),Jamaica,TOTAL,72.25330071
90E2E48WHOSIS_000001,WHOSIS_000001,90E2E48,WHOSIS_000001,2000,YEAR,392,COUNTRY,PUBLISHED,Life expectancy (at birth),Japan,TOTAL,81.5301793
90E2E48WHOSIS_000001,WHOSIS_000001,90E2E48,WHOSIS_000001,2000,YEAR,360,COUNTRY,PUBLISHED,Life expectancy (at birth),Indonesia,TOTAL,67.20520958
90E2E48WHOSIS_000001,WHOSIS_000001,90E2E48,WHOSIS_000001,2000,YEAR,364,COUNTRY,PUBLISHED,Life expectancy (at birth),Iran (Islamic Republic of),TOTAL,73.48542569
90E2E48WHOSIS_000001,WHOSIS_000001,90E2E48,WHOSIS_000001,2000,YEAR,368,COUNTRY,PUBLISHED,Life expectancy (at birth),Iraq,TOTAL,69.48152045
90E2E48WHOSIS_000001,WHOSIS_000001,90E2E48,WHOSIS_000001,2000,YEAR,372,COUNTRY,PUBLISHED,Life expectancy (at birth),Ireland,TOTAL,76.41796785
90E2E48WHOSIS_000001,WHOSIS_000001,90E2E48,WHOSIS_000001,2000,YEAR,376,COUNTRY,PUBLISHED,Life expectancy (at birth),Israel,TOTAL,78.54383666
90E2E48WHOSIS_000001,WHOSIS_000001,90E2E48,WHOSIS_000001,2000,YEAR,352,COUNTRY,PUBLISHED,Life expectancy (at birth),Iceland,TOTAL,79.6920726
90E2E48WHOSIS_000001,WHOSIS_000001,90E2E48,WHOSIS_000001,2000,YEAR,398,COUNTRY,PUBLISHED,Life expectancy (at birth),Kazakhstan,TOTAL,64.35326131
90E2E48WHOSIS_000001,WHOSIS_000001,90E2E48,WHOSIS_000001,2000,YEAR,400,COUNTRY,PUBLISHED,Life expectancy (at birth),Jordan,TOTAL,72.72227433
90E2E48WHOSIS_000001,WHOSIS_000001,90E2E48,WHOSIS_000001,2021,YEAR,756,COUNTRY,PUBLISHED,Life expectancy (at birth),Switzerland,FEMALE,85.11479877
90E2E48WHOSIS_000001,WHOSIS_000001,90E2E48,WHOSIS_000001,2005,YEAR,634,COUNTRY,PUBLISHED,Life expectancy (at birth),Qatar,FEMALE,73.10240231
90E2E48WHOSIS_000001,WHOSIS_000001,90E2E48,WHOSIS_000001,2005,YEAR,642,COUNTRY,PUBLISHED,Life expectancy (at birth),Romania,FEMALE,75.61820668
90E2E48WHOSIS_000001,WHOSIS_000001,90E2E48,WHOSIS_000001,2005,YEAR,643,COUNTRY,PUBLISHED,Life expectancy (at birth),Russian Federation,FEMALE,72.25608433
90E2E48WHOSIS_000001,WHOSIS_000001,90E2E48,WHOSIS_000001,2005,YEAR,682,COUNTRY,PUBLISHED,Life expectancy (at birth),Saudi Arabia,FEMALE,73.12227378
90E2E48WHOSIS_000001,WHOSIS_000001,90E2E48,WHOSIS_000001,2005,YEAR,706,COUNTRY,PUBLISHED,Life expectancy (at birth),Somalia,FEMALE,52.08483608
90E2E48WHOSIS_000001,WHOSIS_000001,90E2E48,WHOSIS_000001,2005,YEAR,710,COUNTRY,PUBLISHED,Life expectancy (at birth),South Africa,FEMALE,53.21852928
90E2E48WHOSIS_000001,WHOSIS_000001,90E2E48,WHOSIS_000001,2005,YEAR,716,COUNTRY,PUBLISHED,Life expectancy (at birth),Zimbabwe,FEMALE,46.22328349
90E2E48WHOSIS_000001,WHOSIS_000001,90E2E48,WHOSIS_000001,2005,YEAR,702,COUNTRY,PUBLISHED,Life expectancy (at birth),Singapore,FEMALE,82.76305579
90E2E48WHOSIS_000001,WHOSIS_000001,90E2E48,WHOSIS_000001,2018,YEAR,156,COUNTRY,PUBLISHED,Life expectancy (at birth),China,FEMALE,80.21740435
90E2E48WHOSIS_000001,WHOSIS_000001,90E2E48,WHOSIS_000001,2018,YEAR,170,COUNTRY,PUBLISHED,Life expectancy (at birth),Colombia,FEMALE,80.46409262
90E2E48WHOSIS_000001,WHOSIS_000001,90E2E48,WHOSIS_000001,2018,YEAR,578,COUNTRY,PUBLISHED,Life expectancy (at birth),Norway,FEMALE,83.99785058
90E2E48WHOSIS_000001,WHOSIS_000001,90E2E48,WHOSIS_000001,2000,YEAR,702,COUNTRY,PUBLISHED,Life expectancy (at birth),Singapore,MALE,76.25730394
90E2E48WHOSIS_000001,WHOSIS_000001,90E2E48,WHOSIS_000001,2018,YEAR,586,COUNTRY,PUBLISHED,Life expectancy (at birth),Pakistan,FEMALE,67.50451936
90E2E48WHOSIS_000001,WHOSIS_000001,90E2E48,WHOSIS_000001,2000,YEAR,404,COUNTRY,PUBLISHED,Life expectancy (at birth),Kenya,TOTAL,54.09203911
90E2E48WHOSIS_000001,WHOSIS_000001,90E2E48,WHOSIS_000001,2000,YEAR,410,COUNTRY,PUBLISHED,Life expectancy (at birth),Republic of Korea,TOTAL,75.85981554
90E2E48WHOSIS_000001,WHOSIS_000001,90E2E48,WHOSIS_000001,2000,YEAR,414,COUNTRY,PUBLISHED,Life expectancy (at birth),Kuwait,TOTAL,77.57714875
90E2E48WHOSIS_000001,WHOSIS_000001,90E2E48,WHOSIS_000001,2000,YEAR,434,COUNTRY,PUBLISHED,Life expectancy (at birth),Libya,TOTAL,74.0447285
90E2E48WHOSIS_000001,WHOSIS_000001,90E2E48,WHOSIS_000001,2000,YEAR,300,COUNTRY,PUBLISHED,Life expectancy (at birth),Greece,TOTAL,78.42147917
90E2E48WHOSIS_000001,WHOSIS_000001,90E2E48,WHOSIS_000001,2000,YEAR,308,COUNTRY,PUBLISHED,Life expectancy (at birth),Grenada,TOTAL,71.59448817
90E2E48WHOSIS_000001,WHOSIS_000001,90E2E48,WHOSIS_000001,2000,YEAR,4,COUNTRY,PUBLISHED,Life expectancy (at birth),Afghanistan,MALE,53.24999078
90E2E48WHOSIS_000001,WHOSIS_000001,90E2E48,WHOSIS_000001,2006,YEAR,480,COUNTRY,PUBLISHED,Life expectancy (at birth),Mauritius,MALE,69.05924842
90E2E48WHOSIS_000001,WHOSIS_000001,90E2E48,WHOSIS_000001,2006,YEAR,484,COUNTRY,PUBLISHED,Life expectancy (at birth),Mexico,MALE,72.9409665
90E2E48WHOSIS_000001,WHOSIS_000001,90E2E48,WHOSIS_000001,2006,YEAR,496,COUNTRY,PUBLISHED,Life expectancy (at birth),Mongolia,MALE,61.76608506
90E2E48WHOSIS_000001,WHOSIS_000001,90E2E48,WHOSIS_000001,2006,YEAR,512,COUNTRY,PUBLISHED,Life expectancy (at birth),Oman,MALE,70.99557276
90E2E48WHOSIS_000001,WHOSIS_000001,90E2E48,WHOSIS_000001,2005,YEAR,496,COUNTRY,PUBLISHED,Life expectancy (at birth),Mongolia,FEMALE,69.82276172
90E2E48WHOSIS_000001,WHOSIS_000001,90E2E48,WHOSIS_000001,2006,YEAR,308,COUNTRY,PUBLISHED,Life expectancy (at birth),Grenada,FEMALE,76.58732991
90E2E48WHOSIS_000001,WHOSIS_000001,90E2E48,WHOSIS_000001,2006,YEAR,276,COUNTRY,PUBLISHED,Life expectancy (at birth),Germany,FEMALE,82.06792869
90E2E48WHOSIS_000001,WHOSIS_000001,90E2E48,WHOSIS_000001,2006,YEAR,586,COUNTRY,PUBLISHED,Life expectancy (at birth),Pakistan,MALE,62.38153741
90E2E48WHOSIS_000001,WHOSIS_000001,90E2E48,WHOSIS_000001,2000,YEAR,352,COUNTRY,PUBLISHED,Life expectancy (at birth),Iceland,MALE,77.72319836
90E2E48WHOSIS_000001,WHOSIS_000001,90E2E48,WHOSIS_000001,2000,YEAR,356,COUNTRY,PUBLISHED,Life expectancy (at birth),India,MALE,62.17854522
90E2E48WHOSIS_000001,WHOSIS_000001,90E2E48,WHOSIS_000001,2006,YEAR,554,COUNTRY,PUBLISHED,Life expectancy (at birth),New Zealand,MALE,77.93207152
90E2E48WHOSIS_000001,WHOSIS_000001,90E2E48,WHOSIS_000001,2006,YEAR,524,COUNTRY,PUBLISHED,Life expectancy (at birth),Nepal,MALE,67.19056033
90E2E48WHOSIS_000001,WHOSIS_000001,90E2E48,WHOSIS_000001,2006,YEAR,578,COUNTRY,PUBLISHED,Life expectancy (at birth),Norway,MALE,78.07766829
90E2E48WHOSIS_000001,WHOSIS_000001,90E2E48,WHOSIS_000001,2000,YEAR,360,COUNTRY,PUBLISHED,Life expectancy (at birth),Indonesia,MALE,65.99361391
90E2E48WHOSIS_000001,WHOSIS_000001,90E2E48,WHOSIS_000001,2000,YEAR,364,COUNTRY,PUBLISHED,Life expectancy (at birth),Iran (Islamic Republic of),MALE,71.91746825
90E2E48WHOSIS_000001,WHOSIS_000001,90E2E48,WHOSIS_000001,2000,YEAR,368,COUNTRY,PUBLISHED,Life expectancy (at birth),Iraq,MALE,66.87052603
90E2E48WHOSIS_000001,WHOSIS_000001,90E2E48,WHOSIS_000001,2000,YEAR,372,COUNTRY,PUBLISHED,Life expectancy (at birth),Ireland,MALE,73.87621938
90E2E48WHOSIS_000001,WHOSIS_000001,90E2E48,WHOSIS_000001,2007,YEAR,764,COUNTRY,PUBLISHED,Life expectancy (at birth),Thailand,FEMALE,77.24439779
90E2E48WHOSIS_000001,WHOSIS_000001,90E2E48,WHOSIS_000001,2005,YEAR,724,COUNTRY,PUBLISHED,Life expectancy (at birth),Spain,FEMALE,83.21782223
90E2E48WHOSIS_000001,WHOSIS_000001,90E2E48,WHOSIS_000001,2005,YEAR,752,COUNTRY,PUBLISHED,Life expectancy (at birth),Sweden,FEMALE,82.4605499
90E2E48WHOSIS_000001,WHOSIS_000001,90E2E48,WHOSIS_000001,2005,YEAR,756,COUNTRY,PUBLISHED,Life expectancy (at birth),Switzerland,FEMALE,83.46585747
90E2E48WHOSIS_000001,WHOSIS_000001,90E2E48,WHOSIS_000001,2006,YEAR,434,COUNTRY,PUBLISHED,Life expectancy (at birth),Libya,FEMALE,76.03810318
90E2E48WHOSIS_000001,WHOSIS_000001,90E2E48,WHOSIS_000001,2000,YEAR,156,COUNTRY,PUBLISHED,Life expectancy (at birth),China,TOTAL,70.83886138
90E2E48WHOSIS_000001,WHOSIS_000001,90E2E48,WHOSIS_000001,2000,YEAR,170,COUNTRY,PUBLISHED,Life expectancy (at birth),Colombia,TOTAL,72.53854433
90E2E48WHOSIS_000001,WHOSIS_000001,90E2E48,WHOSIS_000001,2000,YEAR,192,COUNTRY,PUBLISHED,Life expectancy (at birth),Cuba,TOTAL,76.74758667
90E2E48WHOSIS_000001,WHOSIS_000001,90E2E48,WHOSIS_000001,2008,YEAR,36,COUNTRY,PUBLISHED,Life expectancy (at birth),Australia,FEMALE,83.45069222
90E2E48WHOSIS_000001,WHOSIS_000001,90E2E48,WHOSIS_000001,2008,YEAR,48,COUNTRY,PUBLISHED,Life expectancy (at birth),Bahrain,FEMALE,74.03211606
90E2E48WHOSIS_000001,WHOSIS_000001,90E2E48,WHOSIS_000001,2008,YEAR,32,COUNTRY,PUBLISHED,Life expectancy (at birth),Argentina,FEMALE,79.1088644
90E2E48WHOSIS_000001,WHOSIS_000001,90E2E48,WHOSIS_000001,2008,YEAR,50,COUNTRY,PUBLISHED,Life expectancy (at birth),Bangladesh,FEMALE,71.15197518
90E2E48WHOSIS_000001,WHOSIS_000001,90E2E48,WHOSIS_000001,2018,YEAR,608,COUNTRY,PUBLISHED,Life expectancy (at birth),Philippines,FEMALE,73.4584067
90E2E48WHOSIS_000001,WHOSIS_000001,90E2E48,WHOSIS_000001,2000,YEAR,268,COUNTRY,PUBLISHED,Life expectancy (at birth),Georgia,TOTAL,71.06803049
90E2E48WHOSIS_000001,WHOSIS_000001,90E2E48,WHOSIS_000001,2000,YEAR,246,COUNTRY,PUBLISHED,Life expectancy (at birth),Finland,TOTAL,77.59494705
90E2E48WHOSIS_000001,WHOSIS_000001,90E2E48,WHOSIS_000001,2000,YEAR,250,COUNTRY,PUBLISHED,Life expectancy (at birth),France,TOTAL,78.91105529
90E2E48WHOSIS_000001,WHOSIS_000001,90E2E48,WHOSIS_000001,2000,YEAR,376,COUNTRY,PUBLISHED,Life expectancy (at birth),Israel,MALE,76.34036204
90E2E48WHOSIS_000001,WHOSIS_000001,90E2E48,WHOSIS_000001,2000,YEAR,380,COUNTRY,PUBLISHED,Life expectancy (at birth),Italy,MALE,76.40953221
90E2E48WHOSIS_000001,WHOSIS_000001,90E2E48,WHOSIS_000001,2000,YEAR,392,COUNTRY,PUBLISHED,Life expectancy (at birth),Japan,MALE,78.07688359
90E2E48WHOSIS_000001,WHOSIS_000001,90E2E48,WHOSIS_000001,2000,YEAR,398,COUNTRY,PUBLISHED,Life expectancy (at birth),Kazakhstan,MALE,58.8044671
90E2E48WHOSIS_000001,WHOSIS_000001,90E2E48,WHOSIS_000001,2000,YEAR,400,COUNTRY,PUBLISHED,Life expectancy (at birth),Jordan,MALE,74.07818568
90E2E48WHOSIS_000001,WHOSIS_000001,90E2E48,WHOSIS_000001,2000,YEAR,404,COUNTRY,PUBLISHED,Life expectancy (at birth),Kenya,MALE,52.94196865
90E2E48WHOSIS_000001,WHOSIS_000001,90E2E48,WHOSIS_000001,2000,YEAR,388,COUNTRY,PUBLISHED,Life expectancy (at birth),Jamaica,MALE,69.9747201
90E2E48WHOSIS_000001,WHOSIS_000001,90E2E48,WHOSIS_000001,2000,YEAR,414,COUNTRY,PUBLISHED,Life expectancy (at birth),Kuwait,MALE,75.90425295
90E2E48WHOSIS_000001,WHOSIS_000001,90E2E48,WHOSIS_000001,2000,YEAR,410,COUNTRY,PUBLISHED,Life expectancy (at birth),Republic of Korea,MALE,72.24307759
90E2E48WHOSIS_000001,WHOSIS_000001,90E2E48,WHOSIS_000001,2018,YEAR,616,COUNTRY,PUBLISHED,Life expectancy (at birth),Poland,FEMALE,81.36355456
90E2E48WHOSIS_000001,WHOSIS_000001,90E2E48,WHOSIS_000001,2018,YEAR,620,COUNTRY,PUBLISHED,Life expectancy (at birth),Portugal,FEMALE,83.91042383
90E2E48WHOSIS_000001,WHOSIS_000001,90E2E48,WHOSIS_000001,2018,YEAR,604,COUNTRY,PUBLISHED,Life expectancy (at birth),Peru,FEMALE,80.45112044
90E2E48WHOSIS_000001,WHOSIS_000001,90E2E48,WHOSIS_000001,2018,YEAR,634,COUNTRY,PUBLISHED,Life expectancy (at birth),Qatar,FEMALE,79.62140406
90E2E48WHOSIS_000001,WHOSIS_000001,90E2E48,WHOSIS_000001,2018,YEAR,840,COUNTRY,PUBLISHED,Life expectancy (at birth),United States of America,FEMALE,80.85621944
90E2E48WHOSIS_000001,WHOSIS_000001,90E2E48,WHOSIS_000001,2018,YEAR,642,COUNTRY,PUBLISHED,Life expectancy (at birth),Romania,FEMALE,78.87413384
90E2E48WHOSIS_000001,WHOSIS_000001,90E2E48,WHOSIS_000001,2008,YEAR,376,COUNTRY,PUBLISHED,Life expectancy (at birth),Israel,FEMALE,82.41757123
90E2E48WHOSIS_000001,WHOSIS_000001,90E2E48,WHOSIS_000001,2008,YEAR,380,COUNTRY,PUBLISHED,Life expectancy (at birth),Italy,FEMALE,83.79885664
90E2E48WHOSIS_000001,WHOSIS_000001,90E2E48,WHOSIS_000001,2000,YEAR,300,COUNTRY,PUBLISHED,Life expectancy (at birth),Greece,MALE,75.97017437
90E2E48WHOSIS_000001,WHOSIS_000001,90E2E48,WHOSIS_000001,2000,YEAR,434,COUNTRY,PUBLISHED,Life expectancy (at birth),Libya,MALE,72.367741
90E2E48WHOSIS_000001,WHOSIS_000001,90E2E48,WHOSIS_000001,2000,YEAR,308,COUNTRY,PUBLISHED,Life expectancy (at birth),Grenada,MALE,67.93214849
90E2E48WHOSIS_000001,WHOSIS_000001,90E2E48,WHOSIS_000001,2000,YEAR,156,COUNTRY,PUBLISHED,Life expectancy (at birth),China,MALE,68.58807431
90E2E48WHOSIS_000001,WHOSIS_000001,90E2E48,WHOSIS_000001,2000,YEAR,170,COUNTRY,PUBLISHED,Life expectancy (at birth),Colombia,MALE,68.63501244
90E2E48WHOSIS_000001,WHOSIS_000001,90E2E48,WHOSIS_000001,2006,YEAR,300,COUNTRY,PUBLISHED,Life expectancy (at birth),Greece,FEMALE,82.18151366
90E2E48WHOSIS_000001,WHOSIS_000001,90E2E48,WHOSIS_000001,2006,YEAR,784,COUNTRY,PUBLISHED,Life expectancy (at birth),United Arab Emirates,FEMALE,80.46240936
90E2E48WHOSIS_000001,WHOSIS_000001,90E2E48,WHOSIS_000001,2006,YEAR,840,COUNTRY,PUBLISHED,Life expectancy (at birth),United States of America,FEMALE,79.99242996
90E2E48WHOSIS_000001,WHOSIS_000001,90E2E48,WHOSIS_000001,2006,YEAR,818,COUNTRY,PUBLISHED,Life expectancy (at birth),Egypt,FEMALE,72.27753976
90E2E48WHOSIS_000001,WHOSIS_000001,90E2E48,WHOSIS_000001,2008,YEAR,434,COUNTRY,PUBLISHED,Life expectancy (at birth),Libya,FEMALE,75.82427883
90E2E48WHOSIS_000001,WHOSIS_000001,90E2E48,WHOSIS_000001,2000,YEAR,784,COUNTRY,PUBLISHED,Life expectancy (at birth),United Arab Emirates,TOTAL,78.11838329
90E2E48WHOSIS_000001,WHOSIS_000001,90E2E48,WHOSIS_000001,2000,YEAR,276,COUNTRY,PUBLISHED,Life expectancy (at birth),Germany,TOTAL,78.10603024
90E2E48WHOSIS_000001,WHOSIS_000001,90E2E48,WHOSIS_000001,2006,YEAR,724,COUNTRY,PUBLISHED,Life expectancy (at birth),Spain,TOTAL,80.67223061
90E2E48WHOSIS_000001,WHOSIS_000001,90E2E48,WHOSIS_000001,2006,YEAR,752,COUNTRY,PUBLISHED,Life expectancy (at birth),Sweden,TOTAL,80.63113222
90E2E48WHOSIS_000001,WHOSIS_000001,90E2E48,WHOSIS_000001,2001,YEAR,48,COUNTRY,PUBLISHED,Life expectancy (at birth),Bahrain,TOTAL,70.36971635
90E2E48WHOSIS_000001,WHOSIS_000001,90E2E48,WHOSIS_000001,2000,YEAR,192,COUNTRY,PUBLISHED,Life expectancy (at birth),Cuba,MALE,74.65354424
90E2E48WHOSIS_000001,WHOSIS_000001,90E2E48,WHOSIS_000001,2000,YEAR,246,COUNTRY,PUBLISHED,Life expectancy (at birth),Finland,MALE,74.12273972
90E2E48WHOSIS_000001,WHOSIS_000001,90E2E48,WHOSIS_000001,2000,YEAR,250,COUNTRY,PUBLISHED,Life expectancy (at birth),France,MALE,75.23806125
90E2E48WHOSIS_000001,WHOSIS_000001,90E2E48,WHOSIS_000001,2000,YEAR,268,COUNTRY,PUBLISHED,Life expectancy (at birth),Georgia,MALE,67.27552125
90E2E48WHOSIS_000001,WHOSIS_000001,90E2E48,WHOSIS_000001,2000,YEAR,276,COUNTRY,PUBLISHED,Life expectancy (at birth),Germany,MALE,75.04009189
90E2E48WHOSIS_000001,WHOSIS_000001,90E2E48,WHOSIS_000001,2019,YEAR,784,COUNTRY,PUBLISHED,Life expectancy (at birth),United Arab Emirates,FEMALE,82.29087408
90E2E48WHOSIS_000001,WHOSIS_000001,90E2E48,WHOSIS_000001,2019,YEAR,752,COUNTRY,PUBLISHED,Life expectancy (at birth),Sweden,FEMALE,84.24257133
90E2E48WHOSIS_000001,WHOSIS_000001,90E2E48,WHOSIS_000001,2019,YEAR,756,COUNTRY,PUBLISHED,Life expectancy (at birth),Switzerland,FEMALE,85.1153473
90E2E48WHOSIS_000001,WHOSIS_000001,90E2E48,WHOSIS_000001,2019,YEAR,764,COUNTRY,PUBLISHED,Life expectancy (at birth),Thailand,FEMALE,80.6373351
90E2E48WHOSIS_000001,WHOSIS_000001,90E2E48,WHOSIS_000001,2019,YEAR,840,COUNTRY,PUBLISHED,Life expectancy (at birth),United States of America,FEMALE,80.98396342
90E2E48WHOSIS_000001,WHOSIS_000001,90E2E48,WHOSIS_000001,2001,YEAR,50,COUNTRY,PUBLISHED,Life expectancy (at birth),Bangladesh,TOTAL,65.95954098
90E2E48WHOSIS_000001,WHOSIS_000001,90E2E48,WHOSIS_000001,2006,YEAR,756,COUNTRY,PUBLISHED,Life expectancy (at birth),Switzerland,TOTAL,81.41480541
90E2E48WHOSIS_000001,WHOSIS_000001,90E2E48,WHOSIS_000001,2001,YEAR,32,COUNTRY,PUBLISHED,Life expectancy (at birth),Argentina,TOTAL,74.27061688
90E2E48WHOSIS_000001,WHOSIS_000001,90E2E48,WHOSIS_000001,2001,YEAR,36,COUNTRY,PUBLISHED,Life expectancy (at birth),Australia,TOTAL,80.12984228
90E2E48WHOSIS_000001,WHOSIS_000001,90E2E48,WHOSIS_000001,2006,YEAR,764,COUNTRY,PUBLISHED,Life expectancy (at birth),Thailand,TOTAL,73.40943067
90E2E48WHOSIS_000001,WHOSIS_000001,90E2E48,WHOSIS_000001,2001,YEAR,56,COUNTRY,PUBLISHED,Life expectancy (at birth),Belgium,TOTAL,77.97358091
90E2E48WHOSIS_000001,WHOSIS_000001,90E2E48,WHOSIS_000001,2019,YEAR,818,COUNTRY,PUBLISHED,Life expectancy (at birth),Egypt,FEMALE,74.30094919
90E2E48WHOSIS_000001,WHOSIS_000001,90E2E48,WHOSIS_000001,2020,YEAR,246,COUNTRY,PUBLISHED,Life expectancy (at birth),Finland,FEMALE,84.15926945
90E2E48WHOSIS_000001,WHOSIS_000001,90E2E48,WHOSIS_000001,2020,YEAR,250,COUNTRY,PUBLISHED,Life expectancy (at birth),France,FEMALE,84.59650146
90E2E48WHOSIS_000001,WHOSIS_000001,90E2E48,WHOSIS_000001,2006,YEAR,724,COUNTRY,PUBLISHED,Life expectancy (at birth),Spain,MALE,77.50800912
90E2E48WHOSIS_000001,WHOSIS_000001,90E2E48,WHOSIS_000001,2000,YEAR,784,COUNTRY,PUBLISHED,Life expectancy (at birth),United Arab Emirates,MALE,78.57770963
90E2E48WHOSIS_000001,WHOSIS_000001,90E2E48,WHOSIS_000001,2006,YEAR,764,COUNTRY,PUBLISHED,Life expectancy (at birth),Thailand,MALE,70.14361569
90E2E48WHOSIS_000001,WHOSIS_000001,90E2E48,WHOSIS_000001,2001,YEAR,32,COUNTRY,PUBLISHED,Life expectancy (at birth),Argentina,MALE,70.62204885
90E2E48WHOSIS_000001,WHOSIS_000001,90E2E48,WHOSIS_000001,2006,YEAR,752,COUNTRY,PUBLISHED,Life expectancy (at birth),Sweden,MALE,78.59437792
90E2E48WHOSIS_000001,WHOSIS_000001,90E2E48,WHOSIS_000001,2006,YEAR,756,COUNTRY,PUBLISHED,Life expectancy (at birth),Switzerland,MALE,79.00279622
90E2E48WHOSIS_000001,WHOSIS_000001,90E2E48,WHOSIS_000001,2001,YEAR,784,COUNTRY,PUBLISHED,Life expectancy (at birth),United Arab Emirates,FEMALE,78.18237268
90E2E48WHOSIS_000001,WHOSIS_000001,90E2E48,WHOSIS_000001,2001,YEAR,76,COUNTRY,PUBLISHED,Life expectancy (at birth),Brazil,TOTAL,71.80355904
90E2E48WHOSIS_000001,WHOSIS_000001,90E2E48,WHOSIS_000001,2000,YEAR,32,COUNTRY,PUBLISHED,Life expectancy (at birth),Argentina,TOTAL,74.28695107
90E2E48WHOSIS_000001,WHOSIS_000001,90E2E48,WHOSIS_000001,2000,YEAR,36,COUNTRY,PUBLISHED,Life expectancy (at birth),Australia,TOTAL,79.69831946
90E2E48WHOSIS_000001,WHOSIS_000001,90E2E48,WHOSIS_000001,2000,YEAR,56,COUNTRY,PUBLISHED,Life expectancy (at birth),Belgium,TOTAL,77.67190502
90E2E48WHOSIS_000001,WHOSIS_000001,90E2E48,WHOSIS_000001,2000,YEAR,48,COUNTRY,PUBLISHED,Life expectancy (at birth),Bahrain,TOTAL,69.68563925
90E2E48WHOSIS_000001,WHOSIS_000001,90E2E48,WHOSIS_000001,2000,YEAR,50,COUNTRY,PUBLISHED,Life expectancy (at birth),Bangladesh,TOTAL,65.36178128
90E2E48WHOSIS_000001,WHOSIS_000001,90E2E48,WHOSIS_000001,2020,YEAR,276,COUNTRY,PUBLISHED,Life expectancy (at birth),Germany,FEMALE,83.08185767
90E2E48WHOSIS_000001,WHOSIS_000001,90E2E48,WHOSIS_000001,2020,YEAR,268,COUNTRY,PUBLISHED,Life expectancy (at birth),Georgia,FEMALE,77.81036223
90E2E48WHOSIS_000001,WHOSIS_000001,90E2E48,WHOSIS_000001,2020,YEAR,308,COUNTRY,PUBLISHED,Life expectancy (at birth),Grenada,FEMALE,78.16934672
90E2E48WHOSIS_000001,WHOSIS_000001,90E2E48,WHOSIS_000001,2020,YEAR,300,COUNTRY,PUBLISHED,Life expectancy (at birth),Greece,FEMALE,82.7647775
90E2E48WHOSIS_000001,WHOSIS_000001,90E2E48,WHOSIS_000001,2001,YEAR,36,COUNTRY,PUBLISHED,Life expectancy (at birth),Australia,MALE,77.59837914
90E2E48WHOSIS_000001,WHOSIS_000001,90E2E48,WHOSIS_000001,2001,YEAR,48,COUNTRY,PUBLISHED,Life expectancy (at birth),Bahrain,MALE,69.60877521
90E2E48WHOSIS_000001,WHOSIS_000001,90E2E48,WHOSIS_000001,2001,YEAR,50,COUNTRY,PUBLISHED,Life expectancy (at birth),Bangladesh,MALE,64.31252553
90E2E48WHOSIS_000001,WHOSIS_000001,90E2E48,WHOSIS_000001,2001,YEAR,56,COUNTRY,PUBLISHED,Life expectancy (at birth),Belgium,MALE,74.88870558
90E2E48WHOSIS_000001,WHOSIS_000001,90E2E48,WHOSIS_000001,2001,YEAR,76,COUNTRY,PUBLISHED,Life expectancy (at birth),Brazil,MALE,68.4139782
90E2E48WHOSIS_000001,WHOSIS_000001,90E2E48,WHOSIS_000001,2000,YEAR,48,COUNTRY,PUBLISHED,Life expectancy (at birth),Bahrain,MALE,68.70993329
90E2E48WHOSIS_000001,WHOSIS_000001,90E2E48,WHOSIS_000001,2001,YEAR,887,COUNTRY,PUBLISHED,Life expectancy (at birth),Yemen,FEMALE,65.20637581
90E2E48WHOSIS_000001,WHOSIS_000001,90E2E48,WHOSIS_000001,2001,YEAR,894,COUNTRY,PUBLISHED,Life expectancy (at birth),Zambia,FEMALE,45.63073339
90E2E48WHOSIS_000001,WHOSIS_000001,90E2E48,WHOSIS_000001,2001,YEAR,818,COUNTRY,PUBLISHED,Life expectancy (at birth),Egypt,FEMALE,71.63469015
90E2E48WHOSIS_000001,WHOSIS_000001,90E2E48,WHOSIS_000001,2001,YEAR,840,COUNTRY,PUBLISHED,Life expectancy (at birth),United States of America,FEMALE,79.13898288
90E2E48WHOSIS_000001,WHOSIS_000001,90E2E48,WHOSIS_000001,2000,YEAR,76,COUNTRY,PUBLISHED,Life expectancy (at birth),Brazil,TOTAL,71.4995438
90E2E48WHOSIS_000001,WHOSIS_000001,90E2E48,WHOSIS_000001,2000,YEAR,104,COUNTRY,PUBLISHED,Life expectancy (at birth),Myanmar,TOTAL,59.37966802
90E2E48WHOSIS_000001,WHOSIS_000001,90E2E48,WHOSIS_000001,2000,YEAR,144,COUNTRY,PUBLISHED,Life expectancy (at birth),Sri Lanka,TOTAL,71.51130083
90E2E48WHOSIS_000001,WHOSIS_000001,90E2E48,WHOSIS_000001,2000,YEAR,50,COUNTRY,PUBLISHED,Life expectancy (at birth),Bangladesh,MALE,63.71118475
90E2E48WHOSIS_000001,WHOSIS_000001,90E2E48,WHOSIS_000001,2000,YEAR,32,COUNTRY,PUBLISHED,Life expectancy (at birth),Argentina,MALE,70.59123245
90E2E48WHOSIS_000001,WHOSIS_000001,90E2E48,WHOSIS_000001,2000,YEAR,36,COUNTRY,PUBLISHED,Life expectancy (at birth),Australia,MALE,77.12356316
90E2E48WHOSIS_000001,WHOSIS_000001,90E2E48,WHOSIS_000001,2000,YEAR,56,COUNTRY,PUBLISHED,Life expectancy (at birth),Belgium,MALE,74.5354983
90E2E48WHOSIS_000001,WHOSIS_000001,90E2E48,WHOSIS_000001,2020,YEAR,887,COUNTRY,PUBLISHED,Life expectancy (at birth),Yemen,FEMALE,69.4401025
90E2E48WHOSIS_000001,WHOSIS_000001,90E2E48,WHOSIS_000001,2009,YEAR,192,COUNTRY,PUBLISHED,Life expectancy (at birth),Cuba,FEMALE,80.01817112
90E2E48WHOSIS_000001,WHOSIS_000001,90E2E48,WHOSIS_000001,2020,YEAR,953,WHOREGION,PUBLISHED,Life expectancy (at birth),Africa,FEMALE,65.93243809
90E2E48WHOSIS_000001,WHOSIS_000001,90E2E48,WHOSIS_000001,2020,YEAR,894,COUNTRY,PUBLISHED,Life expectancy (at birth),Zambia,FEMALE,64.07175197
90E2E48WHOSIS_000001,WHOSIS_000001,90E2E48,WHOSIS_000001,2001,YEAR,953,WHOREGION,PUBLISHED,Life expectancy (at birth),Africa,FEMALE,54.81291339
90E2E48WHOSIS_000001,WHOSIS_000001,90E2E48,WHOSIS_000001,2007,YEAR,954,WHOREGION,PUBLISHED,Life expectancy (at birth),Americas,MALE,73.07132204
90E2E48WHOSIS_000001,WHOSIS_000001,90E2E48,WHOSIS_000001,2001,YEAR,955,WHOREGION,PUBLISHED,Life expectancy (at birth),South-East Asia,FEMALE,65.97288754
90E2E48WHOSIS_000001,WHOSIS_000001,90E2E48,WHOSIS_000001,2001,YEAR,956,WHOREGION,PUBLISHED,Life expectancy (at birth),Europe,FEMALE,76.80167219
90E2E48WHOSIS_000001,WHOSIS_000001,90E2E48,WHOSIS_000001,2003,YEAR,144,COUNTRY,PUBLISHED,Life expectancy (at birth),Sri Lanka,FEMALE,77.57506155
90E2E48WHOSIS_000001,WHOSIS_000001,90E2E48,WHOSIS_000001,2000,YEAR,752,COUNTRY,PUBLISHED,Life expectancy (at birth),Sweden,TOTAL,79.57418828
90E2E48WHOSIS_000001,WHOSIS_000001,90E2E48,WHOSIS_000001,2000,YEAR,756,COUNTRY,PUBLISHED,Life expectancy (at birth),Switzerland,TOTAL,79.71469969
90E2E48WHOSIS_000001,WHOSIS_000001,90E2E48,WHOSIS_000001,2000,YEAR,124,COUNTRY,PUBLISHED,Life expectancy (at birth),Canada,TOTAL,79.08864173
90E2E48WHOSIS_000001,WHOSIS_000001,90E2E48,WHOSIS_000001,2000,YEAR,706,COUNTRY,PUBLISHED,Life expectancy (at birth),Somalia,TOTAL,49.28203144
90E2E48WHOSIS_000001,WHOSIS_000001,90E2E48,WHOSIS_000001,2000,YEAR,710,COUNTRY,PUBLISHED,Life expectancy (at birth),South Africa,TOTAL,57.11947907
90E2E48WHOSIS_000001,WHOSIS_000001,90E2E48,WHOSIS_000001,2000,YEAR,716,COUNTRY,PUBLISHED,Life expectancy (at birth),Zimbabwe,TOTAL,45.74529001
90E2E48WHOSIS_000001,WHOSIS_000001,90E2E48,WHOSIS_000001,2000,YEAR,724,COUNTRY,PUBLISHED,Life expectancy (at birth),Spain,TOTAL,79.09037288
90E2E48WHOSIS_000001,WHOSIS_000001,90E2E48,WHOSIS_000001,2000,YEAR,764,COUNTRY,PUBLISHED,Life expectancy (at birth),Thailand,TOTAL,71.0119193
90E2E48WHOSIS_000001,WHOSIS_000001,90E2E48,WHOSIS_000001,2000,YEAR,76,COUNTRY,PUBLISHED,Life expectancy (at birth),Brazil,MALE,68.1587259
90E2E48WHOSIS_000001,WHOSIS_000001,90E2E48,WHOSIS_000001,2000,YEAR,144,COUNTRY,PUBLISHED,Life expectancy (at birth),Sri Lanka,MALE,67.1529967
90E2E48WHOSIS_000001,WHOSIS_000001,90E2E48,WHOSIS_000001,2000,YEAR,124,COUNTRY,PUBLISHED,Life expectancy (at birth),Canada,MALE,76.52524497
90E2E48WHOSIS_000001,WHOSIS_000001,90E2E48,WHOSIS_000001,2000,YEAR,104,COUNTRY,PUBLISHED,Life expectancy (at birth),Myanmar,MALE,57.02217791
90E2E48WHOSIS_000001,WHOSIS_000001,90E2E48,WHOSIS_000001,2021,YEAR,554,COUNTRY,PUBLISHED,Life expectancy (at birth),New Zealand,FEMALE,84.01453759
90E2E48WHOSIS_000001,WHOSIS_000001,90E2E48,WHOSIS_000001,2021,YEAR,604,COUNTRY,PUBLISHED,Life expectancy (at birth),Peru,FEMALE,74.80744833
90E2E48WHOSIS_000001,WHOSIS_000001,90E2E48,WHOSIS_000001,2021,YEAR,608,COUNTRY,PUBLISHED,Life expectancy (at birth),Philippines,FEMALE,69.88256359
90E2E48WHOSIS_000001,WHOSIS_000001,90E2E48,WHOSIS_000001,2021,YEAR,616,COUNTRY,PUBLISHED,Life expectancy (at birth),Poland,FEMALE,79.39878959
90E2E48WHOSIS_000001,WHOSIS_000001,90E2E48,WHOSIS_000001,2021,YEAR,620,COUNTRY,PUBLISHED,Life expectancy (at birth),Portugal,FEMALE,83.88307768
90E2E48WHOSIS_000001,WHOSIS_000001,90E2E48,WHOSIS_000001,2021,YEAR,578,COUNTRY,PUBLISHED,Life expectancy (at birth),Norway,FEMALE,84.25269756
90E2E48WHOSIS_000001,WHOSIS_000001,90E2E48,WHOSIS_000001,2021,YEAR,586,COUNTRY,PUBLISHED,Life expectancy (at birth),Pakistan,FEMALE,66.93027447
90E2E48WHOSIS_000001,WHOSIS_000001,90E2E48,WHOSIS_000001,2001,YEAR,300,COUNTRY,PUBLISHED,Life expectancy (at birth),Greece,TOTAL,78.82217341
90E2E48WHOSIS_000001,WHOSIS_000001,90E2E48,WHOSIS_000001,2001,YEAR,308,COUNTRY,PUBLISHED,Life expectancy (at birth),Grenada,TOTAL,71.53484581
90E2E48WHOSIS_000001,WHOSIS_000001,90E2E48,WHOSIS_000001,2002,YEAR,144,COUNTRY,PUBLISHED,Life expectancy (at birth),Sri Lanka,TOTAL,73.3381305
90E2E48WHOSIS_000001,WHOSIS_000001,90E2E48,WHOSIS_000001,2000,YEAR,706,COUNTRY,PUBLISHED,Life expectancy (at birth),Somalia,MALE,47.18542024
90E2E48WHOSIS_000001,WHOSIS_000001,90E2E48,WHOSIS_000001,2000,YEAR,710,COUNTRY,PUBLISHED,Life expectancy (at birth),South Africa,MALE,54.1547898
90E2E48WHOSIS_000001,WHOSIS_000001,90E2E48,WHOSIS_000001,2000,YEAR,716,COUNTRY,PUBLISHED,Life expectancy (at birth),Zimbabwe,MALE,45.07027993
90E2E48WHOSIS_000001,WHOSIS_000001,90E2E48,WHOSIS_000001,2000,YEAR,724,COUNTRY,PUBLISHED,Life expectancy (at birth),Spain,MALE,75.69181423
90E2E48WHOSIS_000001,WHOSIS_000001,90E2E48,WHOSIS_000001,2008,YEAR,887,COUNTRY,PUBLISHED,Life expectancy (at birth),Yemen,MALE,65.50077188
90E2E48WHOSIS_000001,WHOSIS_000001,90E2E48,WHOSIS_000001,2001,YEAR,352,COUNTRY,PUBLISHED,Life expectancy (at birth),Iceland,TOTAL,79.99493866
90E2E48WHOSIS_000001,WHOSIS_000001,90E2E48,WHOSIS_000001,2001,YEAR,356,COUNTRY,PUBLISHED,Life expectancy (at birth),India,TOTAL,63.6569119
90E2E48WHOSIS_000001,WHOSIS_000001,90E2E48,WHOSIS_000001,2001,YEAR,360,COUNTRY,PUBLISHED,Life expectancy (at birth),Indonesia,TOTAL,67.44224013
90E2E48WHOSIS_000001,WHOSIS_000001,90E2E48,WHOSIS_000001,2002,YEAR,192,COUNTRY,PUBLISHED,Life expectancy (at birth),Cuba,TOTAL,77.74907347
90E2E48WHOSIS_000001,WHOSIS_000001,90E2E48,WHOSIS_000001,2002,YEAR,124,COUNTRY,PUBLISHED,Life expectancy (at birth),Canada,TOTAL,79.42214804
90E2E48WHOSIS_000001,WHOSIS_000001,90E2E48,WHOSIS_000001,2002,YEAR,156,COUNTRY,PUBLISHED,Life expectancy (at birth),China,TOTAL,71.4546616
90E2E48WHOSIS_000001,WHOSIS_000001,90E2E48,WHOSIS_000001,2002,YEAR,170,COUNTRY,PUBLISHED,Life expectancy (at birth),Colombia,TOTAL,72.8310481
90E2E48WHOSIS_000001,WHOSIS_000001,90E2E48,WHOSIS_000001,2021,YEAR,634,COUNTRY,PUBLISHED,Life expectancy (at birth),Qatar,FEMALE,77.97981478
90E2E48WHOSIS_000001,WHOSIS_000001,90E2E48,WHOSIS_000001,2021,YEAR,642,COUNTRY,PUBLISHED,Life expectancy (at birth),Romania,FEMALE,76.52390532
90E2E48WHOSIS_000001,WHOSIS_000001,90E2E48,WHOSIS_000001,2021,YEAR,643,COUNTRY,PUBLISHED,Life expectancy (at birth),Russian Federation,FEMALE,74.33863065
90E2E48WHOSIS_000001,WHOSIS_000001,90E2E48,WHOSIS_000001,2019,YEAR,524,COUNTRY,PUBLISHED,Life expectancy (at birth),Nepal,FEMALE,73.10385136
90E2E48WHOSIS_000001,WHOSIS_000001,90E2E48,WHOSIS_000001,2008,YEAR,894,COUNTRY,PUBLISHED,Life expectancy (at birth),Zambia,MALE,53.12198237
90E2E48WHOSIS_000001,WHOSIS_000001,90E2E48,WHOSIS_000001,2020,YEAR,756,COUNTRY,PUBLISHED,Life expectancy (at birth),Switzerland,MALE,80.81707599
90E2E48WHOSIS_000001,WHOSIS_000001,90E2E48,WHOSIS_000001,2020,YEAR,764,COUNTRY,PUBLISHED,Life expectancy (at birth),Thailand,MALE,73.23530393
90E2E48WHOSIS_000001,WHOSIS_000001,90E2E48,WHOSIS_000001,2020,YEAR,752,COUNTRY,PUBLISHED,Life expectancy (at birth),Sweden,MALE,80.38890371
90E2E48WHOSIS_000001,WHOSIS_000001,90E2E48,WHOSIS_000001,2020,YEAR,784,COUNTRY,PUBLISHED,Life expectancy (at birth),United Arab Emirates,MALE,78.942729
90E2E48WHOSIS_000001,WHOSIS_000001,90E2E48,WHOSIS_000001,2002,YEAR,480,COUNTRY,PUBLISHED,Life expectancy (at birth),Mauritius,FEMALE,75.15759223
90E2E48WHOSIS_000001,WHOSIS_000001,90E2E48,WHOSIS_000001,2002,YEAR,484,COUNTRY,PUBLISHED,Life expectancy (at birth),Mexico,FEMALE,76.98796559
90E2E48WHOSIS_000001,WHOSIS_000001,90E2E48,WHOSIS_000001,2003,YEAR,170,COUNTRY,PUBLISHED,Life expectancy (at birth),Colombia,FEMALE,76.99144192
90E2E48WHOSIS_000001,WHOSIS_000001,90E2E48,WHOSIS_000001,2003,YEAR,192,COUNTRY,PUBLISHED,Life expectancy (at birth),Cuba,FEMALE,79.37393767
90E2E48WHOSIS_000001,WHOSIS_000001,90E2E48,WHOSIS_000001,2019,YEAR,554,COUNTRY,PUBLISHED,Life expectancy (at birth),New Zealand,FEMALE,83.43149082
90E2E48WHOSIS_000001,WHOSIS_000001,90E2E48,WHOSIS_000001,2002,YEAR,246,COUNTRY,PUBLISHED,Life expectancy (at birth),Finland,TOTAL,78.12614307
90E2E48WHOSIS_000001,WHOSIS_000001,90E2E48,WHOSIS_000001,2007,YEAR,192,COUNTRY,PUBLISHED,Life expectancy (at birth),Cuba,TOTAL,78.10025005
90E2E48WHOSIS_000001,WHOSIS_000001,90E2E48,WHOSIS_000001,2003,YEAR,156,COUNTRY,PUBLISHED,Life expectancy (at birth),China,FEMALE,74.34593581
90E2E48WHOSIS_000001,WHOSIS_000001,90E2E48,WHOSIS_000001,2019,YEAR,578,COUNTRY,PUBLISHED,Life expectancy (at birth),Norway,FEMALE,84.16421629
90E2E48WHOSIS_000001,WHOSIS_000001,90E2E48,WHOSIS_000001,2019,YEAR,586,COUNTRY,PUBLISHED,Life expectancy (at birth),Pakistan,FEMALE,67.7864406
90E2E48WHOSIS_000001,WHOSIS_000001,90E2E48,WHOSIS_000001,2008,YEAR,887,COUNTRY,PUBLISHED,Life expectancy (at birth),Yemen,FEMALE,68.84448509
90E2E48WHOSIS_000001,WHOSIS_000001,90E2E48,WHOSIS_000001,2020,YEAR,840,COUNTRY,PUBLISHED,Life expectancy (at birth),United States of America,MALE,74.38189335
90E2E48WHOSIS_000001,WHOSIS_000001,90E2E48,WHOSIS_000001,2021,YEAR,434,COUNTRY,PUBLISHED,Life expectancy (at birth),Libya,MALE,70.22740913
90E2E48WHOSIS_000001,WHOSIS_000001,90E2E48,WHOSIS_000001,2020,YEAR,818,COUNTRY,PUBLISHED,Life expectancy (at birth),Egypt,MALE,67.74804161
90E2E48WHOSIS_000001,WHOSIS_000001,90E2E48,WHOSIS_000001,2009,YEAR,414,COUNTRY,PUBLISHED,Life expectancy (at birth),Kuwait,MALE,77.49168544
90E2E48WHOSIS_000001,WHOSIS_000001,90E2E48,WHOSIS_000001,2012,YEAR,410,COUNTRY,PUBLISHED,Life expectancy (at birth),Republic of Korea,FEMALE,84.28034302
90E2E48WHOSIS_000001,WHOSIS_000001,90E2E48,WHOSIS_000001,2019,YEAR,512,COUNTRY,PUBLISHED,Life expectancy (at birth),Oman,FEMALE,78.85455935
90E2E48WHOSIS_000001,WHOSIS_000001,90E2E48,WHOSIS_000001,2012,YEAR,414,COUNTRY,PUBLISHED,Life expectancy (at birth),Kuwait,FEMALE,83.88536834
90E2E48WHOSIS_000001,WHOSIS_000001,90E2E48,WHOSIS_000001,2006,YEAR,246,COUNTRY,PUBLISHED,Life expectancy (at birth),Finland,MALE,75.76283549
90E2E48WHOSIS_000001,WHOSIS_000001,90E2E48,WHOSIS_000001,2005,YEAR,372,COUNTRY,PUBLISHED,Life expectancy (at birth),Ireland,MALE,76.51063315
90E2E48WHOSIS_000001,WHOSIS_000001,90E2E48,WHOSIS_000001,2002,YEAR,887,COUNTRY,PUBLISHED,Life expectancy (at birth),Yemen,TOTAL,64.16252882
90E2E48WHOSIS_000001,WHOSIS_000001,90E2E48,WHOSIS_000001,2002,YEAR,894,COUNTRY,PUBLISHED,Life expectancy (at birth),Zambia,TOTAL,45.80351415
90E2E48WHOSIS_000001,WHOSIS_000001,90E2E48,WHOSIS_000001,2004,YEAR,586,COUNTRY,PUBLISHED,Life expectancy (at birth),Pakistan,TOTAL,62.44387744
90E2E48WHOSIS_000001,WHOSIS_000001,90E2E48,WHOSIS_000001,2004,YEAR,578,COUNTRY,PUBLISHED,Life expectancy (at birth),Norway,TOTAL,79.81803393
90E2E48WHOSIS_000001,WHOSIS_000001,90E2E48,WHOSIS_000001,2012,YEAR,480,COUNTRY,PUBLISHED,Life expectancy (at birth),Mauritius,FEMALE,77.18541089
90E2E48WHOSIS_000001,WHOSIS_000001,90E2E48,WHOSIS_000001,2012,YEAR,434,COUNTRY,PUBLISHED,Life expectancy (at birth),Libya,FEMALE,75.53599814
90E2E48WHOSIS_000001,WHOSIS_000001,90E2E48,WHOSIS_000001,2012,YEAR,484,COUNTRY,PUBLISHED,Life expectancy (at birth),Mexico,FEMALE,78.35989831
90E2E48WHOSIS_000001,WHOSIS_000001,90E2E48,WHOSIS_000001,2011,YEAR,268,COUNTRY,PUBLISHED,Life expectancy (at birth),Georgia,FEMALE,76.20773347
90E2E48WHOSIS_000001,WHOSIS_000001,90E2E48,WHOSIS_000001,2012,YEAR,496,COUNTRY,PUBLISHED,Life expectancy (at birth),Mongolia,FEMALE,72.32956009
90E2E48WHOSIS_000001,WHOSIS_000001,90E2E48,WHOSIS_000001,2020,YEAR,764,COUNTRY,PUBLISHED,Life expectancy (at birth),Thailand,FEMALE,79.91311642
90E2E48WHOSIS_000001,WHOSIS_000001,90E2E48,WHOSIS_000001,2008,YEAR,894,COUNTRY,PUBLISHED,Life expectancy (at birth),Zambia,FEMALE,57.40402422
90E2E48WHOSIS_000001,WHOSIS_000001,90E2E48,WHOSIS_000001,2020,YEAR,752,COUNTRY,PUBLISHED,Life expectancy (at birth),Sweden,FEMALE,83.79474323
90E2E48WHOSIS_000001,WHOSIS_000001,90E2E48,WHOSIS_000001,2020,YEAR,756,COUNTRY,PUBLISHED,Life expectancy (at birth),Switzerland,FEMALE,84.59757835
90E2E48WHOSIS_000001,WHOSIS_000001,90E2E48,WHOSIS_000001,2005,YEAR,376,COUNTRY,PUBLISHED,Life expectancy (at birth),Israel,MALE,77.68934233
90E2E48WHOSIS_000001,WHOSIS_000001,90E2E48,WHOSIS_000001,2005,YEAR,380,COUNTRY,PUBLISHED,Life expectancy (at birth),Italy,MALE,77.77745026
90E2E48WHOSIS_000001,WHOSIS_000001,90E2E48,WHOSIS_000001,2008,YEAR,4,COUNTRY,PUBLISHED,Life expectancy (at birth),Afghanistan,MALE,57.51223192
90E2E48WHOSIS_000001,WHOSIS_000001,90E2E48,WHOSIS_000001,2006,YEAR,250,COUNTRY,PUBLISHED,Life expectancy (at birth),France,MALE,77.14308795
90E2E48WHOSIS_000001,WHOSIS_000001,90E2E48,WHOSIS_000001,2008,YEAR,388,COUNTRY,PUBLISHED,Life expectancy (at birth),Jamaica,MALE,67.01592475
90E2E48WHOSIS_000001,WHOSIS_000001,90E2E48,WHOSIS_000001,2008,YEAR,392,COUNTRY,PUBLISHED,Life expectancy (at birth),Japan,MALE,79.5738695
90E2E48WHOSIS_000001,WHOSIS_000001,90E2E48,WHOSIS_000001,2008,YEAR,398,COUNTRY,PUBLISHED,Life expectancy (at birth),Kazakhstan,MALE,61.82205073
90E2E48WHOSIS_000001,WHOSIS_000001,90E2E48,WHOSIS_000001,2006,YEAR,268,COUNTRY,PUBLISHED,Life expectancy (at birth),Georgia,MALE,67.34996718
90E2E48WHOSIS_000001,WHOSIS_000001,90E2E48,WHOSIS_000001,2005,YEAR,246,COUNTRY,PUBLISHED,Life expectancy (at birth),Finland,TOTAL,78.98273143
90E2E48WHOSIS_000001,WHOSIS_000001,90E2E48,WHOSIS_000001,2005,YEAR,300,COUNTRY,PUBLISHED,Life expectancy (at birth),Greece,TOTAL,79.40149641
90E2E48WHOSIS_000001,WHOSIS_000001,90E2E48,WHOSIS_000001,2005,YEAR,308,COUNTRY,PUBLISHED,Life expectancy (at birth),Grenada,TOTAL,70.64904308
90E2E48WHOSIS_000001,WHOSIS_000001,90E2E48,WHOSIS_000001,2005,YEAR,250,COUNTRY,PUBLISHED,Life expectancy (at birth),France,TOTAL,80.00456559
90E2E48WHOSIS_000001,WHOSIS_000001,90E2E48,WHOSIS_000001,2005,YEAR,268,COUNTRY,PUBLISHED,Life expectancy (at birth),Georgia,TOTAL,72.04358005
90E2E48WHOSIS_000001,WHOSIS_000001,90E2E48,WHOSIS_000001,2020,YEAR,818,COUNTRY,PUBLISHED,Life expectancy (at birth),Egypt,FEMALE,72.6046597
90E2E48WHOSIS_000001,WHOSIS_000001,90E2E48,WHOSIS_000001,2020,YEAR,784,COUNTRY,PUBLISHED,Life expectancy (at birth),United Arab Emirates,FEMALE,82.16458713
90E2E48WHOSIS_000001,WHOSIS_000001,90E2E48,WHOSIS_000001,2020,YEAR,840,COUNTRY,PUBLISHED,Life expectancy (at birth),United States of America,FEMALE,79.50562761
90E2E48WHOSIS_000001,WHOSIS_000001,90E2E48,WHOSIS_000001,2010,YEAR,604,COUNTRY,PUBLISHED,Life expectancy (at birth),Peru,FEMALE,79.78831268
90E2E48WHOSIS_000001,WHOSIS_000001,90E2E48,WHOSIS_000001,2011,YEAR,246,COUNTRY,PUBLISHED,Life expectancy (at birth),Finland,FEMALE,83.33372621
90E2E48WHOSIS_000001,WHOSIS_000001,90E2E48,WHOSIS_000001,2011,YEAR,250,COUNTRY,PUBLISHED,Life expectancy (at birth),France,FEMALE,84.65555865
90E2E48WHOSIS_000001,WHOSIS_000001,90E2E48,WHOSIS_000001,2011,YEAR,276,COUNTRY,PUBLISHED,Life expectancy (at birth),Germany,FEMALE,82.75159659
90E2E48WHOSIS_000001,WHOSIS_000001,90E2E48,WHOSIS_000001,2011,YEAR,352,COUNTRY,PUBLISHED,Life expectancy (at birth),Iceland,FEMALE,83.45130431
90E2E48WHOSIS_000001,WHOSIS_000001,90E2E48,WHOSIS_000001,2011,YEAR,300,COUNTRY,PUBLISHED,Life expectancy (at birth),Greece,FEMALE,82.80999118
90E2E48WHOSIS_000001,WHOSIS_000001,90E2E48,WHOSIS_000001,2011,YEAR,308,COUNTRY,PUBLISHED,Life expectancy (at birth),Grenada,FEMALE,75.73295152
90E2E48WHOSIS_000001,WHOSIS_000001,90E2E48,WHOSIS_000001,2008,YEAR,400,COUNTRY,PUBLISHED,Life expectancy (at birth),Jordan,MALE,76.81319354
90E2E48WHOSIS_000001,WHOSIS_000001,90E2E48,WHOSIS_000001,2008,YEAR,404,COUNTRY,PUBLISHED,Life expectancy (at birth),Kenya,MALE,57.70174496
90E2E48WHOSIS_000001,WHOSIS_000001,90E2E48,WHOSIS_000001,2008,YEAR,410,COUNTRY,PUBLISHED,Life expectancy (at birth),Republic of Korea,MALE,76.45212422
90E2E48WHOSIS_000001,WHOSIS_000001,90E2E48,WHOSIS_000001,2019,YEAR,268,COUNTRY,PUBLISHED,Life expectancy (at birth),Georgia,MALE,69.09659935
90E2E48WHOSIS_000001,WHOSIS_000001,90E2E48,WHOSIS_000001,2008,YEAR,414,COUNTRY,PUBLISHED,Life expectancy (at birth),Kuwait,MALE,76.24041145
90E2E48WHOSIS_000001,WHOSIS_000001,90E2E48,WHOSIS_000001,2021,YEAR,434,COUNTRY,PUBLISHED,Life expectancy (at birth),Libya,FEMALE,74.21007102
90E2E48WHOSIS_000001,WHOSIS_000001,90E2E48,WHOSIS_000001,2005,YEAR,376,COUNTRY,PUBLISHED,Life expectancy (at birth),Israel,FEMALE,81.60656836
90E2E48WHOSIS_000001,WHOSIS_000001,90E2E48,WHOSIS_000001,2005,YEAR,380,COUNTRY,PUBLISHED,Life expectancy (at birth),Italy,FEMALE,83.06200341
90E2E48WHOSIS_000001,WHOSIS_000001,90E2E48,WHOSIS_000001,2009,YEAR,414,COUNTRY,PUBLISHED,Life expectancy (at birth),Kuwait,FEMALE,81.49603409
90E2E48WHOSIS_000001,WHOSIS_000001,90E2E48,WHOSIS_000001,2005,YEAR,276,COUNTRY,PUBLISHED,Life expectancy (at birth),Germany,TOTAL,79.20819712
90E2E48WHOSIS_000001,WHOSIS_000001,90E2E48,WHOSIS_000001,2005,YEAR,352,COUNTRY,PUBLISHED,Life expectancy (at birth),Iceland,TOTAL,80.90304444
90E2E48WHOSIS_000001,WHOSIS_000001,90E2E48,WHOSIS_000001,2001,YEAR,124,COUNTRY,PUBLISHED,Life expectancy (at birth),Canada,TOTAL,79.3114365
90E2E48WHOSIS_000001,WHOSIS_000001,90E2E48,WHOSIS_000001,2005,YEAR,356,COUNTRY,PUBLISHED,Life expectancy (at birth),India,TOTAL,65.53031169
90E2E48WHOSIS_000001,WHOSIS_000001,90E2E48,WHOSIS_000001,2005,YEAR,360,COUNTRY,PUBLISHED,Life expectancy (at birth),Indonesia,TOTAL,68.2347183
90E2E48WHOSIS_000001,WHOSIS_000001,90E2E48,WHOSIS_000001,2005,YEAR,364,COUNTRY,PUBLISHED,Life expectancy (at birth),Iran (Islamic Republic of),TOTAL,74.88504507
90E2E48WHOSIS_000001,WHOSIS_000001,90E2E48,WHOSIS_000001,2005,YEAR,368,COUNTRY,PUBLISHED,Life expectancy (at birth),Iraq,TOTAL,68.68305138
90E2E48WHOSIS_000001,WHOSIS_000001,90E2E48,WHOSIS_000001,2001,YEAR,104,COUNTRY,PUBLISHED,Life expectancy (at birth),Myanmar,TOTAL,59.77708716
90E2E48WHOSIS_000001,WHOSIS_000001,90E2E48,WHOSIS_000001,2011,YEAR,356,COUNTRY,PUBLISHED,Life expectancy (at birth),India,FEMALE,69.7624787
90E2E48WHOSIS_000001,WHOSIS_000001,90E2E48,WHOSIS_000001,2011,YEAR,360,COUNTRY,PUBLISHED,Life expectancy (at birth),Indonesia,FEMALE,71.2329077
90E2E48WHOSIS_000001,WHOSIS_000001,90E2E48,WHOSIS_000001,2011,YEAR,364,COUNTRY,PUBLISHED,Life expectancy (at birth),Iran (Islamic Republic of),FEMALE,78.75916515
90E2E48WHOSIS_000001,WHOSIS_000001,90E2E48,WHOSIS_000001,2011,YEAR,368,COUNTRY,PUBLISHED,Life expectancy (at birth),Iraq,FEMALE,73.97436228
90E2E48WHOSIS_000001,WHOSIS_000001,90E2E48,WHOSIS_000001,2011,YEAR,372,COUNTRY,PUBLISHED,Life expectancy (at birth),Ireland,FEMALE,82.43269843
90E2E48WHOSIS_000001,WHOSIS_000001,90E2E48,WHOSIS_000001,2012,YEAR,376,COUNTRY,PUBLISHED,Life expectancy (at birth),Israel,FEMALE,83.32770063
90E2E48WHOSIS_000001,WHOSIS_000001,90E2E48,WHOSIS_000001,2012,YEAR,388,COUNTRY,PUBLISHED,Life expectancy (at birth),Jamaica,FEMALE,75.95918958
90E2E48WHOSIS_000001,WHOSIS_000001,90E2E48,WHOSIS_000001,2012,YEAR,392,COUNTRY,PUBLISHED,Life expectancy (at birth),Japan,FEMALE,86.27076004
90E2E48WHOSIS_000001,WHOSIS_000001,90E2E48,WHOSIS_000001,2012,YEAR,398,COUNTRY,PUBLISHED,Life expectancy (at birth),Kazakhstan,FEMALE,74.35117477
90E2E48WHOSIS_000001,WHOSIS_000001,90E2E48,WHOSIS_000001,2012,YEAR,400,COUNTRY,PUBLISHED,Life expectancy (at birth),Jordan,FEMALE,77.55286761
90E2E48WHOSIS_000001,WHOSIS_000001,90E2E48,WHOSIS_000001,2012,YEAR,380,COUNTRY,PUBLISHED,Life expectancy (at birth),Italy,FEMALE,84.05942382
90E2E48WHOSIS_000001,WHOSIS_000001,90E2E48,WHOSIS_000001,2012,YEAR,616,COUNTRY,PUBLISHED,Life expectancy (at birth),Poland,FEMALE,80.69121254
90E2E48WHOSIS_000001,WHOSIS_000001,90E2E48,WHOSIS_000001,2010,YEAR,840,COUNTRY,PUBLISHED,Life expectancy (at birth),United States of America,FEMALE,80.78898057
90E2E48WHOSIS_000001,WHOSIS_000001,90E2E48,WHOSIS_000001,2019,YEAR,434,COUNTRY,PUBLISHED,Life expectancy (at birth),Libya,MALE,71.46825386
90E2E48WHOSIS_000001,WHOSIS_000001,90E2E48,WHOSIS_000001,2019,YEAR,480,COUNTRY,PUBLISHED,Life expectancy (at birth),Mauritius,MALE,70.83424654
90E2E48WHOSIS_000001,WHOSIS_000001,90E2E48,WHOSIS_000001,2019,YEAR,484,COUNTRY,PUBLISHED,Life expectancy (at birth),Mexico,MALE,72.80039996
90E2E48WHOSIS_000001,WHOSIS_000001,90E2E48,WHOSIS_000001,2019,YEAR,496,COUNTRY,PUBLISHED,Life expectancy (at birth),Mongolia,MALE,66.26694565
90E2E48WHOSIS_000001,WHOSIS_000001,90E2E48,WHOSIS_000001,2008,YEAR,4,COUNTRY,PUBLISHED,Life expectancy (at birth),Afghanistan,FEMALE,58.34684959
90E2E48WHOSIS_000001,WHOSIS_000001,90E2E48,WHOSIS_000001,2006,YEAR,268,COUNTRY,PUBLISHED,Life expectancy (at birth),Georgia,FEMALE,76.51320244
90E2E48WHOSIS_000001,WHOSIS_000001,90E2E48,WHOSIS_000001,2006,YEAR,246,COUNTRY,PUBLISHED,Life expectancy (at birth),Finland,FEMALE,82.61911452
90E2E48WHOSIS_000001,WHOSIS_000001,90E2E48,WHOSIS_000001,2006,YEAR,250,COUNTRY,PUBLISHED,Life expectancy (at birth),France,FEMALE,83.77597704
90E2E48WHOSIS_000001,WHOSIS_000001,90E2E48,WHOSIS_000001,2001,YEAR,144,COUNTRY,PUBLISHED,Life expectancy (at birth),Sri Lanka,TOTAL,72.65351771
90E2E48WHOSIS_000001,WHOSIS_000001,90E2E48,WHOSIS_000001,2001,YEAR,156,COUNTRY,PUBLISHED,Life expectancy (at birth),China,TOTAL,71.13400253
90E2E48WHOSIS_000001,WHOSIS_000001,90E2E48,WHOSIS_000001,2001,YEAR,634,COUNTRY,PUBLISHED,Life expectancy (at birth),Qatar,TOTAL,70.31526721
90E2E48WHOSIS_000001,WHOSIS_000001,90E2E48,WHOSIS_000001,2001,YEAR,642,COUNTRY,PUBLISHED,Life expectancy (at birth),Romania,TOTAL,71.21463166
90E2E48WHOSIS_000001,WHOSIS_000001,90E2E48,WHOSIS_000001,2001,YEAR,643,COUNTRY,PUBLISHED,Life expectancy (at birth),Russian Federation,TOTAL,65.100666
90E2E48WHOSIS_000001,WHOSIS_000001,90E2E48,WHOSIS_000001,2001,YEAR,702,COUNTRY,PUBLISHED,Life expectancy (at birth),Singapore,TOTAL,79.14204312
90E2E48WHOSIS_000001,WHOSIS_000001,90E2E48,WHOSIS_000001,2001,YEAR,682,COUNTRY,PUBLISHED,Life expectancy (at birth),Saudi Arabia,TOTAL,70.80307838
90E2E48WHOSIS_000001,WHOSIS_000001,90E2E48,WHOSIS_000001,2011,YEAR,586,COUNTRY,PUBLISHED,Life expectancy (at birth),Pakistan,FEMALE,65.36733545
90E2E48WHOSIS_000001,WHOSIS_000001,90E2E48,WHOSIS_000001,2012,YEAR,620,COUNTRY,PUBLISHED,Life expectancy (at birth),Portugal,FEMALE,83.13162647
90E2E48WHOSIS_000001,WHOSIS_000001,90E2E48,WHOSIS_000001,2012,YEAR,404,COUNTRY,PUBLISHED,Life expectancy (at birth),Kenya,FEMALE,65.10590741
90E2E48WHOSIS_000001,WHOSIS_000001,90E2E48,WHOSIS_000001,2012,YEAR,608,COUNTRY,PUBLISHED,Life expectancy (at birth),Philippines,FEMALE,73.79040061
90E2E48WHOSIS_000001,WHOSIS_000001,90E2E48,WHOSIS_000001,2011,YEAR,604,COUNTRY,PUBLISHED,Life expectancy (at birth),Peru,FEMALE,80.22551697
90E2E48WHOSIS_000001,WHOSIS_000001,90E2E48,WHOSIS_000001,2011,YEAR,608,COUNTRY,PUBLISHED,Life expectancy (at birth),Philippines,FEMALE,74.12877675
90E2E48WHOSIS_000001,WHOSIS_000001,90E2E48,WHOSIS_000001,2011,YEAR,616,COUNTRY,PUBLISHED,Life expectancy (at birth),Poland,FEMALE,80.6743115
90E2E48WHOSIS_000001,WHOSIS_000001,90E2E48,WHOSIS_000001,2008,YEAR,710,COUNTRY,PUBLISHED,Life expectancy (at birth),South Africa,MALE,51.77502992
90E2E48WHOSIS_000001,WHOSIS_000001,90E2E48,WHOSIS_000001,2008,YEAR,716,COUNTRY,PUBLISHED,Life expectancy (at birth),Zimbabwe,MALE,47.5880085
90E2E48WHOSIS_000001,WHOSIS_000001,90E2E48,WHOSIS_000001,2008,YEAR,724,COUNTRY,PUBLISHED,Life expectancy (at birth),Spain,MALE,77.9782403
90E2E48WHOSIS_000001,WHOSIS_000001,90E2E48,WHOSIS_000001,2008,YEAR,706,COUNTRY,PUBLISHED,Life expectancy (at birth),Somalia,MALE,48.03754082
90E2E48WHOSIS_000001,WHOSIS_000001,90E2E48,WHOSIS_000001,2008,YEAR,752,COUNTRY,PUBLISHED,Life expectancy (at birth),Sweden,MALE,78.98559602
90E2E48WHOSIS_000001,WHOSIS_000001,90E2E48,WHOSIS_000001,2008,YEAR,756,COUNTRY,PUBLISHED,Life expectancy (at birth),Switzerland,MALE,79.57077594
90E2E48WHOSIS_000001,WHOSIS_000001,90E2E48,WHOSIS_000001,2008,YEAR,784,COUNTRY,PUBLISHED,Life expectancy (at birth),United Arab Emirates,MALE,80.57209929
90E2E48WHOSIS_000001,WHOSIS_000001,90E2E48,WHOSIS_000001,2001,YEAR,752,COUNTRY,PUBLISHED,Life expectancy (at birth),Sweden,TOTAL,79.66920996
90E2E48WHOSIS_000001,WHOSIS_000001,90E2E48,WHOSIS_000001,2001,YEAR,706,COUNTRY,PUBLISHED,Life expectancy (at birth),Somalia,TOTAL,49.32648692
90E2E48WHOSIS_000001,WHOSIS_000001,90E2E48,WHOSIS_000001,2001,YEAR,710,COUNTRY,PUBLISHED,Life expectancy (at birth),South Africa,TOTAL,55.86714584
90E2E48WHOSIS_000001,WHOSIS_000001,90E2E48,WHOSIS_000001,2001,YEAR,716,COUNTRY,PUBLISHED,Life expectancy (at birth),Zimbabwe,TOTAL,45.43212975
90E2E48WHOSIS_000001,WHOSIS_000001,90E2E48,WHOSIS_000001,2001,YEAR,724,COUNTRY,PUBLISHED,Life expectancy (at birth),Spain,TOTAL,79.39483865
90E2E48WHOSIS_000001,WHOSIS_000001,90E2E48,WHOSIS_000001,2001,YEAR,756,COUNTRY,PUBLISHED,Life expectancy (at birth),Switzerland,TOTAL,80.10038738
90E2E48WHOSIS_000001,WHOSIS_000001,90E2E48,WHOSIS_000001,2011,YEAR,634,COUNTRY,PUBLISHED,Life expectancy (at birth),Qatar,FEMALE,76.3549412
90E2E48WHOSIS_000001,WHOSIS_000001,90E2E48,WHOSIS_000001,2011,YEAR,642,COUNTRY,PUBLISHED,Life expectancy (at birth),Romania,FEMALE,78.00645201
90E2E48WHOSIS_000001,WHOSIS_000001,90E2E48,WHOSIS_000001,2011,YEAR,620,COUNTRY,PUBLISHED,Life expectancy (at birth),Portugal,FEMALE,83.26581273
90E2E48WHOSIS_000001,WHOSIS_000001,90E2E48,WHOSIS_000001,2011,YEAR,643,COUNTRY,PUBLISHED,Life expectancy (at birth),Russian Federation,FEMALE,75.55048524
90E2E48WHOSIS_000001,WHOSIS_000001,90E2E48,WHOSIS_000001,2008,YEAR,764,COUNTRY,PUBLISHED,Life expectancy (at birth),Thailand,MALE,71.3096645
90E2E48WHOSIS_000001,WHOSIS_000001,90E2E48,WHOSIS_000001,2008,YEAR,840,COUNTRY,PUBLISHED,Life expectancy (at birth),United States of America,MALE,75.76339501
90E2E48WHOSIS_000001,WHOSIS_000001,90E2E48,WHOSIS_000001,2020,YEAR,616,COUNTRY,PUBLISHED,Life expectancy (at birth),Poland,MALE,72.43489549
90E2E48WHOSIS_000001,WHOSIS_000001,90E2E48,WHOSIS_000001,2020,YEAR,620,COUNTRY,PUBLISHED,Life expectancy (at birth),Portugal,MALE,77.81551633
90E2E48WHOSIS_000001,WHOSIS_000001,90E2E48,WHOSIS_000001,2008,YEAR,818,COUNTRY,PUBLISHED,Life expectancy (at birth),Egypt,MALE,67.11835054
90E2E48WHOSIS_000001,WHOSIS_000001,90E2E48,WHOSIS_000001,2001,YEAR,764,COUNTRY,PUBLISHED,Life expectancy (at birth),Thailand,TOTAL,71.72869386
90E2E48WHOSIS_000001,WHOSIS_000001,90E2E48,WHOSIS_000001,2002,YEAR,388,COUNTRY,PUBLISHED,Life expectancy (at birth),Jamaica,TOTAL,73.03304352
90E2E48WHOSIS_000001,WHOSIS_000001,90E2E48,WHOSIS_000001,2002,YEAR,392,COUNTRY,PUBLISHED,Life expectancy (at birth),Japan,TOTAL,82.10074471
90E2E48WHOSIS_000001,WHOSIS_000001,90E2E48,WHOSIS_000001,2002,YEAR,404,COUNTRY,PUBLISHED,Life expectancy (at birth),Kenya,TOTAL,54.58698847
90E2E48WHOSIS_000001,WHOSIS_000001,90E2E48,WHOSIS_000001,2002,YEAR,410,COUNTRY,PUBLISHED,Life expectancy (at birth),Republic of Korea,TOTAL,76.94317285
90E2E48WHOSIS_000001,WHOSIS_000001,90E2E48,WHOSIS_000001,2002,YEAR,414,COUNTRY,PUBLISHED,Life expectancy (at birth),Kuwait,TOTAL,78.20659931
90E2E48WHOSIS_000001,WHOSIS_000001,90E2E48,WHOSIS_000001,2002,YEAR,398,COUNTRY,PUBLISHED,Life expectancy (at birth),Kazakhstan,TOTAL,65.03142074
90E2E48WHOSIS_000001,WHOSIS_000001,90E2E48,WHOSIS_000001,2002,YEAR,400,COUNTRY,PUBLISHED,Life expectancy (at birth),Jordan,TOTAL,72.9283168
90E2E48WHOSIS_000001,WHOSIS_000001,90E2E48,WHOSIS_000001,2003,YEAR,104,COUNTRY,PUBLISHED,Life expectancy (at birth),Myanmar,TOTAL,60.64224077
90E2E48WHOSIS_000001,WHOSIS_000001,90E2E48,WHOSIS_000001,2020,YEAR,634,COUNTRY,PUBLISHED,Life expectancy (at birth),Qatar,MALE,76.58462005
90E2E48WHOSIS_000001,WHOSIS_000001,90E2E48,WHOSIS_000001,2020,YEAR,642,COUNTRY,PUBLISHED,Life expectancy (at birth),Romania,MALE,70.30228895
90E2E48WHOSIS_000001,WHOSIS_000001,90E2E48,WHOSIS_000001,2020,YEAR,643,COUNTRY,PUBLISHED,Life expectancy (at birth),Russian Federation,MALE,66.44551242
90E2E48WHOSIS_000001,WHOSIS_000001,90E2E48,WHOSIS_000001,2020,YEAR,682,COUNTRY,PUBLISHED,Life expectancy (at birth),Saudi Arabia,MALE,74.9026608
90E2E48WHOSIS_000001,WHOSIS_000001,90E2E48,WHOSIS_000001,2020,YEAR,702,COUNTRY,PUBLISHED,Life expectancy (at birth),Singapore,MALE,81.69439267
90E2E48WHOSIS_000001,WHOSIS_000001,90E2E48,WHOSIS_000001,2011,YEAR,784,COUNTRY,PUBLISHED,Life expectancy (at birth),United Arab Emirates,FEMALE,80.93077132
90E2E48WHOSIS_000001,WHOSIS_000001,90E2E48,WHOSIS_000001,2012,YEAR,682,COUNTRY,PUBLISHED,Life expectancy (at birth),Saudi Arabia,FEMALE,78.26637071
90E2E48WHOSIS_000001,WHOSIS_000001,90E2E48,WHOSIS_000001,2007,YEAR,578,COUNTRY,PUBLISHED,Life expectancy (at birth),Norway,TOTAL,80.35099102
90E2E48WHOSIS_000001,WHOSIS_000001,90E2E48,WHOSIS_000001,2007,YEAR,524,COUNTRY,PUBLISHED,Life expectancy (at birth),Nepal,TOTAL,68.80504578
90E2E48WHOSIS_000001,WHOSIS_000001,90E2E48,WHOSIS_000001,2007,YEAR,512,COUNTRY,PUBLISHED,Life expectancy (at birth),Oman,TOTAL,73.4022288
90E2E48WHOSIS_000001,WHOSIS_000001,90E2E48,WHOSIS_000001,2007,YEAR,554,COUNTRY,PUBLISHED,Life expectancy (at birth),New Zealand,TOTAL,80.04299252
90E2E48WHOSIS_000001,WHOSIS_000001,90E2E48,WHOSIS_000001,2020,YEAR,716,COUNTRY,PUBLISHED,Life expectancy (at birth),Zimbabwe,MALE,57.11263941
90E2E48WHOSIS_000001,WHOSIS_000001,90E2E48,WHOSIS_000001,2020,YEAR,724,COUNTRY,PUBLISHED,Life expectancy (at birth),Spain,MALE,79.31605523
90E2E48WHOSIS_000001,WHOSIS_000001,90E2E48,WHOSIS_000001,2021,YEAR,360,COUNTRY,PUBLISHED,Life expectancy (at birth),Indonesia,MALE,66.41327031
90E2E48WHOSIS_000001,WHOSIS_000001,90E2E48,WHOSIS_000001,2021,YEAR,364,COUNTRY,PUBLISHED,Life expectancy (at birth),Iran (Islamic Republic of),MALE,73.08422156
90E2E48WHOSIS_000001,WHOSIS_000001,90E2E48,WHOSIS_000001,2020,YEAR,706,COUNTRY,PUBLISHED,Life expectancy (at birth),Somalia,MALE,52.84960978
90E2E48WHOSIS_000001,WHOSIS_000001,90E2E48,WHOSIS_000001,2020,YEAR,710,COUNTRY,PUBLISHED,Life expectancy (at birth),South Africa,MALE,61.88282781
90E2E48WHOSIS_000001,WHOSIS_000001,90E2E48,WHOSIS_000001,2021,YEAR,392,COUNTRY,PUBLISHED,Life expectancy (at birth),Japan,MALE,81.70918457
90E2E48WHOSIS_000001,WHOSIS_000001,90E2E48,WHOSIS_000001,2021,YEAR,398,COUNTRY,PUBLISHED,Life expectancy (at birth),Kazakhstan,MALE,66.36555838
90E2E48WHOSIS_000001,WHOSIS_000001,90E2E48,WHOSIS_000001,2021,YEAR,400,COUNTRY,PUBLISHED,Life expectancy (at birth),Jordan,MALE,74.56877782
90E2E48WHOSIS_000001,WHOSIS_000001,90E2E48,WHOSIS_000001,2021,YEAR,404,COUNTRY,PUBLISHED,Life expectancy (at birth),Kenya,MALE,64.39587676
90E2E48WHOSIS_000001,WHOSIS_000001,90E2E48,WHOSIS_000001,2007,YEAR,620,COUNTRY,PUBLISHED,Life expectancy (at birth),Portugal,TOTAL,78.95554595
90E2E48WHOSIS_000001,WHOSIS_000001,90E2E48,WHOSIS_000001,2007,YEAR,586,COUNTRY,PUBLISHED,Life expectancy (at birth),Pakistan,TOTAL,63.38445782
90E2E48WHOSIS_000001,WHOSIS_000001,90E2E48,WHOSIS_000001,2007,YEAR,604,COUNTRY,PUBLISHED,Life expectancy (at birth),Peru,TOTAL,78.66735579
90E2E48WHOSIS_000001,WHOSIS_000001,90E2E48,WHOSIS_000001,2007,YEAR,608,COUNTRY,PUBLISHED,Life expectancy (at birth),Philippines,TOTAL,69.58190674
90E2E48WHOSIS_000001,WHOSIS_000001,90E2E48,WHOSIS_000001,2007,YEAR,616,COUNTRY,PUBLISHED,Life expectancy (at birth),Poland,TOTAL,75.17671647
90E2E48WHOSIS_000001,WHOSIS_000001,90E2E48,WHOSIS_000001,2012,YEAR,716,COUNTRY,PUBLISHED,Life expectancy (at birth),Zimbabwe,FEMALE,57.11657707
90E2E48WHOSIS_000001,WHOSIS_000001,90E2E48,WHOSIS_000001,2010,YEAR,480,COUNTRY,PUBLISHED,Life expectancy (at birth),Mauritius,FEMALE,76.92673954
90E2E48WHOSIS_000001,WHOSIS_000001,90E2E48,WHOSIS_000001,2010,YEAR,484,COUNTRY,PUBLISHED,Life expectancy (at birth),Mexico,FEMALE,77.66125162
90E2E48WHOSIS_000001,WHOSIS_000001,90E2E48,WHOSIS_000001,2010,YEAR,496,COUNTRY,PUBLISHED,Life expectancy (at birth),Mongolia,FEMALE,71.4893327
90E2E48WHOSIS_000001,WHOSIS_000001,90E2E48,WHOSIS_000001,2012,YEAR,702,COUNTRY,PUBLISHED,Life expectancy (at birth),Singapore,FEMALE,84.31124622
90E2E48WHOSIS_000001,WHOSIS_000001,90E2E48,WHOSIS_000001,2012,YEAR,706,COUNTRY,PUBLISHED,Life expectancy (at birth),Somalia,FEMALE,52.75614304
90E2E48WHOSIS_000001,WHOSIS_000001,90E2E48,WHOSIS_000001,2012,YEAR,710,COUNTRY,PUBLISHED,Life expectancy (at birth),South Africa,FEMALE,63.43220318
90E2E48WHOSIS_000001,WHOSIS_000001,90E2E48,WHOSIS_000001,2021,YEAR,410,COUNTRY,PUBLISHED,Life expectancy (at birth),Republic of Korea,MALE,80.70510387
90E2E48WHOSIS_000001,WHOSIS_000001,90E2E48,WHOSIS_000001,2021,YEAR,372,COUNTRY,PUBLISHED,Life expectancy (at birth),Ireland,MALE,79.86626285
90E2E48WHOSIS_000001,WHOSIS_000001,90E2E48,WHOSIS_000001,2021,YEAR,376,COUNTRY,PUBLISHED,Life expectancy (at birth),Israel,MALE,82.38661981
90E2E48WHOSIS_000001,WHOSIS_000001,90E2E48,WHOSIS_000001,2021,YEAR,380,COUNTRY,PUBLISHED,Life expectancy (at birth),Italy,MALE,79.97563155
90E2E48WHOSIS_000001,WHOSIS_000001,90E2E48,WHOSIS_000001,2021,YEAR,388,COUNTRY,PUBLISHED,Life expectancy (at birth),Jamaica,MALE,67.64379114
90E2E48WHOSIS_000001,WHOSIS_000001,90E2E48,WHOSIS_000001,2021,YEAR,368,COUNTRY,PUBLISHED,Life expectancy (at birth),Iraq,MALE,68.889713
90E2E48WHOSIS_000001,WHOSIS_000001,90E2E48,WHOSIS_000001,2021,YEAR,414,COUNTRY,PUBLISHED,Life expectancy (at birth),Kuwait,MALE,77.31715075
90E2E48WHOSIS_000001,WHOSIS_000001,90E2E48,WHOSIS_000001,2007,YEAR,702,COUNTRY,PUBLISHED,Life expectancy (at birth),Singapore,TOTAL,80.58124756
90E2E48WHOSIS_000001,WHOSIS_000001,90E2E48,WHOSIS_000001,2004,YEAR,434,COUNTRY,PUBLISHED,Life expectancy (at birth),Libya,TOTAL,73.84878468
90E2E48WHOSIS_000001,WHOSIS_000001,90E2E48,WHOSIS_000001,2007,YEAR,706,COUNTRY,PUBLISHED,Life expectancy (at birth),Somalia,TOTAL,49.97697257
90E2E48WHOSIS_000001,WHOSIS_000001,90E2E48,WHOSIS_000001,2007,YEAR,710,COUNTRY,PUBLISHED,Life expectancy (at birth),South Africa,TOTAL,52.90958642
90E2E48WHOSIS_000001,WHOSIS_000001,90E2E48,WHOSIS_000001,2007,YEAR,716,COUNTRY,PUBLISHED,Life expectancy (at birth),Zimbabwe,TOTAL,47.34902637
90E2E48WHOSIS_000001,WHOSIS_000001,90E2E48,WHOSIS_000001,2007,YEAR,752,COUNTRY,PUBLISHED,Life expectancy (at birth),Sweden,TOTAL,80.77300072
90E2E48WHOSIS_000001,WHOSIS_000001,90E2E48,WHOSIS_000001,2007,YEAR,724,COUNTRY,PUBLISHED,Life expectancy (at birth),Spain,TOTAL,80.67591348
90E2E48WHOSIS_000001,WHOSIS_000001,90E2E48,WHOSIS_000001,2005,YEAR,192,COUNTRY,PUBLISHED,Life expectancy (at birth),Cuba,TOTAL,77.20755679
90E2E48WHOSIS_000001,WHOSIS_000001,90E2E48,WHOSIS_000001,2011,YEAR,434,COUNTRY,PUBLISHED,Life expectancy (at birth),Libya,FEMALE,74.02010622
90E2E48WHOSIS_000001,WHOSIS_000001,90E2E48,WHOSIS_000001,2011,YEAR,524,COUNTRY,PUBLISHED,Life expectancy (at birth),Nepal,FEMALE,71.27136822
90E2E48WHOSIS_000001,WHOSIS_000001,90E2E48,WHOSIS_000001,2011,YEAR,480,COUNTRY,PUBLISHED,Life expectancy (at birth),Mauritius,FEMALE,77.04446153
90E2E48WHOSIS_000001,WHOSIS_000001,90E2E48,WHOSIS_000001,2011,YEAR,484,COUNTRY,PUBLISHED,Life expectancy (at birth),Mexico,FEMALE,78.18410378
90E2E48WHOSIS_000001,WHOSIS_000001,90E2E48,WHOSIS_000001,2011,YEAR,496,COUNTRY,PUBLISHED,Life expectancy (at birth),Mongolia,FEMALE,71.81175237
90E2E48WHOSIS_000001,WHOSIS_000001,90E2E48,WHOSIS_000001,2008,YEAR,56,COUNTRY,PUBLISHED,Life expectancy (at birth),Belgium,MALE,76.8648054
90E2E48WHOSIS_000001,WHOSIS_000001,90E2E48,WHOSIS_000001,2008,YEAR,104,COUNTRY,PUBLISHED,Life expectancy (at birth),Myanmar,MALE,55.56736439
90E2E48WHOSIS_000001,WHOSIS_000001,90E2E48,WHOSIS_000001,2008,YEAR,76,COUNTRY,PUBLISHED,Life expectancy (at birth),Brazil,MALE,70.29107472
90E2E48WHOSIS_000001,WHOSIS_000001,90E2E48,WHOSIS_000001,2008,YEAR,156,COUNTRY,PUBLISHED,Life expectancy (at birth),China,MALE,71.4375066
90E2E48WHOSIS_000001,WHOSIS_000001,90E2E48,WHOSIS_000001,2007,YEAR,756,COUNTRY,PUBLISHED,Life expectancy (at birth),Switzerland,TOTAL,81.59797301
90E2E48WHOSIS_000001,WHOSIS_000001,90E2E48,WHOSIS_000001,2006,YEAR,192,COUNTRY,PUBLISHED,Life expectancy (at birth),Cuba,TOTAL,78.02512407
90E2E48WHOSIS_000001,WHOSIS_000001,90E2E48,WHOSIS_000001,2008,YEAR,404,COUNTRY,PUBLISHED,Life expectancy (at birth),Kenya,FEMALE,61.27799403
90E2E48WHOSIS_000001,WHOSIS_000001,90E2E48,WHOSIS_000001,2008,YEAR,410,COUNTRY,PUBLISHED,Life expectancy (at birth),Republic of Korea,FEMALE,83.11588322
90E2E48WHOSIS_000001,WHOSIS_000001,90E2E48,WHOSIS_000001,2008,YEAR,192,COUNTRY,PUBLISHED,Life expectancy (at birth),Cuba,FEMALE,79.79110149
90E2E48WHOSIS_000001,WHOSIS_000001,90E2E48,WHOSIS_000001,2019,YEAR,268,COUNTRY,PUBLISHED,Life expectancy (at birth),Georgia,FEMALE,78.44456013
90E2E48WHOSIS_000001,WHOSIS_000001,90E2E48,WHOSIS_000001,2008,YEAR,388,COUNTRY,PUBLISHED,Life expectancy (at birth),Jamaica,FEMALE,74.5884961
90E2E48WHOSIS_000001,WHOSIS_000001,90E2E48,WHOSIS_000001,2008,YEAR,392,COUNTRY,PUBLISHED,Life expectancy (at birth),Japan,FEMALE,85.94755431
90E2E48WHOSIS_000001,WHOSIS_000001,90E2E48,WHOSIS_000001,2008,YEAR,398,COUNTRY,PUBLISHED,Life expectancy (at birth),Kazakhstan,FEMALE,72.49014923
90E2E48WHOSIS_000001,WHOSIS_000001,90E2E48,WHOSIS_000001,2008,YEAR,400,COUNTRY,PUBLISHED,Life expectancy (at birth),Jordan,FEMALE,75.76253849
90E2E48WHOSIS_000001,WHOSIS_000001,90E2E48,WHOSIS_000001,2019,YEAR,434,COUNTRY,PUBLISHED,Life expectancy (at birth),Libya,FEMALE,75.70240825
90E2E48WHOSIS_000001,WHOSIS_000001,90E2E48,WHOSIS_000001,2011,YEAR,512,COUNTRY,PUBLISHED,Life expectancy (at birth),Oman,FEMALE,76.90412647
90E2E48WHOSIS_000001,WHOSIS_000001,90E2E48,WHOSIS_000001,2011,YEAR,554,COUNTRY,PUBLISHED,Life expectancy (at birth),New Zealand,FEMALE,82.37162739
90E2E48WHOSIS_000001,WHOSIS_000001,90E2E48,WHOSIS_000001,2012,YEAR,170,COUNTRY,PUBLISHED,Life expectancy (at birth),Colombia,FEMALE,79.86246002
90E2E48WHOSIS_000001,WHOSIS_000001,90E2E48,WHOSIS_000001,2011,YEAR,578,COUNTRY,PUBLISHED,Life expectancy (at birth),Norway,FEMALE,83.02047795
90E2E48WHOSIS_000001,WHOSIS_000001,90E2E48,WHOSIS_000001,2012,YEAR,156,COUNTRY,PUBLISHED,Life expectancy (at birth),China,FEMALE,78.67388247
90E2E48WHOSIS_000001,WHOSIS_000001,90E2E48,WHOSIS_000001,2007,YEAR,953,WHOREGION,PUBLISHED,Life expectancy (at birth),Africa,TOTAL,57.29451181
90E2E48WHOSIS_000001,WHOSIS_000001,90E2E48,WHOSIS_000001,2007,YEAR,887,COUNTRY,PUBLISHED,Life expectancy (at birth),Yemen,TOTAL,66.73494764
90E2E48WHOSIS_000001,WHOSIS_000001,90E2E48,WHOSIS_000001,2007,YEAR,894,COUNTRY,PUBLISHED,Life expectancy (at birth),Zambia,TOTAL,53.57698997
90E2E48WHOSIS_000001,WHOSIS_000001,90E2E48,WHOSIS_000001,2008,YEAR,170,COUNTRY,PUBLISHED,Life expectancy (at birth),Colombia,MALE,72.43567223
90E2E48WHOSIS_000001,WHOSIS_000001,90E2E48,WHOSIS_000001,2008,YEAR,124,COUNTRY,PUBLISHED,Life expectancy (at birth),Canada,MALE,78.36152861
90E2E48WHOSIS_000001,WHOSIS_000001,90E2E48,WHOSIS_000001,2008,YEAR,144,COUNTRY,PUBLISHED,Life expectancy (at birth),Sri Lanka,MALE,68.7639252
90E2E48WHOSIS_000001,WHOSIS_000001,90E2E48,WHOSIS_000001,2007,YEAR,955,WHOREGION,PUBLISHED,Life expectancy (at birth),South-East Asia,TOTAL,66.92530001
90E2E48WHOSIS_000001,WHOSIS_000001,90E2E48,WHOSIS_000001,2007,YEAR,956,WHOREGION,PUBLISHED,Life expectancy (at birth),Europe,TOTAL,74.51560779
90E2E48WHOSIS_000001,WHOSIS_000001,90E2E48,WHOSIS_000001,2008,YEAR,954,WHOREGION,PUBLISHED,Life expectancy (at birth),Americas,MALE,73.17714431
90E2E48WHOSIS_000001,WHOSIS_000001,90E2E48,WHOSIS_000001,2001,YEAR,496,COUNTRY,PUBLISHED,Life expectancy (at birth),Mongolia,TOTAL,63.48955882
90E2E48WHOSIS_000001,WHOSIS_000001,90E2E48,WHOSIS_000001,2001,YEAR,480,COUNTRY,PUBLISHED,Life expectancy (at birth),Mauritius,TOTAL,71.43968836
90E2E48WHOSIS_000001,WHOSIS_000001,90E2E48,WHOSIS_000001,2001,YEAR,484,COUNTRY,PUBLISHED,Life expectancy (at birth),Mexico,TOTAL,74.55106521
90E2E48WHOSIS_000001,WHOSIS_000001,90E2E48,WHOSIS_000001,2012,YEAR,192,COUNTRY,PUBLISHED,Life expectancy (at birth),Cuba,FEMALE,80.54376163
90E2E48WHOSIS_000001,WHOSIS_000001,90E2E48,WHOSIS_000001,2011,YEAR,144,COUNTRY,PUBLISHED,Life expectancy (at birth),Sri Lanka,FEMALE,78.55435494
90E2E48WHOSIS_000001,WHOSIS_000001,90E2E48,WHOSIS_000001,2011,YEAR,192,COUNTRY,PUBLISHED,Life expectancy (at birth),Cuba,FEMALE,80.47501399
90E2E48WHOSIS_000001,WHOSIS_000001,90E2E48,WHOSIS_000001,2019,YEAR,246,COUNTRY,PUBLISHED,Life expectancy (at birth),Finland,MALE,79.10931628
90E2E48WHOSIS_000001,WHOSIS_000001,90E2E48,WHOSIS_000001,2019,YEAR,250,COUNTRY,PUBLISHED,Life expectancy (at birth),France,MALE,79.773758
90E2E48WHOSIS_000001,WHOSIS_000001,90E2E48,WHOSIS_000001,2019,YEAR,308,COUNTRY,PUBLISHED,Life expectancy (at birth),Grenada,MALE,70.45529704
90E2E48WHOSIS_000001,WHOSIS_000001,90E2E48,WHOSIS_000001,2019,YEAR,300,COUNTRY,PUBLISHED,Life expectancy (at birth),Greece,MALE,78.7970393
90E2E48WHOSIS_000001,WHOSIS_000001,90E2E48,WHOSIS_000001,2001,YEAR,512,COUNTRY,PUBLISHED,Life expectancy (at birth),Oman,TOTAL,72.18472491
90E2E48WHOSIS_000001,WHOSIS_000001,90E2E48,WHOSIS_000001,2001,YEAR,524,COUNTRY,PUBLISHED,Life expectancy (at birth),Nepal,TOTAL,66.16930825
90E2E48WHOSIS_000001,WHOSIS_000001,90E2E48,WHOSIS_000001,2001,YEAR,578,COUNTRY,PUBLISHED,Life expectancy (at birth),Norway,TOTAL,78.74570455
90E2E48WHOSIS_000001,WHOSIS_000001,90E2E48,WHOSIS_000001,2001,YEAR,554,COUNTRY,PUBLISHED,Life expectancy (at birth),New Zealand,TOTAL,78.46853865
90E2E48WHOSIS_000001,WHOSIS_000001,90E2E48,WHOSIS_000001,2011,YEAR,156,COUNTRY,PUBLISHED,Life expectancy (at birth),China,FEMALE,78.09738186
90E2E48WHOSIS_000001,WHOSIS_000001,90E2E48,WHOSIS_000001,2011,YEAR,170,COUNTRY,PUBLISHED,Life expectancy (at birth),Colombia,FEMALE,79.63054512
90E2E48WHOSIS_000001,WHOSIS_000001,90E2E48,WHOSIS_000001,2011,YEAR,388,COUNTRY,PUBLISHED,Life expectancy (at birth),Jamaica,FEMALE,75.75671497
90E2E48WHOSIS_000001,WHOSIS_000001,90E2E48,WHOSIS_000001,2011,YEAR,392,COUNTRY,PUBLISHED,Life expectancy (at birth),Japan,FEMALE,85.73354603
90E2E48WHOSIS_000001,WHOSIS_000001,90E2E48,WHOSIS_000001,2011,YEAR,398,COUNTRY,PUBLISHED,Life expectancy (at birth),Kazakhstan,FEMALE,73.86945559
90E2E48WHOSIS_000001,WHOSIS_000001,90E2E48,WHOSIS_000001,2011,YEAR,400,COUNTRY,PUBLISHED,Life expectancy (at birth),Jordan,FEMALE,77.3067972
90E2E48WHOSIS_000001,WHOSIS_000001,90E2E48,WHOSIS_000001,2019,YEAR,352,COUNTRY,PUBLISHED,Life expectancy (at birth),Iceland,MALE,81.10092217
90E2E48WHOSIS_000001,WHOSIS_000001,90E2E48,WHOSIS_000001,2019,YEAR,356,COUNTRY,PUBLISHED,Life expectancy (at birth),India,MALE,69.17521966
90E2E48WHOSIS_000001,WHOSIS_000001,90E2E48,WHOSIS_000001,2019,YEAR,360,COUNTRY,PUBLISHED,Life expectancy (at birth),Indonesia,MALE,69.54931014
90E2E48WHOSIS_000001,WHOSIS_000001,90E2E48,WHOSIS_000001,2019,YEAR,372,COUNTRY,PUBLISHED,Life expectancy (at birth),Ireland,MALE,80.27005664
90E2E48WHOSIS_000001,WHOSIS_000001,90E2E48,WHOSIS_000001,2019,YEAR,376,COUNTRY,PUBLISHED,Life expectancy (at birth),Israel,MALE,80.74316576
90E2E48WHOSIS_000001,WHOSIS_000001,90E2E48,WHOSIS_000001,2019,YEAR,380,COUNTRY,PUBLISHED,Life expectancy (at birth),Italy,MALE,80.93606726
90E2E48WHOSIS_000001,WHOSIS_000001,90E2E48,WHOSIS_000001,2019,YEAR,364,COUNTRY,PUBLISHED,Life expectancy (at birth),Iran (Islamic Republic of),MALE,76.36224673
90E2E48WHOSIS_000001,WHOSIS_000001,90E2E48,WHOSIS_000001,2019,YEAR,368,COUNTRY,PUBLISHED,Life expectancy (at birth),Iraq,MALE,70.25762098
90E2E48WHOSIS_000001,WHOSIS_000001,90E2E48,WHOSIS_000001,2019,YEAR,398,COUNTRY,PUBLISHED,Life expectancy (at birth),Kazakhstan,MALE,68.84461035
90E2E48WHOSIS_000001,WHOSIS_000001,90E2E48,WHOSIS_000001,2007,YEAR,4,COUNTRY,PUBLISHED,Life expectancy (at birth),Afghanistan,TOTAL,57.2548387
90E2E48WHOSIS_000001,WHOSIS_000001,90E2E48,WHOSIS_000001,2001,YEAR,604,COUNTRY,PUBLISHED,Life expectancy (at birth),Peru,TOTAL,75.95904765
90E2E48WHOSIS_000001,WHOSIS_000001,90E2E48,WHOSIS_000001,2001,YEAR,608,COUNTRY,PUBLISHED,Life expectancy (at birth),Philippines,TOTAL,69.62976888
90E2E48WHOSIS_000001,WHOSIS_000001,90E2E48,WHOSIS_000001,2001,YEAR,586,COUNTRY,PUBLISHED,Life expectancy (at birth),Pakistan,TOTAL,61.67754226
90E2E48WHOSIS_000001,WHOSIS_000001,90E2E48,WHOSIS_000001,2001,YEAR,616,COUNTRY,PUBLISHED,Life expectancy (at birth),Poland,TOTAL,74.09873292
90E2E48WHOSIS_000001,WHOSIS_000001,90E2E48,WHOSIS_000001,2001,YEAR,620,COUNTRY,PUBLISHED,Life expectancy (at birth),Portugal,TOTAL,76.92951203
90E2E48WHOSIS_000001,WHOSIS_000001,90E2E48,WHOSIS_000001,2007,YEAR,32,COUNTRY,PUBLISHED,Life expectancy (at birth),Argentina,TOTAL,75.05610078
90E2E48WHOSIS_000001,WHOSIS_000001,90E2E48,WHOSIS_000001,2007,YEAR,48,COUNTRY,PUBLISHED,Life expectancy (at birth),Bahrain,TOTAL,72.38722676
90E2E48WHOSIS_000001,WHOSIS_000001,90E2E48,WHOSIS_000001,2011,YEAR,376,COUNTRY,PUBLISHED,Life expectancy (at birth),Israel,FEMALE,83.3702732
90E2E48WHOSIS_000001,WHOSIS_000001,90E2E48,WHOSIS_000001,2011,YEAR,380,COUNTRY,PUBLISHED,Life expectancy (at birth),Italy,FEMALE,84.12261029
90E2E48WHOSIS_000001,WHOSIS_000001,90E2E48,WHOSIS_000001,2011,YEAR,404,COUNTRY,PUBLISHED,Life expectancy (at birth),Kenya,FEMALE,64.11636794
90E2E48WHOSIS_000001,WHOSIS_000001,90E2E48,WHOSIS_000001,2011,YEAR,410,COUNTRY,PUBLISHED,Life expectancy (at birth),Republic of Korea,FEMALE,84.1559918
90E2E48WHOSIS_000001,WHOSIS_000001,90E2E48,WHOSIS_000001,2011,YEAR,414,COUNTRY,PUBLISHED,Life expectancy (at birth),Kuwait,FEMALE,83.3445765
90E2E48WHOSIS_000001,WHOSIS_000001,90E2E48,WHOSIS_000001,2012,YEAR,36,COUNTRY,PUBLISHED,Life expectancy (at birth),Australia,FEMALE,84.16142409
90E2E48WHOSIS_000001,WHOSIS_000001,90E2E48,WHOSIS_000001,2012,YEAR,50,COUNTRY,PUBLISHED,Life expectancy (at birth),Bangladesh,FEMALE,73.27484339
90E2E48WHOSIS_000001,WHOSIS_000001,90E2E48,WHOSIS_000001,2012,YEAR,56,COUNTRY,PUBLISHED,Life expectancy (at birth),Belgium,FEMALE,82.57243349
90E2E48WHOSIS_000001,WHOSIS_000001,90E2E48,WHOSIS_000001,2007,YEAR,50,COUNTRY,PUBLISHED,Life expectancy (at birth),Bangladesh,TOTAL,68.42856138
90E2E48WHOSIS_000001,WHOSIS_000001,90E2E48,WHOSIS_000001,2007,YEAR,36,COUNTRY,PUBLISHED,Life expectancy (at birth),Australia,TOTAL,81.37282665
90E2E48WHOSIS_000001,WHOSIS_000001,90E2E48,WHOSIS_000001,2007,YEAR,56,COUNTRY,PUBLISHED,Life expectancy (at birth),Belgium,TOTAL,79.56569667
90E2E48WHOSIS_000001,WHOSIS_000001,90E2E48,WHOSIS_000001,2002,YEAR,956,WHOREGION,PUBLISHED,Life expectancy (at birth),Europe,TOTAL,72.70757292
90E2E48WHOSIS_000001,WHOSIS_000001,90E2E48,WHOSIS_000001,2007,YEAR,104,COUNTRY,PUBLISHED,Life expectancy (at birth),Myanmar,TOTAL,62.77565744
90E2E48WHOSIS_000001,WHOSIS_000001,90E2E48,WHOSIS_000001,2019,YEAR,400,COUNTRY,PUBLISHED,Life expectancy (at birth),Jordan,MALE,79.72852788
90E2E48WHOSIS_000001,WHOSIS_000001,90E2E48,WHOSIS_000001,2019,YEAR,404,COUNTRY,PUBLISHED,Life expectancy (at birth),Kenya,MALE,64.06662086
90E2E48WHOSIS_000001,WHOSIS_000001,90E2E48,WHOSIS_000001,2019,YEAR,388,COUNTRY,PUBLISHED,Life expectancy (at birth),Jamaica,MALE,69.48005358
90E2E48WHOSIS_000001,WHOSIS_000001,90E2E48,WHOSIS_000001,2019,YEAR,392,COUNTRY,PUBLISHED,Life expectancy (at birth),Japan,MALE,81.70268397
90E2E48WHOSIS_000001,WHOSIS_000001,90E2E48,WHOSIS_000001,2019,YEAR,410,COUNTRY,PUBLISHED,Life expectancy (at birth),Republic of Korea,MALE,80.55797911
90E2E48WHOSIS_000001,WHOSIS_000001,90E2E48,WHOSIS_000001,2019,YEAR,414,COUNTRY,PUBLISHED,Life expectancy (at birth),Kuwait,MALE,80.27047894
90E2E48WHOSIS_000001,WHOSIS_000001,90E2E48,WHOSIS_000001,2008,YEAR,682,COUNTRY,PUBLISHED,Life expectancy (at birth),Saudi Arabia,MALE,72.09740592
90E2E48WHOSIS_000001,WHOSIS_000001,90E2E48,WHOSIS_000001,2012,YEAR,48,COUNTRY,PUBLISHED,Life expectancy (at birth),Bahrain,FEMALE,75.44162126
90E2E48WHOSIS_000001,WHOSIS_000001,90E2E48,WHOSIS_000001,2012,YEAR,32,COUNTRY,PUBLISHED,Life expectancy (at birth),Argentina,FEMALE,79.43846497
90E2E48WHOSIS_000001,WHOSIS_000001,90E2E48,WHOSIS_000001,2012,YEAR,76,COUNTRY,PUBLISHED,Life expectancy (at birth),Brazil,FEMALE,77.77702001
90E2E48WHOSIS_000001,WHOSIS_000001,90E2E48,WHOSIS_000001,2012,YEAR,104,COUNTRY,PUBLISHED,Life expectancy (at birth),Myanmar,FEMALE,69.16844336
90E2E48WHOSIS_000001,WHOSIS_000001,90E2E48,WHOSIS_000001,2007,YEAR,76,COUNTRY,PUBLISHED,Life expectancy (at birth),Brazil,TOTAL,73.5789865
90E2E48WHOSIS_000001,WHOSIS_000001,90E2E48,WHOSIS_000001,2003,YEAR,32,COUNTRY,PUBLISHED,Life expectancy (at birth),Argentina,TOTAL,74.25492535
90E2E48WHOSIS_000001,WHOSIS_000001,90E2E48,WHOSIS_000001,2003,YEAR,36,COUNTRY,PUBLISHED,Life expectancy (at birth),Australia,TOTAL,80.56634063
90E2E48WHOSIS_000001,WHOSIS_000001,90E2E48,WHOSIS_000001,2003,YEAR,4,COUNTRY,PUBLISHED,Life expectancy (at birth),Afghanistan,TOTAL,56.08520691
90E2E48WHOSIS_000001,WHOSIS_000001,90E2E48,WHOSIS_000001,2020,YEAR,56,COUNTRY,PUBLISHED,Life expectancy (at birth),Belgium,MALE,78.65364849
90E2E48WHOSIS_000001,WHOSIS_000001,90E2E48,WHOSIS_000001,2008,YEAR,702,COUNTRY,PUBLISHED,Life expectancy (at birth),Singapore,MALE,78.67177796
90E2E48WHOSIS_000001,WHOSIS_000001,90E2E48,WHOSIS_000001,2020,YEAR,76,COUNTRY,PUBLISHED,Life expectancy (at birth),Brazil,MALE,70.67156046
90E2E48WHOSIS_000001,WHOSIS_000001,90E2E48,WHOSIS_000001,2020,YEAR,104,COUNTRY,PUBLISHED,Life expectancy (at birth),Myanmar,MALE,65.65323051
90E2E48WHOSIS_000001,WHOSIS_000001,90E2E48,WHOSIS_000001,2012,YEAR,124,COUNTRY,PUBLISHED,Life expectancy (at birth),Canada,FEMALE,83.39325444
90E2E48WHOSIS_000001,WHOSIS_000001,90E2E48,WHOSIS_000001,2012,YEAR,144,COUNTRY,PUBLISHED,Life expectancy (at birth),Sri Lanka,FEMALE,78.99675507
90E2E48WHOSIS_000001,WHOSIS_000001,90E2E48,WHOSIS_000001,2011,YEAR,682,COUNTRY,PUBLISHED,Life expectancy (at birth),Saudi Arabia,FEMALE,77.47998737
90E2E48WHOSIS_000001,WHOSIS_000001,90E2E48,WHOSIS_000001,2011,YEAR,764,COUNTRY,PUBLISHED,Life expectancy (at birth),Thailand,FEMALE,79.01802243
90E2E48WHOSIS_000001,WHOSIS_000001,90E2E48,WHOSIS_000001,2011,YEAR,702,COUNTRY,PUBLISHED,Life expectancy (at birth),Singapore,FEMALE,84.0883178
90E2E48WHOSIS_000001,WHOSIS_000001,90E2E48,WHOSIS_000001,2003,YEAR,48,COUNTRY,PUBLISHED,Life expectancy (at birth),Bahrain,TOTAL,70.65076259
90E2E48WHOSIS_000001,WHOSIS_000001,90E2E48,WHOSIS_000001,2003,YEAR,50,COUNTRY,PUBLISHED,Life expectancy (at birth),Bangladesh,TOTAL,66.7835174
90E2E48WHOSIS_000001,WHOSIS_000001,90E2E48,WHOSIS_000001,2003,YEAR,56,COUNTRY,PUBLISHED,Life expectancy (at birth),Belgium,TOTAL,78.11449295
90E2E48WHOSIS_000001,WHOSIS_000001,90E2E48,WHOSIS_000001,2003,YEAR,76,COUNTRY,PUBLISHED,Life expectancy (at birth),Brazil,TOTAL,72.30491342
90E2E48WHOSIS_000001,WHOSIS_000001,90E2E48,WHOSIS_000001,2019,YEAR,276,COUNTRY,PUBLISHED,Life expectancy (at birth),Germany,FEMALE,83.186281
90E2E48WHOSIS_000001,WHOSIS_000001,90E2E48,WHOSIS_000001,2008,YEAR,414,COUNTRY,PUBLISHED,Life expectancy (at birth),Kuwait,FEMALE,81.124831
90E2E48WHOSIS_000001,WHOSIS_000001,90E2E48,WHOSIS_000001,2019,YEAR,496,COUNTRY,PUBLISHED,Life expectancy (at birth),Mongolia,FEMALE,75.46643608
90E2E48WHOSIS_000001,WHOSIS_000001,90E2E48,WHOSIS_000001,2011,YEAR,716,COUNTRY,PUBLISHED,Life expectancy (at birth),Zimbabwe,FEMALE,55.19012957
90E2E48WHOSIS_000001,WHOSIS_000001,90E2E48,WHOSIS_000001,2011,YEAR,724,COUNTRY,PUBLISHED,Life expectancy (at birth),Spain,FEMALE,84.62137659
90E2E48WHOSIS_000001,WHOSIS_000001,90E2E48,WHOSIS_000001,2011,YEAR,706,COUNTRY,PUBLISHED,Life expectancy (at birth),Somalia,FEMALE,46.29818315
90E2E48WHOSIS_000001,WHOSIS_000001,90E2E48,WHOSIS_000001,2011,YEAR,710,COUNTRY,PUBLISHED,Life expectancy (at birth),South Africa,FEMALE,61.3639295
90E2E48WHOSIS_000001,WHOSIS_000001,90E2E48,WHOSIS_000001,2011,YEAR,752,COUNTRY,PUBLISHED,Life expectancy (at birth),Sweden,FEMALE,83.32250019
90E2E48WHOSIS_000001,WHOSIS_000001,90E2E48,WHOSIS_000001,2011,YEAR,756,COUNTRY,PUBLISHED,Life expectancy (at birth),Switzerland,FEMALE,84.36375175
90E2E48WHOSIS_000001,WHOSIS_000001,90E2E48,WHOSIS_000001,2003,YEAR,616,COUNTRY,PUBLISHED,Life expectancy (at birth),Poland,TOTAL,74.54799786
90E2E48WHOSIS_000001,WHOSIS_000001,90E2E48,WHOSIS_000001,2003,YEAR,642,COUNTRY,PUBLISHED,Life expectancy (at birth),Romania,TOTAL,71.23111832
90E2E48WHOSIS_000001,WHOSIS_000001,90E2E48,WHOSIS_000001,2003,YEAR,643,COUNTRY,PUBLISHED,Life expectancy (at birth),Russian Federation,TOTAL,64.72303979
90E2E48WHOSIS_000001,WHOSIS_000001,90E2E48,WHOSIS_000001,2003,YEAR,620,COUNTRY,PUBLISHED,Life expectancy (at birth),Portugal,TOTAL,77.31485554
90E2E48WHOSIS_000001,WHOSIS_000001,90E2E48,WHOSIS_000001,2007,YEAR,300,COUNTRY,PUBLISHED,Life expectancy (at birth),Greece,TOTAL,79.45113677
90E2E48WHOSIS_000001,WHOSIS_000001,90E2E48,WHOSIS_000001,2007,YEAR,308,COUNTRY,PUBLISHED,Life expectancy (at birth),Grenada,TOTAL,71.03136798
90E2E48WHOSIS_000001,WHOSIS_000001,90E2E48,WHOSIS_000001,2003,YEAR,634,COUNTRY,PUBLISHED,Life expectancy (at birth),Qatar,TOTAL,70.55987989
90E2E48WHOSIS_000001,WHOSIS_000001,90E2E48,WHOSIS_000001,2007,YEAR,410,COUNTRY,PUBLISHED,Life expectancy (at birth),Republic of Korea,TOTAL,79.37954426
90E2E48WHOSIS_000001,WHOSIS_000001,90E2E48,WHOSIS_000001,2007,YEAR,400,COUNTRY,PUBLISHED,Life expectancy (at birth),Jordan,TOTAL,74.97453582
90E2E48WHOSIS_000001,WHOSIS_000001,90E2E48,WHOSIS_000001,2020,YEAR,554,COUNTRY,PUBLISHED,Life expectancy (at birth),New Zealand,MALE,80.69927761
90E2E48WHOSIS_000001,WHOSIS_000001,90E2E48,WHOSIS_000001,2020,YEAR,512,COUNTRY,PUBLISHED,Life expectancy (at birth),Oman,MALE,72.03758377
90E2E48WHOSIS_000001,WHOSIS_000001,90E2E48,WHOSIS_000001,2020,YEAR,524,COUNTRY,PUBLISHED,Life expectancy (at birth),Nepal,MALE,68.98308899
90E2E48WHOSIS_000001,WHOSIS_000001,90E2E48,WHOSIS_000001,2012,YEAR,643,COUNTRY,PUBLISHED,Life expectancy (at birth),Russian Federation,FEMALE,75.82554357
90E2E48WHOSIS_000001,WHOSIS_000001,90E2E48,WHOSIS_000001,2012,YEAR,634,COUNTRY,PUBLISHED,Life expectancy (at birth),Qatar,FEMALE,77.26201982
90E2E48WHOSIS_000001,WHOSIS_000001,90E2E48,WHOSIS_000001,2012,YEAR,642,COUNTRY,PUBLISHED,Life expectancy (at birth),Romania,FEMALE,77.92045278
90E2E48WHOSIS_000001,WHOSIS_000001,90E2E48,WHOSIS_000001,2013,YEAR,300,COUNTRY,PUBLISHED,Life expectancy (at birth),Greece,FEMALE,83.06352264
90E2E48WHOSIS_000001,WHOSIS_000001,90E2E48,WHOSIS_000001,2013,YEAR,308,COUNTRY,PUBLISHED,Life expectancy (at birth),Grenada,FEMALE,75.58779114
90E2E48WHOSIS_000001,WHOSIS_000001,90E2E48,WHOSIS_000001,2013,YEAR,268,COUNTRY,PUBLISHED,Life expectancy (at birth),Georgia,FEMALE,76.93113234
90E2E48WHOSIS_000001,WHOSIS_000001,90E2E48,WHOSIS_000001,2008,YEAR,246,COUNTRY,PUBLISHED,Life expectancy (at birth),Finland,MALE,76.34456527
90E2E48WHOSIS_000001,WHOSIS_000001,90E2E48,WHOSIS_000001,2008,YEAR,250,COUNTRY,PUBLISHED,Life expectancy (at birth),France,MALE,77.59900942
90E2E48WHOSIS_000001,WHOSIS_000001,90E2E48,WHOSIS_000001,2008,YEAR,268,COUNTRY,PUBLISHED,Life expectancy (at birth),Georgia,MALE,66.62386119
90E2E48WHOSIS_000001,WHOSIS_000001,90E2E48,WHOSIS_000001,2008,YEAR,276,COUNTRY,PUBLISHED,Life expectancy (at birth),Germany,MALE,77.40901519
90E2E48WHOSIS_000001,WHOSIS_000001,90E2E48,WHOSIS_000001,2007,YEAR,404,COUNTRY,PUBLISHED,Life expectancy (at birth),Kenya,TOTAL,58.55063756
90E2E48WHOSIS_000001,WHOSIS_000001,90E2E48,WHOSIS_000001,2007,YEAR,414,COUNTRY,PUBLISHED,Life expectancy (at birth),Kuwait,TOTAL,79.05909554
90E2E48WHOSIS_000001,WHOSIS_000001,90E2E48,WHOSIS_000001,2007,YEAR,434,COUNTRY,PUBLISHED,Life expectancy (at birth),Libya,TOTAL,74.50020642
90E2E48WHOSIS_000001,WHOSIS_000001,90E2E48,WHOSIS_000001,2013,YEAR,276,COUNTRY,PUBLISHED,Life expectancy (at birth),Germany,FEMALE,82.5916755
90E2E48WHOSIS_000001,WHOSIS_000001,90E2E48,WHOSIS_000001,2014,YEAR,356,COUNTRY,PUBLISHED,Life expectancy (at birth),India,FEMALE,70.63601437
90E2E48WHOSIS_000001,WHOSIS_000001,90E2E48,WHOSIS_000001,2014,YEAR,360,COUNTRY,PUBLISHED,Life expectancy (at birth),Indonesia,FEMALE,72.06712845
90E2E48WHOSIS_000001,WHOSIS_000001,90E2E48,WHOSIS_000001,2014,YEAR,364,COUNTRY,PUBLISHED,Life expectancy (at birth),Iran (Islamic Republic of),FEMALE,78.9984968
90E2E48WHOSIS_000001,WHOSIS_000001,90E2E48,WHOSIS_000001,2014,YEAR,368,COUNTRY,PUBLISHED,Life expectancy (at birth),Iraq,FEMALE,74.07144384
90E2E48WHOSIS_000001,WHOSIS_000001,90E2E48,WHOSIS_000001,2013,YEAR,352,COUNTRY,PUBLISHED,Life expectancy (at birth),Iceland,FEMALE,83.51990847
90E2E48WHOSIS_000001,WHOSIS_000001,90E2E48,WHOSIS_000001,2013,YEAR,356,COUNTRY,PUBLISHED,Life expectancy (at birth),India,FEMALE,70.19604684
90E2E48WHOSIS_000001,WHOSIS_000001,90E2E48,WHOSIS_000001,2016,YEAR,887,COUNTRY,PUBLISHED,Life expectancy (at birth),Yemen,FEMALE,70.275108
90E2E48WHOSIS_000001,WHOSIS_000001,90E2E48,WHOSIS_000001,2014,YEAR,380,COUNTRY,PUBLISHED,Life expectancy (at birth),Italy,FEMALE,84.75157492
90E2E48WHOSIS_000001,WHOSIS_000001,90E2E48,WHOSIS_000001,2008,YEAR,300,COUNTRY,PUBLISHED,Life expectancy (at birth),Greece,MALE,77.52392361
90E2E48WHOSIS_000001,WHOSIS_000001,90E2E48,WHOSIS_000001,2008,YEAR,308,COUNTRY,PUBLISHED,Life expectancy (at birth),Grenada,MALE,67.93946037
90E2E48WHOSIS_000001,WHOSIS_000001,90E2E48,WHOSIS_000001,2008,YEAR,352,COUNTRY,PUBLISHED,Life expectancy (at birth),Iceland,MALE,79.58166295
90E2E48WHOSIS_000001,WHOSIS_000001,90E2E48,WHOSIS_000001,2008,YEAR,356,COUNTRY,PUBLISHED,Life expectancy (at birth),India,MALE,64.87734169
90E2E48WHOSIS_000001,WHOSIS_000001,90E2E48,WHOSIS_000001,2008,YEAR,360,COUNTRY,PUBLISHED,Life expectancy (at birth),Indonesia,MALE,67.23307414
90E2E48WHOSIS_000001,WHOSIS_000001,90E2E48,WHOSIS_000001,2008,YEAR,364,COUNTRY,PUBLISHED,Life expectancy (at birth),Iran (Islamic Republic of),MALE,73.94795392
90E2E48WHOSIS_000001,WHOSIS_000001,90E2E48,WHOSIS_000001,2008,YEAR,368,COUNTRY,PUBLISHED,Life expectancy (at birth),Iraq,MALE,66.61183532
90E2E48WHOSIS_000001,WHOSIS_000001,90E2E48,WHOSIS_000001,2008,YEAR,372,COUNTRY,PUBLISHED,Life expectancy (at birth),Ireland,MALE,77.36508269
90E2E48WHOSIS_000001,WHOSIS_000001,90E2E48,WHOSIS_000001,2019,YEAR,604,COUNTRY,PUBLISHED,Life expectancy (at birth),Peru,MALE,76.68951891
90E2E48WHOSIS_000001,WHOSIS_000001,90E2E48,WHOSIS_000001,2019,YEAR,608,COUNTRY,PUBLISHED,Life expectancy (at birth),Philippines,MALE,66.04864352
90E2E48WHOSIS_000001,WHOSIS_000001,90E2E48,WHOSIS_000001,2019,YEAR,616,COUNTRY,PUBLISHED,Life expectancy (at birth),Poland,MALE,73.94224118
90E2E48WHOSIS_000001,WHOSIS_000001,90E2E48,WHOSIS_000001,2019,YEAR,620,COUNTRY,PUBLISHED,Life expectancy (at birth),Portugal,MALE,78.37896875
90E2E48WHOSIS_000001,WHOSIS_000001,90E2E48,WHOSIS_000001,2008,YEAR,710,COUNTRY,PUBLISHED,Life expectancy (at birth),South Africa,FEMALE,55.62904485
90E2E48WHOSIS_000001,WHOSIS_000001,90E2E48,WHOSIS_000001,2008,YEAR,716,COUNTRY,PUBLISHED,Life expectancy (at birth),Zimbabwe,FEMALE,49.09050718
90E2E48WHOSIS_000001,WHOSIS_000001,90E2E48,WHOSIS_000001,2008,YEAR,724,COUNTRY,PUBLISHED,Life expectancy (at birth),Spain,FEMALE,83.94748871
90E2E48WHOSIS_000001,WHOSIS_000001,90E2E48,WHOSIS_000001,2019,YEAR,480,COUNTRY,PUBLISHED,Life expectancy (at birth),Mauritius,FEMALE,77.42885789
90E2E48WHOSIS_000001,WHOSIS_000001,90E2E48,WHOSIS_000001,2019,YEAR,484,COUNTRY,PUBLISHED,Life expectancy (at birth),Mexico,FEMALE,78.89055151
90E2E48WHOSIS_000001,WHOSIS_000001,90E2E48,WHOSIS_000001,2008,YEAR,706,COUNTRY,PUBLISHED,Life expectancy (at birth),Somalia,FEMALE,52.79262503
90E2E48WHOSIS_000001,WHOSIS_000001,90E2E48,WHOSIS_000001,2008,YEAR,756,COUNTRY,PUBLISHED,Life expectancy (at birth),Switzerland,FEMALE,83.97101918
90E2E48WHOSIS_000001,WHOSIS_000001,90E2E48,WHOSIS_000001,2008,YEAR,764,COUNTRY,PUBLISHED,Life expectancy (at birth),Thailand,FEMALE,77.70969672
90E2E48WHOSIS_000001,WHOSIS_000001,90E2E48,WHOSIS_000001,2019,YEAR,634,COUNTRY,PUBLISHED,Life expectancy (at birth),Qatar,MALE,78.489898
90E2E48WHOSIS_000001,WHOSIS_000001,90E2E48,WHOSIS_000001,2019,YEAR,642,COUNTRY,PUBLISHED,Life expectancy (at birth),Romania,MALE,71.77610691
90E2E48WHOSIS_000001,WHOSIS_000001,90E2E48,WHOSIS_000001,2019,YEAR,682,COUNTRY,PUBLISHED,Life expectancy (at birth),Saudi Arabia,MALE,76.45406338
90E2E48WHOSIS_000001,WHOSIS_000001,90E2E48,WHOSIS_000001,2019,YEAR,643,COUNTRY,PUBLISHED,Life expectancy (at birth),Russian Federation,MALE,68.16534912
90E2E48WHOSIS_000001,WHOSIS_000001,90E2E48,WHOSIS_000001,2009,YEAR,480,COUNTRY,PUBLISHED,Life expectancy (at birth),Mauritius,TOTAL,73.10056755
90E2E48WHOSIS_000001,WHOSIS_000001,90E2E48,WHOSIS_000001,2009,YEAR,524,COUNTRY,PUBLISHED,Life expectancy (at birth),Nepal,TOTAL,69.26898964
90E2E48WHOSIS_000001,WHOSIS_000001,90E2E48,WHOSIS_000001,2009,YEAR,484,COUNTRY,PUBLISHED,Life expectancy (at birth),Mexico,TOTAL,75.14215277
90E2E48WHOSIS_000001,WHOSIS_000001,90E2E48,WHOSIS_000001,2009,YEAR,496,COUNTRY,PUBLISHED,Life expectancy (at birth),Mongolia,TOTAL,66.92759176
90E2E48WHOSIS_000001,WHOSIS_000001,90E2E48,WHOSIS_000001,2009,YEAR,434,COUNTRY,PUBLISHED,Life expectancy (at birth),Libya,TOTAL,74.13441802
90E2E48WHOSIS_000001,WHOSIS_000001,90E2E48,WHOSIS_000001,2009,YEAR,512,COUNTRY,PUBLISHED,Life expectancy (at birth),Oman,TOTAL,73.06401823
90E2E48WHOSIS_000001,WHOSIS_000001,90E2E48,WHOSIS_000001,2010,YEAR,124,COUNTRY,PUBLISHED,Life expectancy (at birth),Canada,TOTAL,81.14359407
90E2E48WHOSIS_000001,WHOSIS_000001,90E2E48,WHOSIS_000001,2016,YEAR,953,WHOREGION,PUBLISHED,Life expectancy (at birth),Africa,FEMALE,64.83970048
90E2E48WHOSIS_000001,WHOSIS_000001,90E2E48,WHOSIS_000001,2014,YEAR,388,COUNTRY,PUBLISHED,Life expectancy (at birth),Jamaica,FEMALE,75.11903731
90E2E48WHOSIS_000001,WHOSIS_000001,90E2E48,WHOSIS_000001,2014,YEAR,392,COUNTRY,PUBLISHED,Life expectancy (at birth),Japan,FEMALE,86.63316845
90E2E48WHOSIS_000001,WHOSIS_000001,90E2E48,WHOSIS_000001,2014,YEAR,372,COUNTRY,PUBLISHED,Life expectancy (at birth),Ireland,FEMALE,82.94811582
90E2E48WHOSIS_000001,WHOSIS_000001,90E2E48,WHOSIS_000001,2014,YEAR,376,COUNTRY,PUBLISHED,Life expectancy (at birth),Israel,FEMALE,83.57399712
90E2E48WHOSIS_000001,WHOSIS_000001,90E2E48,WHOSIS_000001,2014,YEAR,398,COUNTRY,PUBLISHED,Life expectancy (at birth),Kazakhstan,FEMALE,75.77800584
90E2E48WHOSIS_000001,WHOSIS_000001,90E2E48,WHOSIS_000001,2016,YEAR,894,COUNTRY,PUBLISHED,Life expectancy (at birth),Zambia,FEMALE,63.06616028
90E2E48WHOSIS_000001,WHOSIS_000001,90E2E48,WHOSIS_000001,2019,YEAR,702,COUNTRY,PUBLISHED,Life expectancy (at birth),Singapore,MALE,81.81366361
90E2E48WHOSIS_000001,WHOSIS_000001,90E2E48,WHOSIS_000001,2019,YEAR,710,COUNTRY,PUBLISHED,Life expectancy (at birth),South Africa,MALE,62.49607452
90E2E48WHOSIS_000001,WHOSIS_000001,90E2E48,WHOSIS_000001,2019,YEAR,716,COUNTRY,PUBLISHED,Life expectancy (at birth),Zimbabwe,MALE,56.89891029
90E2E48WHOSIS_000001,WHOSIS_000001,90E2E48,WHOSIS_000001,2019,YEAR,724,COUNTRY,PUBLISHED,Life expectancy (at birth),Spain,MALE,80.53744655
90E2E48WHOSIS_000001,WHOSIS_000001,90E2E48,WHOSIS_000001,2020,YEAR,124,COUNTRY,PUBLISHED,Life expectancy (at birth),Canada,MALE,79.27704872
90E2E48WHOSIS_000001,WHOSIS_000001,90E2E48,WHOSIS_000001,2019,YEAR,706,COUNTRY,PUBLISHED,Life expectancy (at birth),Somalia,MALE,52.8661225
90E2E48WHOSIS_000001,WHOSIS_000001,90E2E48,WHOSIS_000001,2020,YEAR,144,COUNTRY,PUBLISHED,Life expectancy (at birth),Sri Lanka,MALE,77.81550213
90E2E48WHOSIS_000001,WHOSIS_000001,90E2E48,WHOSIS_000001,2020,YEAR,156,COUNTRY,PUBLISHED,Life expectancy (at birth),China,MALE,74.59270397
90E2E48WHOSIS_000001,WHOSIS_000001,90E2E48,WHOSIS_000001,2010,YEAR,144,COUNTRY,PUBLISHED,Life expectancy (at birth),Sri Lanka,TOTAL,74.13617419
90E2E48WHOSIS_000001,WHOSIS_000001,90E2E48,WHOSIS_000001,2010,YEAR,104,COUNTRY,PUBLISHED,Life expectancy (at birth),Myanmar,TOTAL,64.64371806
90E2E48WHOSIS_000001,WHOSIS_000001,90E2E48,WHOSIS_000001,2010,YEAR,512,COUNTRY,PUBLISHED,Life expectancy (at birth),Oman,TOTAL,73.02000136
90E2E48WHOSIS_000001,WHOSIS_000001,90E2E48,WHOSIS_000001,2010,YEAR,156,COUNTRY,PUBLISHED,Life expectancy (at birth),China,TOTAL,74.65168239
90E2E48WHOSIS_000001,WHOSIS_000001,90E2E48,WHOSIS_000001,2010,YEAR,170,COUNTRY,PUBLISHED,Life expectancy (at birth),Colombia,TOTAL,75.96054748
90E2E48WHOSIS_000001,WHOSIS_000001,90E2E48,WHOSIS_000001,2017,YEAR,578,COUNTRY,PUBLISHED,Life expectancy (at birth),Norway,FEMALE,83.85319773
90E2E48WHOSIS_000001,WHOSIS_000001,90E2E48,WHOSIS_000001,2008,YEAR,954,WHOREGION,PUBLISHED,Life expectancy (at birth),Americas,FEMALE,78.69613614
90E2E48WHOSIS_000001,WHOSIS_000001,90E2E48,WHOSIS_000001,2016,YEAR,955,WHOREGION,PUBLISHED,Life expectancy (at birth),South-East Asia,FEMALE,72.2442062
90E2E48WHOSIS_000001,WHOSIS_000001,90E2E48,WHOSIS_000001,2016,YEAR,956,WHOREGION,PUBLISHED,Life expectancy (at birth),Europe,FEMALE,80.54037185
90E2E48WHOSIS_000001,WHOSIS_000001,90E2E48,WHOSIS_000001,2017,YEAR,554,COUNTRY,PUBLISHED,Life expectancy (at birth),New Zealand,FEMALE,82.81933037
90E2E48WHOSIS_000001,WHOSIS_000001,90E2E48,WHOSIS_000001,2017,YEAR,620,COUNTRY,PUBLISHED,Life expectancy (at birth),Portugal,FEMALE,83.97663525
90E2E48WHOSIS_000001,WHOSIS_000001,90E2E48,WHOSIS_000001,2017,YEAR,586,COUNTRY,PUBLISHED,Life expectancy (at birth),Pakistan,FEMALE,67.16437322
90E2E48WHOSIS_000001,WHOSIS_000001,90E2E48,WHOSIS_000001,2020,YEAR,170,COUNTRY,PUBLISHED,Life expectancy (at birth),Colombia,MALE,73.17844113
90E2E48WHOSIS_000001,WHOSIS_000001,90E2E48,WHOSIS_000001,2020,YEAR,192,COUNTRY,PUBLISHED,Life expectancy (at birth),Cuba,MALE,75.25970676
90E2E48WHOSIS_000001,WHOSIS_000001,90E2E48,WHOSIS_000001,2009,YEAR,76,COUNTRY,PUBLISHED,Life expectancy (at birth),Brazil,MALE,70.42435027
90E2E48WHOSIS_000001,WHOSIS_000001,90E2E48,WHOSIS_000001,2010,YEAR,524,COUNTRY,PUBLISHED,Life expectancy (at birth),Nepal,TOTAL,69.47191971
90E2E48WHOSIS_000001,WHOSIS_000001,90E2E48,WHOSIS_000001,2010,YEAR,586,COUNTRY,PUBLISHED,Life expectancy (at birth),Pakistan,TOTAL,64.14819561
90E2E48WHOSIS_000001,WHOSIS_000001,90E2E48,WHOSIS_000001,2010,YEAR,554,COUNTRY,PUBLISHED,Life expectancy (at birth),New Zealand,TOTAL,80.9444522
90E2E48WHOSIS_000001,WHOSIS_000001,90E2E48,WHOSIS_000001,2008,YEAR,752,COUNTRY,PUBLISHED,Life expectancy (at birth),Sweden,FEMALE,82.81444963
90E2E48WHOSIS_000001,WHOSIS_000001,90E2E48,WHOSIS_000001,2008,YEAR,784,COUNTRY,PUBLISHED,Life expectancy (at birth),United Arab Emirates,FEMALE,81.35353886
90E2E48WHOSIS_000001,WHOSIS_000001,90E2E48,WHOSIS_000001,2008,YEAR,840,COUNTRY,PUBLISHED,Life expectancy (at birth),United States of America,FEMALE,80.28372415
90E2E48WHOSIS_000001,WHOSIS_000001,90E2E48,WHOSIS_000001,2010,YEAR,578,COUNTRY,PUBLISHED,Life expectancy (at birth),Norway,TOTAL,80.86687696
90E2E48WHOSIS_000001,WHOSIS_000001,90E2E48,WHOSIS_000001,2010,YEAR,48,COUNTRY,PUBLISHED,Life expectancy (at birth),Bahrain,TOTAL,73.86198294
90E2E48WHOSIS_000001,WHOSIS_000001,90E2E48,WHOSIS_000001,2010,YEAR,50,COUNTRY,PUBLISHED,Life expectancy (at birth),Bangladesh,TOTAL,70.06425679
90E2E48WHOSIS_000001,WHOSIS_000001,90E2E48,WHOSIS_000001,2010,YEAR,818,COUNTRY,PUBLISHED,Life expectancy (at birth),Egypt,TOTAL,69.83444177
90E2E48WHOSIS_000001,WHOSIS_000001,90E2E48,WHOSIS_000001,2010,YEAR,32,COUNTRY,PUBLISHED,Life expectancy (at birth),Argentina,TOTAL,75.76938267
90E2E48WHOSIS_000001,WHOSIS_000001,90E2E48,WHOSIS_000001,2010,YEAR,36,COUNTRY,PUBLISHED,Life expectancy (at birth),Australia,TOTAL,81.91408232
90E2E48WHOSIS_000001,WHOSIS_000001,90E2E48,WHOSIS_000001,2010,YEAR,56,COUNTRY,PUBLISHED,Life expectancy (at birth),Belgium,TOTAL,79.84805119
90E2E48WHOSIS_000001,WHOSIS_000001,90E2E48,WHOSIS_000001,2010,YEAR,76,COUNTRY,PUBLISHED,Life expectancy (at birth),Brazil,TOTAL,73.92337469
90E2E48WHOSIS_000001,WHOSIS_000001,90E2E48,WHOSIS_000001,2021,YEAR,480,COUNTRY,PUBLISHED,Life expectancy (at birth),Mauritius,MALE,70.13596527
90E2E48WHOSIS_000001,WHOSIS_000001,90E2E48,WHOSIS_000001,2021,YEAR,484,COUNTRY,PUBLISHED,Life expectancy (at birth),Mexico,MALE,67.20090462
90E2E48WHOSIS_000001,WHOSIS_000001,90E2E48,WHOSIS_000001,2009,YEAR,104,COUNTRY,PUBLISHED,Life expectancy (at birth),Myanmar,MALE,61.18026813
90E2E48WHOSIS_000001,WHOSIS_000001,90E2E48,WHOSIS_000001,2009,YEAR,124,COUNTRY,PUBLISHED,Life expectancy (at birth),Canada,MALE,78.74056809
90E2E48WHOSIS_000001,WHOSIS_000001,90E2E48,WHOSIS_000001,2021,YEAR,496,COUNTRY,PUBLISHED,Life expectancy (at birth),Mongolia,MALE,66.41682728
90E2E48WHOSIS_000001,WHOSIS_000001,90E2E48,WHOSIS_000001,2017,YEAR,643,COUNTRY,PUBLISHED,Life expectancy (at birth),Russian Federation,FEMALE,77.45199171
90E2E48WHOSIS_000001,WHOSIS_000001,90E2E48,WHOSIS_000001,2017,YEAR,604,COUNTRY,PUBLISHED,Life expectancy (at birth),Peru,FEMALE,80.84317963
90E2E48WHOSIS_000001,WHOSIS_000001,90E2E48,WHOSIS_000001,2017,YEAR,608,COUNTRY,PUBLISHED,Life expectancy (at birth),Philippines,FEMALE,73.74103151
90E2E48WHOSIS_000001,WHOSIS_000001,90E2E48,WHOSIS_000001,2017,YEAR,616,COUNTRY,PUBLISHED,Life expectancy (at birth),Poland,FEMALE,81.35287756
90E2E48WHOSIS_000001,WHOSIS_000001,90E2E48,WHOSIS_000001,2017,YEAR,634,COUNTRY,PUBLISHED,Life expectancy (at birth),Qatar,FEMALE,79.44443214
90E2E48WHOSIS_000001,WHOSIS_000001,90E2E48,WHOSIS_000001,2017,YEAR,642,COUNTRY,PUBLISHED,Life expectancy (at birth),Romania,FEMALE,78.76755562
90E2E48WHOSIS_000001,WHOSIS_000001,90E2E48,WHOSIS_000001,2010,YEAR,434,COUNTRY,PUBLISHED,Life expectancy (at birth),Libya,TOTAL,74.11333
90E2E48WHOSIS_000001,WHOSIS_000001,90E2E48,WHOSIS_000001,2009,YEAR,955,WHOREGION,PUBLISHED,Life expectancy (at birth),South-East Asia,TOTAL,67.80764711
90E2E48WHOSIS_000001,WHOSIS_000001,90E2E48,WHOSIS_000001,2009,YEAR,956,WHOREGION,PUBLISHED,Life expectancy (at birth),Europe,TOTAL,75.31619825
90E2E48WHOSIS_000001,WHOSIS_000001,90E2E48,WHOSIS_000001,2021,YEAR,512,COUNTRY,PUBLISHED,Life expectancy (at birth),Oman,MALE,70.89524564
90E2E48WHOSIS_000001,WHOSIS_000001,90E2E48,WHOSIS_000001,2021,YEAR,524,COUNTRY,PUBLISHED,Life expectancy (at birth),Nepal,MALE,68.26540804
90E2E48WHOSIS_000001,WHOSIS_000001,90E2E48,WHOSIS_000001,2009,YEAR,554,COUNTRY,PUBLISHED,Life expectancy (at birth),New Zealand,MALE,78.73699342
90E2E48WHOSIS_000001,WHOSIS_000001,90E2E48,WHOSIS_000001,2018,YEAR,32,COUNTRY,PUBLISHED,Life expectancy (at birth),Argentina,FEMALE,79.93036329
90E2E48WHOSIS_000001,WHOSIS_000001,90E2E48,WHOSIS_000001,2017,YEAR,956,WHOREGION,PUBLISHED,Life expectancy (at birth),Europe,FEMALE,80.71166296
90E2E48WHOSIS_000001,WHOSIS_000001,90E2E48,WHOSIS_000001,2018,YEAR,4,COUNTRY,PUBLISHED,Life expectancy (at birth),Afghanistan,FEMALE,62.13596497
90E2E48WHOSIS_000001,WHOSIS_000001,90E2E48,WHOSIS_000001,2018,YEAR,36,COUNTRY,PUBLISHED,Life expectancy (at birth),Australia,FEMALE,84.8774952
90E2E48WHOSIS_000001,WHOSIS_000001,90E2E48,WHOSIS_000001,2010,YEAR,4,COUNTRY,PUBLISHED,Life expectancy (at birth),Afghanistan,TOTAL,59.00377167
90E2E48WHOSIS_000001,WHOSIS_000001,90E2E48,WHOSIS_000001,2009,YEAR,818,COUNTRY,PUBLISHED,Life expectancy (at birth),Egypt,TOTAL,69.78931749
90E2E48WHOSIS_000001,WHOSIS_000001,90E2E48,WHOSIS_000001,2010,YEAR,246,COUNTRY,PUBLISHED,Life expectancy (at birth),Finland,TOTAL,79.86591036
90E2E48WHOSIS_000001,WHOSIS_000001,90E2E48,WHOSIS_000001,2010,YEAR,250,COUNTRY,PUBLISHED,Life expectancy (at birth),France,TOTAL,81.2215994
90E2E48WHOSIS_000001,WHOSIS_000001,90E2E48,WHOSIS_000001,2009,YEAR,840,COUNTRY,PUBLISHED,Life expectancy (at birth),United States of America,TOTAL,78.42393798
90E2E48WHOSIS_000001,WHOSIS_000001,90E2E48,WHOSIS_000001,2010,YEAR,192,COUNTRY,PUBLISHED,Life expectancy (at birth),Cuba,MALE,75.84191348
90E2E48WHOSIS_000001,WHOSIS_000001,90E2E48,WHOSIS_000001,2020,YEAR,634,COUNTRY,PUBLISHED,Life expectancy (at birth),Qatar,FEMALE,78.77670576
90E2E48WHOSIS_000001,WHOSIS_000001,90E2E48,WHOSIS_000001,2020,YEAR,642,COUNTRY,PUBLISHED,Life expectancy (at birth),Romania,FEMALE,78.08633272
90E2E48WHOSIS_000001,WHOSIS_000001,90E2E48,WHOSIS_000001,2008,YEAR,818,COUNTRY,PUBLISHED,Life expectancy (at birth),Egypt,FEMALE,72.50761759
90E2E48WHOSIS_000001,WHOSIS_000001,90E2E48,WHOSIS_000001,2020,YEAR,620,COUNTRY,PUBLISHED,Life expectancy (at birth),Portugal,FEMALE,83.6414252
90E2E48WHOSIS_000001,WHOSIS_000001,90E2E48,WHOSIS_000001,2020,YEAR,702,COUNTRY,PUBLISHED,Life expectancy (at birth),Singapore,FEMALE,86.32927029
90E2E48WHOSIS_000001,WHOSIS_000001,90E2E48,WHOSIS_000001,2020,YEAR,682,COUNTRY,PUBLISHED,Life expectancy (at birth),Saudi Arabia,FEMALE,77.92078278
90E2E48WHOSIS_000001,WHOSIS_000001,90E2E48,WHOSIS_000001,2010,YEAR,953,WHOREGION,PUBLISHED,Life expectancy (at birth),Africa,MALE,57.9598559
90E2E48WHOSIS_000001,WHOSIS_000001,90E2E48,WHOSIS_000001,2008,YEAR,954,WHOREGION,PUBLISHED,Life expectancy (at birth),Americas,TOTAL,75.93790985
90E2E48WHOSIS_000001,WHOSIS_000001,90E2E48,WHOSIS_000001,2010,YEAR,887,COUNTRY,PUBLISHED,Life expectancy (at birth),Yemen,MALE,66.24109876
90E2E48WHOSIS_000001,WHOSIS_000001,90E2E48,WHOSIS_000001,2010,YEAR,894,COUNTRY,PUBLISHED,Life expectancy (at birth),Zambia,MALE,55.1059118
90E2E48WHOSIS_000001,WHOSIS_000001,90E2E48,WHOSIS_000001,2010,YEAR,955,WHOREGION,PUBLISHED,Life expectancy (at birth),South-East Asia,MALE,66.38409384
90E2E48WHOSIS_000001,WHOSIS_000001,90E2E48,WHOSIS_000001,2009,YEAR,702,COUNTRY,PUBLISHED,Life expectancy (at birth),Singapore,TOTAL,81.58275269
90E2E48WHOSIS_000001,WHOSIS_000001,90E2E48,WHOSIS_000001,2009,YEAR,706,COUNTRY,PUBLISHED,Life expectancy (at birth),Somalia,TOTAL,50.66979598
90E2E48WHOSIS_000001,WHOSIS_000001,90E2E48,WHOSIS_000001,2009,YEAR,752,COUNTRY,PUBLISHED,Life expectancy (at birth),Sweden,TOTAL,81.1481904
90E2E48WHOSIS_000001,WHOSIS_000001,90E2E48,WHOSIS_000001,2009,YEAR,756,COUNTRY,PUBLISHED,Life expectancy (at birth),Switzerland,TOTAL,81.89043047
90E2E48WHOSIS_000001,WHOSIS_000001,90E2E48,WHOSIS_000001,2009,YEAR,710,COUNTRY,PUBLISHED,Life expectancy (at birth),South Africa,TOTAL,55.26976416
90E2E48WHOSIS_000001,WHOSIS_000001,90E2E48,WHOSIS_000001,2009,YEAR,716,COUNTRY,PUBLISHED,Life expectancy (at birth),Zimbabwe,TOTAL,49.66000005
90E2E48WHOSIS_000001,WHOSIS_000001,90E2E48,WHOSIS_000001,2009,YEAR,724,COUNTRY,PUBLISHED,Life expectancy (at birth),Spain,TOTAL,81.32919045
90E2E48WHOSIS_000001,WHOSIS_000001,90E2E48,WHOSIS_000001,2018,YEAR,48,COUNTRY,PUBLISHED,Life expectancy (at birth),Bahrain,FEMALE,77.03479666
90E2E48WHOSIS_000001,WHOSIS_000001,90E2E48,WHOSIS_000001,2018,YEAR,50,COUNTRY,PUBLISHED,Life expectancy (at birth),Bangladesh,FEMALE,74.98281236
90E2E48WHOSIS_000001,WHOSIS_000001,90E2E48,WHOSIS_000001,2018,YEAR,56,COUNTRY,PUBLISHED,Life expectancy (at birth),Belgium,FEMALE,83.33902344
90E2E48WHOSIS_000001,WHOSIS_000001,90E2E48,WHOSIS_000001,2018,YEAR,76,COUNTRY,PUBLISHED,Life expectancy (at birth),Brazil,FEMALE,78.71434987
90E2E48WHOSIS_000001,WHOSIS_000001,90E2E48,WHOSIS_000001,2018,YEAR,524,COUNTRY,PUBLISHED,Life expectancy (at birth),Nepal,FEMALE,72.86420888
90E2E48WHOSIS_000001,WHOSIS_000001,90E2E48,WHOSIS_000001,2020,YEAR,643,COUNTRY,PUBLISHED,Life expectancy (at birth),Russian Federation,FEMALE,76.15263485
90E2E48WHOSIS_000001,WHOSIS_000001,90E2E48,WHOSIS_000001,2020,YEAR,706,COUNTRY,PUBLISHED,Life expectancy (at birth),Somalia,FEMALE,57.60880834
90E2E48WHOSIS_000001,WHOSIS_000001,90E2E48,WHOSIS_000001,2020,YEAR,724,COUNTRY,PUBLISHED,Life expectancy (at birth),Spain,FEMALE,84.51405232
90E2E48WHOSIS_000001,WHOSIS_000001,90E2E48,WHOSIS_000001,2010,YEAR,956,WHOREGION,PUBLISHED,Life expectancy (at birth),Europe,MALE,72.03999021
90E2E48WHOSIS_000001,WHOSIS_000001,90E2E48,WHOSIS_000001,2011,YEAR,4,COUNTRY,PUBLISHED,Life expectancy (at birth),Afghanistan,MALE,59.12294823
90E2E48WHOSIS_000001,WHOSIS_000001,90E2E48,WHOSIS_000001,2009,YEAR,784,COUNTRY,PUBLISHED,Life expectancy (at birth),United Arab Emirates,TOTAL,80.73659279
90E2E48WHOSIS_000001,WHOSIS_000001,90E2E48,WHOSIS_000001,2011,YEAR,36,COUNTRY,PUBLISHED,Life expectancy (at birth),Australia,TOTAL,81.93172968
90E2E48WHOSIS_000001,WHOSIS_000001,90E2E48,WHOSIS_000001,2011,YEAR,48,COUNTRY,PUBLISHED,Life expectancy (at birth),Bahrain,TOTAL,74.19533253
90E2E48WHOSIS_000001,WHOSIS_000001,90E2E48,WHOSIS_000001,2017,YEAR,308,COUNTRY,PUBLISHED,Life expectancy (at birth),Grenada,FEMALE,75.43055828
90E2E48WHOSIS_000001,WHOSIS_000001,90E2E48,WHOSIS_000001,2018,YEAR,512,COUNTRY,PUBLISHED,Life expectancy (at birth),Oman,FEMALE,78.52094349
90E2E48WHOSIS_000001,WHOSIS_000001,90E2E48,WHOSIS_000001,2017,YEAR,352,COUNTRY,PUBLISHED,Life expectancy (at birth),Iceland,FEMALE,83.75493289
90E2E48WHOSIS_000001,WHOSIS_000001,90E2E48,WHOSIS_000001,2017,YEAR,356,COUNTRY,PUBLISHED,Life expectancy (at birth),India,FEMALE,71.56505643
90E2E48WHOSIS_000001,WHOSIS_000001,90E2E48,WHOSIS_000001,2017,YEAR,360,COUNTRY,PUBLISHED,Life expectancy (at birth),Indonesia,FEMALE,72.80875382
90E2E48WHOSIS_000001,WHOSIS_000001,90E2E48,WHOSIS_000001,2017,YEAR,887,COUNTRY,PUBLISHED,Life expectancy (at birth),Yemen,FEMALE,70.32138222
90E2E48WHOSIS_000001,WHOSIS_000001,90E2E48,WHOSIS_000001,2017,YEAR,894,COUNTRY,PUBLISHED,Life expectancy (at birth),Zambia,FEMALE,63.42176445
90E2E48WHOSIS_000001,WHOSIS_000001,90E2E48,WHOSIS_000001,2011,YEAR,818,COUNTRY,PUBLISHED,Life expectancy (at birth),Egypt,MALE,67.25354788
90E2E48WHOSIS_000001,WHOSIS_000001,90E2E48,WHOSIS_000001,2011,YEAR,840,COUNTRY,PUBLISHED,Life expectancy (at birth),United States of America,MALE,76.46650731
90E2E48WHOSIS_000001,WHOSIS_000001,90E2E48,WHOSIS_000001,2011,YEAR,887,COUNTRY,PUBLISHED,Life expectancy (at birth),Yemen,MALE,66.33076272
90E2E48WHOSIS_000001,WHOSIS_000001,90E2E48,WHOSIS_000001,2011,YEAR,894,COUNTRY,PUBLISHED,Life expectancy (at birth),Zambia,MALE,55.67420987
90E2E48WHOSIS_000001,WHOSIS_000001,90E2E48,WHOSIS_000001,2009,YEAR,954,WHOREGION,PUBLISHED,Life expectancy (at birth),Americas,FEMALE,78.93185501
90E2E48WHOSIS_000001,WHOSIS_000001,90E2E48,WHOSIS_000001,2011,YEAR,955,WHOREGION,PUBLISHED,Life expectancy (at birth),South-East Asia,MALE,66.78613871
90E2E48WHOSIS_000001,WHOSIS_000001,90E2E48,WHOSIS_000001,2011,YEAR,956,WHOREGION,PUBLISHED,Life expectancy (at birth),Europe,MALE,72.61549864
90E2E48WHOSIS_000001,WHOSIS_000001,90E2E48,WHOSIS_000001,2018,YEAR,392,COUNTRY,PUBLISHED,Life expectancy (at birth),Japan,FEMALE,87.05557891
90E2E48WHOSIS_000001,WHOSIS_000001,90E2E48,WHOSIS_000001,2018,YEAR,414,COUNTRY,PUBLISHED,Life expectancy (at birth),Kuwait,FEMALE,86.51647144
90E2E48WHOSIS_000001,WHOSIS_000001,90E2E48,WHOSIS_000001,2018,YEAR,404,COUNTRY,PUBLISHED,Life expectancy (at birth),Kenya,FEMALE,68.56652068
90E2E48WHOSIS_000001,WHOSIS_000001,90E2E48,WHOSIS_000001,2018,YEAR,410,COUNTRY,PUBLISHED,Life expectancy (at birth),Republic of Korea,FEMALE,86.02887115
90E2E48WHOSIS_000001,WHOSIS_000001,90E2E48,WHOSIS_000001,2018,YEAR,398,COUNTRY,PUBLISHED,Life expectancy (at birth),Kazakhstan,FEMALE,77.09111278
90E2E48WHOSIS_000001,WHOSIS_000001,90E2E48,WHOSIS_000001,2018,YEAR,400,COUNTRY,PUBLISHED,Life expectancy (at birth),Jordan,FEMALE,80.13972264
90E2E48WHOSIS_000001,WHOSIS_000001,90E2E48,WHOSIS_000001,2009,YEAR,764,COUNTRY,PUBLISHED,Life expectancy (at birth),Thailand,TOTAL,75.05244639
90E2E48WHOSIS_000001,WHOSIS_000001,90E2E48,WHOSIS_000001,2011,YEAR,32,COUNTRY,PUBLISHED,Life expectancy (at birth),Argentina,TOTAL,75.94927296
90E2E48WHOSIS_000001,WHOSIS_000001,90E2E48,WHOSIS_000001,2011,YEAR,50,COUNTRY,PUBLISHED,Life expectancy (at birth),Bangladesh,TOTAL,71.08337441
90E2E48WHOSIS_000001,WHOSIS_000001,90E2E48,WHOSIS_000001,2011,YEAR,56,COUNTRY,PUBLISHED,Life expectancy (at birth),Belgium,TOTAL,80.16687766
90E2E48WHOSIS_000001,WHOSIS_000001,90E2E48,WHOSIS_000001,2011,YEAR,76,COUNTRY,PUBLISHED,Life expectancy (at birth),Brazil,TOTAL,74.01518436
90E2E48WHOSIS_000001,WHOSIS_000001,90E2E48,WHOSIS_000001,2018,YEAR,434,COUNTRY,PUBLISHED,Life expectancy (at birth),Libya,FEMALE,75.5969343
90E2E48WHOSIS_000001,WHOSIS_000001,90E2E48,WHOSIS_000001,2018,YEAR,480,COUNTRY,PUBLISHED,Life expectancy (at birth),Mauritius,FEMALE,77.32586145
90E2E48WHOSIS_000001,WHOSIS_000001,90E2E48,WHOSIS_000001,2018,YEAR,484,COUNTRY,PUBLISHED,Life expectancy (at birth),Mexico,FEMALE,78.92788819
90E2E48WHOSIS_000001,WHOSIS_000001,90E2E48,WHOSIS_000001,2018,YEAR,192,COUNTRY,PUBLISHED,Life expectancy (at birth),Cuba,FEMALE,80.24042835
90E2E48WHOSIS_000001,WHOSIS_000001,90E2E48,WHOSIS_000001,2011,YEAR,953,WHOREGION,PUBLISHED,Life expectancy (at birth),Africa,MALE,58.56668194
90E2E48WHOSIS_000001,WHOSIS_000001,90E2E48,WHOSIS_000001,2012,YEAR,4,COUNTRY,PUBLISHED,Life expectancy (at birth),Afghanistan,MALE,59.42176565
90E2E48WHOSIS_000001,WHOSIS_000001,90E2E48,WHOSIS_000001,2012,YEAR,246,COUNTRY,PUBLISHED,Life expectancy (at birth),Finland,MALE,77.46890215
90E2E48WHOSIS_000001,WHOSIS_000001,90E2E48,WHOSIS_000001,2012,YEAR,250,COUNTRY,PUBLISHED,Life expectancy (at birth),France,MALE,78.48840544
90E2E48WHOSIS_000001,WHOSIS_000001,90E2E48,WHOSIS_000001,2011,YEAR,104,COUNTRY,PUBLISHED,Life expectancy (at birth),Myanmar,TOTAL,65.22860154
90E2E48WHOSIS_000001,WHOSIS_000001,90E2E48,WHOSIS_000001,2009,YEAR,586,COUNTRY,PUBLISHED,Life expectancy (at birth),Pakistan,TOTAL,63.92267166
90E2E48WHOSIS_000001,WHOSIS_000001,90E2E48,WHOSIS_000001,2011,YEAR,124,COUNTRY,PUBLISHED,Life expectancy (at birth),Canada,TOTAL,81.40188658
90E2E48WHOSIS_000001,WHOSIS_000001,90E2E48,WHOSIS_000001,2009,YEAR,578,COUNTRY,PUBLISHED,Life expectancy (at birth),Norway,TOTAL,80.74746239
90E2E48WHOSIS_000001,WHOSIS_000001,90E2E48,WHOSIS_000001,2009,YEAR,604,COUNTRY,PUBLISHED,Life expectancy (at birth),Peru,TOTAL,78.11832326
90E2E48WHOSIS_000001,WHOSIS_000001,90E2E48,WHOSIS_000001,2009,YEAR,608,COUNTRY,PUBLISHED,Life expectancy (at birth),Philippines,TOTAL,69.39723001
90E2E48WHOSIS_000001,WHOSIS_000001,90E2E48,WHOSIS_000001,2021,YEAR,364,COUNTRY,PUBLISHED,Life expectancy (at birth),Iran (Islamic Republic of),FEMALE,76.40135855
90E2E48WHOSIS_000001,WHOSIS_000001,90E2E48,WHOSIS_000001,2020,YEAR,710,COUNTRY,PUBLISHED,Life expectancy (at birth),South Africa,FEMALE,66.58832725
90E2E48WHOSIS_000001,WHOSIS_000001,90E2E48,WHOSIS_000001,2020,YEAR,716,COUNTRY,PUBLISHED,Life expectancy (at birth),Zimbabwe,FEMALE,61.48102802
90E2E48WHOSIS_000001,WHOSIS_000001,90E2E48,WHOSIS_000001,2021,YEAR,376,COUNTRY,PUBLISHED,Life expectancy (at birth),Israel,FEMALE,82.09316588
90E2E48WHOSIS_000001,WHOSIS_000001,90E2E48,WHOSIS_000001,2021,YEAR,400,COUNTRY,PUBLISHED,Life expectancy (at birth),Jordan,FEMALE,76.98049856
90E2E48WHOSIS_000001,WHOSIS_000001,90E2E48,WHOSIS_000001,2021,YEAR,404,COUNTRY,PUBLISHED,Life expectancy (at birth),Kenya,FEMALE,69.21556653
90E2E48WHOSIS_000001,WHOSIS_000001,90E2E48,WHOSIS_000001,2021,YEAR,410,COUNTRY,PUBLISHED,Life expectancy (at birth),Republic of Korea,FEMALE,86.65826663
90E2E48WHOSIS_000001,WHOSIS_000001,90E2E48,WHOSIS_000001,2021,YEAR,380,COUNTRY,PUBLISHED,Life expectancy (at birth),Italy,FEMALE,84.32794663
90E2E48WHOSIS_000001,WHOSIS_000001,90E2E48,WHOSIS_000001,2021,YEAR,388,COUNTRY,PUBLISHED,Life expectancy (at birth),Jamaica,FEMALE,72.77260563
90E2E48WHOSIS_000001,WHOSIS_000001,90E2E48,WHOSIS_000001,2021,YEAR,368,COUNTRY,PUBLISHED,Life expectancy (at birth),Iraq,FEMALE,73.9119724
90E2E48WHOSIS_000001,WHOSIS_000001,90E2E48,WHOSIS_000001,2021,YEAR,372,COUNTRY,PUBLISHED,Life expectancy (at birth),Ireland,FEMALE,83.3508685
90E2E48WHOSIS_000001,WHOSIS_000001,90E2E48,WHOSIS_000001,2021,YEAR,392,COUNTRY,PUBLISHED,Life expectancy (at birth),Japan,FEMALE,87.15803555
90E2E48WHOSIS_000001,WHOSIS_000001,90E2E48,WHOSIS_000001,2021,YEAR,398,COUNTRY,PUBLISHED,Life expectancy (at birth),Kazakhstan,FEMALE,73.93874626
90E2E48WHOSIS_000001,WHOSIS_000001,90E2E48,WHOSIS_000001,2021,YEAR,414,COUNTRY,PUBLISHED,Life expectancy (at birth),Kuwait,FEMALE,81.75064092
90E2E48WHOSIS_000001,WHOSIS_000001,90E2E48,WHOSIS_000001,2012,YEAR,268,COUNTRY,PUBLISHED,Life expectancy (at birth),Georgia,MALE,67.66458685
90E2E48WHOSIS_000001,WHOSIS_000001,90E2E48,WHOSIS_000001,2012,YEAR,276,COUNTRY,PUBLISHED,Life expectancy (at birth),Germany,MALE,78.3154821
90E2E48WHOSIS_000001,WHOSIS_000001,90E2E48,WHOSIS_000001,2012,YEAR,300,COUNTRY,PUBLISHED,Life expectancy (at birth),Greece,MALE,77.89651337
90E2E48WHOSIS_000001,WHOSIS_000001,90E2E48,WHOSIS_000001,2012,YEAR,308,COUNTRY,PUBLISHED,Life expectancy (at birth),Grenada,MALE,70.23522006
90E2E48WHOSIS_000001,WHOSIS_000001,90E2E48,WHOSIS_000001,2012,YEAR,352,COUNTRY,PUBLISHED,Life expectancy (at birth),Iceland,MALE,80.43943811
90E2E48WHOSIS_000001,WHOSIS_000001,90E2E48,WHOSIS_000001,2012,YEAR,356,COUNTRY,PUBLISHED,Life expectancy (at birth),India,MALE,66.63698647
90E2E48WHOSIS_000001,WHOSIS_000001,90E2E48,WHOSIS_000001,2008,YEAR,76,COUNTRY,PUBLISHED,Life expectancy (at birth),Brazil,FEMALE,77.19974682
90E2E48WHOSIS_000001,WHOSIS_000001,90E2E48,WHOSIS_000001,2008,YEAR,56,COUNTRY,PUBLISHED,Life expectancy (at birth),Belgium,FEMALE,82.1831715
90E2E48WHOSIS_000001,WHOSIS_000001,90E2E48,WHOSIS_000001,2008,YEAR,104,COUNTRY,PUBLISHED,Life expectancy (at birth),Myanmar,FEMALE,58.23921608
90E2E48WHOSIS_000001,WHOSIS_000001,90E2E48,WHOSIS_000001,2018,YEAR,496,COUNTRY,PUBLISHED,Life expectancy (at birth),Mongolia,FEMALE,75.05277135
90E2E48WHOSIS_000001,WHOSIS_000001,90E2E48,WHOSIS_000001,2000,YEAR,480,COUNTRY,PUBLISHED,Life expectancy (at birth),Mauritius,FEMALE,74.76843597
90E2E48WHOSIS_000001,WHOSIS_000001,90E2E48,WHOSIS_000001,2000,YEAR,484,COUNTRY,PUBLISHED,Life expectancy (at birth),Mexico,FEMALE,76.69425584
90E2E48WHOSIS_000001,WHOSIS_000001,90E2E48,WHOSIS_000001,2009,YEAR,616,COUNTRY,PUBLISHED,Life expectancy (at birth),Poland,TOTAL,75.638685
90E2E48WHOSIS_000001,WHOSIS_000001,90E2E48,WHOSIS_000001,2009,YEAR,620,COUNTRY,PUBLISHED,Life expectancy (at birth),Portugal,TOTAL,79.40582714
90E2E48WHOSIS_000001,WHOSIS_000001,90E2E48,WHOSIS_000001,2009,YEAR,682,COUNTRY,PUBLISHED,Life expectancy (at birth),Saudi Arabia,TOTAL,73.90009021
90E2E48WHOSIS_000001,WHOSIS_000001,90E2E48,WHOSIS_000001,2009,YEAR,634,COUNTRY,PUBLISHED,Life expectancy (at birth),Qatar,TOTAL,72.77133296
90E2E48WHOSIS_000001,WHOSIS_000001,90E2E48,WHOSIS_000001,2009,YEAR,642,COUNTRY,PUBLISHED,Life expectancy (at birth),Romania,TOTAL,73.44267621
90E2E48WHOSIS_000001,WHOSIS_000001,90E2E48,WHOSIS_000001,2009,YEAR,643,COUNTRY,PUBLISHED,Life expectancy (at birth),Russian Federation,TOTAL,68.55662333
90E2E48WHOSIS_000001,WHOSIS_000001,90E2E48,WHOSIS_000001,2012,YEAR,368,COUNTRY,PUBLISHED,Life expectancy (at birth),Iraq,MALE,68.83820624
90E2E48WHOSIS_000001,WHOSIS_000001,90E2E48,WHOSIS_000001,2012,YEAR,372,COUNTRY,PUBLISHED,Life expectancy (at birth),Ireland,MALE,78.39990207
90E2E48WHOSIS_000001,WHOSIS_000001,90E2E48,WHOSIS_000001,2012,YEAR,512,COUNTRY,PUBLISHED,Life expectancy (at birth),Oman,MALE,71.46024408
90E2E48WHOSIS_000001,WHOSIS_000001,90E2E48,WHOSIS_000001,2012,YEAR,360,COUNTRY,PUBLISHED,Life expectancy (at birth),Indonesia,MALE,68.07259138
90E2E48WHOSIS_000001,WHOSIS_000001,90E2E48,WHOSIS_000001,2012,YEAR,364,COUNTRY,PUBLISHED,Life expectancy (at birth),Iran (Islamic Republic of),MALE,75.48099723
90E2E48WHOSIS_000001,WHOSIS_000001,90E2E48,WHOSIS_000001,2012,YEAR,554,COUNTRY,PUBLISHED,Life expectancy (at birth),New Zealand,MALE,79.36131504
90E2E48WHOSIS_000001,WHOSIS_000001,90E2E48,WHOSIS_000001,2012,YEAR,524,COUNTRY,PUBLISHED,Life expectancy (at birth),Nepal,MALE,68.06354919
90E2E48WHOSIS_000001,WHOSIS_000001,90E2E48,WHOSIS_000001,2012,YEAR,586,COUNTRY,PUBLISHED,Life expectancy (at birth),Pakistan,MALE,64.03493417
90E2E48WHOSIS_000001,WHOSIS_000001,90E2E48,WHOSIS_000001,2008,YEAR,124,COUNTRY,PUBLISHED,Life expectancy (at birth),Canada,FEMALE,82.66446221
90E2E48WHOSIS_000001,WHOSIS_000001,90E2E48,WHOSIS_000001,2008,YEAR,144,COUNTRY,PUBLISHED,Life expectancy (at birth),Sri Lanka,FEMALE,77.78565083
90E2E48WHOSIS_000001,WHOSIS_000001,90E2E48,WHOSIS_000001,2008,YEAR,156,COUNTRY,PUBLISHED,Life expectancy (at birth),China,FEMALE,76.90084439
90E2E48WHOSIS_000001,WHOSIS_000001,90E2E48,WHOSIS_000001,2008,YEAR,170,COUNTRY,PUBLISHED,Life expectancy (at birth),Colombia,FEMALE,78.40495579
90E2E48WHOSIS_000001,WHOSIS_000001,90E2E48,WHOSIS_000001,2000,YEAR,496,COUNTRY,PUBLISHED,Life expectancy (at birth),Mongolia,FEMALE,66.72840176
90E2E48WHOSIS_000001,WHOSIS_000001,90E2E48,WHOSIS_000001,2000,YEAR,554,COUNTRY,PUBLISHED,Life expectancy (at birth),New Zealand,FEMALE,81.05728109
90E2E48WHOSIS_000001,WHOSIS_000001,90E2E48,WHOSIS_000001,2000,YEAR,512,COUNTRY,PUBLISHED,Life expectancy (at birth),Oman,FEMALE,75.3732562
90E2E48WHOSIS_000001,WHOSIS_000001,90E2E48,WHOSIS_000001,2000,YEAR,524,COUNTRY,PUBLISHED,Life expectancy (at birth),Nepal,FEMALE,66.51369878
90E2E48WHOSIS_000001,WHOSIS_000001,90E2E48,WHOSIS_000001,2012,YEAR,578,COUNTRY,PUBLISHED,Life expectancy (at birth),Norway,MALE,79.35645449
90E2E48WHOSIS_000001,WHOSIS_000001,90E2E48,WHOSIS_000001,2012,YEAR,724,COUNTRY,PUBLISHED,Life expectancy (at birth),Spain,MALE,79.15766974
90E2E48WHOSIS_000001,WHOSIS_000001,90E2E48,WHOSIS_000001,2012,YEAR,604,COUNTRY,PUBLISHED,Life expectancy (at birth),Peru,MALE,77.48090776
90E2E48WHOSIS_000001,WHOSIS_000001,90E2E48,WHOSIS_000001,2012,YEAR,756,COUNTRY,PUBLISHED,Life expectancy (at birth),Switzerland,MALE,80.36522742
90E2E48WHOSIS_000001,WHOSIS_000001,90E2E48,WHOSIS_000001,2012,YEAR,764,COUNTRY,PUBLISHED,Life expectancy (at birth),Thailand,MALE,72.90397114
90E2E48WHOSIS_000001,WHOSIS_000001,90E2E48,WHOSIS_000001,2010,YEAR,360,COUNTRY,PUBLISHED,Life expectancy (at birth),Indonesia,TOTAL,69.23625966
90E2E48WHOSIS_000001,WHOSIS_000001,90E2E48,WHOSIS_000001,2010,YEAR,364,COUNTRY,PUBLISHED,Life expectancy (at birth),Iran (Islamic Republic of),TOTAL,76.56624741
90E2E48WHOSIS_000001,WHOSIS_000001,90E2E48,WHOSIS_000001,2010,YEAR,368,COUNTRY,PUBLISHED,Life expectancy (at birth),Iraq,TOTAL,71.06507591
90E2E48WHOSIS_000001,WHOSIS_000001,90E2E48,WHOSIS_000001,2010,YEAR,372,COUNTRY,PUBLISHED,Life expectancy (at birth),Ireland,TOTAL,80.6170111
90E2E48WHOSIS_000001,WHOSIS_000001,90E2E48,WHOSIS_000001,2009,YEAR,953,WHOREGION,PUBLISHED,Life expectancy (at birth),Africa,TOTAL,58.84133306
90E2E48WHOSIS_000001,WHOSIS_000001,90E2E48,WHOSIS_000001,2009,YEAR,954,WHOREGION,PUBLISHED,Life expectancy (at birth),Americas,TOTAL,76.16933635
90E2E48WHOSIS_000001,WHOSIS_000001,90E2E48,WHOSIS_000001,2010,YEAR,352,COUNTRY,PUBLISHED,Life expectancy (at birth),Iceland,TOTAL,81.68175374
90E2E48WHOSIS_000001,WHOSIS_000001,90E2E48,WHOSIS_000001,2010,YEAR,356,COUNTRY,PUBLISHED,Life expectancy (at birth),India,TOTAL,67.480793
90E2E48WHOSIS_000001,WHOSIS_000001,90E2E48,WHOSIS_000001,2010,YEAR,376,COUNTRY,PUBLISHED,Life expectancy (at birth),Israel,TOTAL,81.53399975
90E2E48WHOSIS_000001,WHOSIS_000001,90E2E48,WHOSIS_000001,2019,YEAR,246,COUNTRY,PUBLISHED,Life expectancy (at birth),Finland,FEMALE,84.15385641
90E2E48WHOSIS_000001,WHOSIS_000001,90E2E48,WHOSIS_000001,2019,YEAR,250,COUNTRY,PUBLISHED,Life expectancy (at birth),France,FEMALE,85.15298995
90E2E48WHOSIS_000001,WHOSIS_000001,90E2E48,WHOSIS_000001,2000,YEAR,578,COUNTRY,PUBLISHED,Life expectancy (at birth),Norway,FEMALE,81.15245142
90E2E48WHOSIS_000001,WHOSIS_000001,90E2E48,WHOSIS_000001,2000,YEAR,586,COUNTRY,PUBLISHED,Life expectancy (at birth),Pakistan,FEMALE,61.89274921
90E2E48WHOSIS_000001,WHOSIS_000001,90E2E48,WHOSIS_000001,2000,YEAR,616,COUNTRY,PUBLISHED,Life expectancy (at birth),Poland,FEMALE,77.8773398
90E2E48WHOSIS_000001,WHOSIS_000001,90E2E48,WHOSIS_000001,2000,YEAR,620,COUNTRY,PUBLISHED,Life expectancy (at birth),Portugal,FEMALE,80.07470317
90E2E48WHOSIS_000001,WHOSIS_000001,90E2E48,WHOSIS_000001,2000,YEAR,840,COUNTRY,PUBLISHED,Life expectancy (at birth),United States of America,FEMALE,79.06422238
90E2E48WHOSIS_000001,WHOSIS_000001,90E2E48,WHOSIS_000001,2000,YEAR,604,COUNTRY,PUBLISHED,Life expectancy (at birth),Peru,FEMALE,77.00059341
90E2E48WHOSIS_000001,WHOSIS_000001,90E2E48,WHOSIS_000001,2000,YEAR,608,COUNTRY,PUBLISHED,Life expectancy (at birth),Philippines,FEMALE,73.99693891
90E2E48WHOSIS_000001,WHOSIS_000001,90E2E48,WHOSIS_000001,2012,YEAR,752,COUNTRY,PUBLISHED,Life expectancy (at birth),Sweden,MALE,79.72341854
90E2E48WHOSIS_000001,WHOSIS_000001,90E2E48,WHOSIS_000001,2013,YEAR,480,COUNTRY,PUBLISHED,Life expectancy (at birth),Mauritius,MALE,70.5053395
90E2E48WHOSIS_000001,WHOSIS_000001,90E2E48,WHOSIS_000001,2013,YEAR,484,COUNTRY,PUBLISHED,Life expectancy (at birth),Mexico,MALE,73.27109618
90E2E48WHOSIS_000001,WHOSIS_000001,90E2E48,WHOSIS_000001,2013,YEAR,496,COUNTRY,PUBLISHED,Life expectancy (at birth),Mongolia,MALE,64.32633855
90E2E48WHOSIS_000001,WHOSIS_000001,90E2E48,WHOSIS_000001,2010,YEAR,410,COUNTRY,PUBLISHED,Life expectancy (at birth),Republic of Korea,TOTAL,80.53713356
90E2E48WHOSIS_000001,WHOSIS_000001,90E2E48,WHOSIS_000001,2010,YEAR,414,COUNTRY,PUBLISHED,Life expectancy (at birth),Kuwait,TOTAL,80.49475441
90E2E48WHOSIS_000001,WHOSIS_000001,90E2E48,WHOSIS_000001,2010,YEAR,380,COUNTRY,PUBLISHED,Life expectancy (at birth),Italy,TOTAL,81.89505601
90E2E48WHOSIS_000001,WHOSIS_000001,90E2E48,WHOSIS_000001,2010,YEAR,388,COUNTRY,PUBLISHED,Life expectancy (at birth),Jamaica,TOTAL,73.95794492
90E2E48WHOSIS_000001,WHOSIS_000001,90E2E48,WHOSIS_000001,2010,YEAR,392,COUNTRY,PUBLISHED,Life expectancy (at birth),Japan,TOTAL,83.08330199
90E2E48WHOSIS_000001,WHOSIS_000001,90E2E48,WHOSIS_000001,2010,YEAR,398,COUNTRY,PUBLISHED,Life expectancy (at birth),Kazakhstan,TOTAL,68.51031045
90E2E48WHOSIS_000001,WHOSIS_000001,90E2E48,WHOSIS_000001,2010,YEAR,400,COUNTRY,PUBLISHED,Life expectancy (at birth),Jordan,TOTAL,76.68909265
90E2E48WHOSIS_000001,WHOSIS_000001,90E2E48,WHOSIS_000001,2010,YEAR,404,COUNTRY,PUBLISHED,Life expectancy (at birth),Kenya,TOTAL,61.28276083
90E2E48WHOSIS_000001,WHOSIS_000001,90E2E48,WHOSIS_000001,2010,YEAR,756,COUNTRY,PUBLISHED,Life expectancy (at birth),Switzerland,TOTAL,82.19541207
90E2E48WHOSIS_000001,WHOSIS_000001,90E2E48,WHOSIS_000001,2010,YEAR,764,COUNTRY,PUBLISHED,Life expectancy (at birth),Thailand,TOTAL,75.29127601
90E2E48WHOSIS_000001,WHOSIS_000001,90E2E48,WHOSIS_000001,2010,YEAR,716,COUNTRY,PUBLISHED,Life expectancy (at birth),Zimbabwe,TOTAL,51.41783245
90E2E48WHOSIS_000001,WHOSIS_000001,90E2E48,WHOSIS_000001,2000,YEAR,887,COUNTRY,PUBLISHED,Life expectancy (at birth),Yemen,FEMALE,64.67004384
90E2E48WHOSIS_000001,WHOSIS_000001,90E2E48,WHOSIS_000001,2000,YEAR,953,WHOREGION,PUBLISHED,Life expectancy (at birth),Africa,FEMALE,54.46751281
90E2E48WHOSIS_000001,WHOSIS_000001,90E2E48,WHOSIS_000001,2000,YEAR,894,COUNTRY,PUBLISHED,Life expectancy (at birth),Zambia,FEMALE,45.13834795
90E2E48WHOSIS_000001,WHOSIS_000001,90E2E48,WHOSIS_000001,2000,YEAR,956,WHOREGION,PUBLISHED,Life expectancy (at birth),Europe,FEMALE,76.55264765
90E2E48WHOSIS_000001,WHOSIS_000001,90E2E48,WHOSIS_000001,2009,YEAR,954,WHOREGION,PUBLISHED,Life expectancy (at birth),Americas,MALE,73.40306263
90E2E48WHOSIS_000001,WHOSIS_000001,90E2E48,WHOSIS_000001,2010,YEAR,724,COUNTRY,PUBLISHED,Life expectancy (at birth),Spain,TOTAL,81.693057
90E2E48WHOSIS_000001,WHOSIS_000001,90E2E48,WHOSIS_000001,2010,YEAR,752,COUNTRY,PUBLISHED,Life expectancy (at birth),Sweden,TOTAL,81.30465771
90E2E48WHOSIS_000001,WHOSIS_000001,90E2E48,WHOSIS_000001,2012,YEAR,410,COUNTRY,PUBLISHED,Life expectancy (at birth),Republic of Korea,TOTAL,81.13219539
90E2E48WHOSIS_000001,WHOSIS_000001,90E2E48,WHOSIS_000001,2012,YEAR,414,COUNTRY,PUBLISHED,Life expectancy (at birth),Kuwait,TOTAL,81.34259433
90E2E48WHOSIS_000001,WHOSIS_000001,90E2E48,WHOSIS_000001,2010,YEAR,784,COUNTRY,PUBLISHED,Life expectancy (at birth),United Arab Emirates,TOTAL,80.45344335
90E2E48WHOSIS_000001,WHOSIS_000001,90E2E48,WHOSIS_000001,2013,YEAR,716,COUNTRY,PUBLISHED,Life expectancy (at birth),Zimbabwe,MALE,53.68219392
90E2E48WHOSIS_000001,WHOSIS_000001,90E2E48,WHOSIS_000001,2013,YEAR,724,COUNTRY,PUBLISHED,Life expectancy (at birth),Spain,MALE,79.73295498
90E2E48WHOSIS_000001,WHOSIS_000001,90E2E48,WHOSIS_000001,2014,YEAR,156,COUNTRY,PUBLISHED,Life expectancy (at birth),China,MALE,73.39094171
90E2E48WHOSIS_000001,WHOSIS_000001,90E2E48,WHOSIS_000001,2013,YEAR,706,COUNTRY,PUBLISHED,Life expectancy (at birth),Somalia,MALE,50.22523324
90E2E48WHOSIS_000001,WHOSIS_000001,90E2E48,WHOSIS_000001,2013,YEAR,710,COUNTRY,PUBLISHED,Life expectancy (at birth),South Africa,MALE,58.85459774
90E2E48WHOSIS_000001,WHOSIS_000001,90E2E48,WHOSIS_000001,2014,YEAR,170,COUNTRY,PUBLISHED,Life expectancy (at birth),Colombia,MALE,74.69923307
90E2E48WHOSIS_000001,WHOSIS_000001,90E2E48,WHOSIS_000001,2014,YEAR,192,COUNTRY,PUBLISHED,Life expectancy (at birth),Cuba,MALE,76.10413833
90E2E48WHOSIS_000001,WHOSIS_000001,90E2E48,WHOSIS_000001,2014,YEAR,578,COUNTRY,PUBLISHED,Life expectancy (at birth),Norway,MALE,79.94443491
90E2E48WHOSIS_000001,WHOSIS_000001,90E2E48,WHOSIS_000001,2000,YEAR,955,WHOREGION,PUBLISHED,Life expectancy (at birth),South-East Asia,FEMALE,65.44418568
90E2E48WHOSIS_000001,WHOSIS_000001,90E2E48,WHOSIS_000001,2001,YEAR,170,COUNTRY,PUBLISHED,Life expectancy (at birth),Colombia,FEMALE,76.68287214
90E2E48WHOSIS_000001,WHOSIS_000001,90E2E48,WHOSIS_000001,2001,YEAR,4,COUNTRY,PUBLISHED,Life expectancy (at birth),Afghanistan,FEMALE,54.57005863
90E2E48WHOSIS_000001,WHOSIS_000001,90E2E48,WHOSIS_000001,2001,YEAR,192,COUNTRY,PUBLISHED,Life expectancy (at birth),Cuba,FEMALE,78.69872933
90E2E48WHOSIS_000001,WHOSIS_000001,90E2E48,WHOSIS_000001,2012,YEAR,404,COUNTRY,PUBLISHED,Life expectancy (at birth),Kenya,TOTAL,62.61585724
90E2E48WHOSIS_000001,WHOSIS_000001,90E2E48,WHOSIS_000001,2012,YEAR,434,COUNTRY,PUBLISHED,Life expectancy (at birth),Libya,TOTAL,73.92406847
90E2E48WHOSIS_000001,WHOSIS_000001,90E2E48,WHOSIS_000001,2014,YEAR,524,COUNTRY,PUBLISHED,Life expectancy (at birth),Nepal,MALE,68.40195
90E2E48WHOSIS_000001,WHOSIS_000001,90E2E48,WHOSIS_000001,2014,YEAR,554,COUNTRY,PUBLISHED,Life expectancy (at birth),New Zealand,MALE,79.46031865
90E2E48WHOSIS_000001,WHOSIS_000001,90E2E48,WHOSIS_000001,2014,YEAR,586,COUNTRY,PUBLISHED,Life expectancy (at birth),Pakistan,MALE,64.60239791
90E2E48WHOSIS_000001,WHOSIS_000001,90E2E48,WHOSIS_000001,2015,YEAR,840,COUNTRY,PUBLISHED,Life expectancy (at birth),United States of America,MALE,76.47766171
90E2E48WHOSIS_000001,WHOSIS_000001,90E2E48,WHOSIS_000001,2012,YEAR,480,COUNTRY,PUBLISHED,Life expectancy (at birth),Mauritius,TOTAL,73.69029649
90E2E48WHOSIS_000001,WHOSIS_000001,90E2E48,WHOSIS_000001,2012,YEAR,484,COUNTRY,PUBLISHED,Life expectancy (at birth),Mexico,TOTAL,75.6445679
90E2E48WHOSIS_000001,WHOSIS_000001,90E2E48,WHOSIS_000001,2011,YEAR,246,COUNTRY,PUBLISHED,Life expectancy (at birth),Finland,TOTAL,80.2843093
90E2E48WHOSIS_000001,WHOSIS_000001,90E2E48,WHOSIS_000001,2011,YEAR,250,COUNTRY,PUBLISHED,Life expectancy (at birth),France,TOTAL,81.57719696
90E2E48WHOSIS_000001,WHOSIS_000001,90E2E48,WHOSIS_000001,2011,YEAR,276,COUNTRY,PUBLISHED,Life expectancy (at birth),Germany,TOTAL,80.46331457
90E2E48WHOSIS_000001,WHOSIS_000001,90E2E48,WHOSIS_000001,2011,YEAR,268,COUNTRY,PUBLISHED,Life expectancy (at birth),Georgia,TOTAL,71.94043757
90E2E48WHOSIS_000001,WHOSIS_000001,90E2E48,WHOSIS_000001,2014,YEAR,887,COUNTRY,PUBLISHED,Life expectancy (at birth),Yemen,MALE,66.81596423
90E2E48WHOSIS_000001,WHOSIS_000001,90E2E48,WHOSIS_000001,2014,YEAR,894,COUNTRY,PUBLISHED,Life expectancy (at birth),Zambia,MALE,57.83951169
90E2E48WHOSIS_000001,WHOSIS_000001,90E2E48,WHOSIS_000001,2020,YEAR,32,COUNTRY,PUBLISHED,Life expectancy (at birth),Argentina,TOTAL,76.22884718
90E2E48WHOSIS_000001,WHOSIS_000001,90E2E48,WHOSIS_000001,2020,YEAR,36,COUNTRY,PUBLISHED,Life expectancy (at birth),Australia,TOTAL,83.36758916
90E2E48WHOSIS_000001,WHOSIS_000001,90E2E48,WHOSIS_000001,2008,YEAR,480,COUNTRY,PUBLISHED,Life expectancy (at birth),Mauritius,TOTAL,72.86571029
90E2E48WHOSIS_000001,WHOSIS_000001,90E2E48,WHOSIS_000001,2008,YEAR,484,COUNTRY,PUBLISHED,Life expectancy (at birth),Mexico,TOTAL,75.08739804
90E2E48WHOSIS_000001,WHOSIS_000001,90E2E48,WHOSIS_000001,2019,YEAR,276,COUNTRY,PUBLISHED,Life expectancy (at birth),Germany,TOTAL,80.97360663
90E2E48WHOSIS_000001,WHOSIS_000001,90E2E48,WHOSIS_000001,2011,YEAR,352,COUNTRY,PUBLISHED,Life expectancy (at birth),Iceland,TOTAL,81.86017778
90E2E48WHOSIS_000001,WHOSIS_000001,90E2E48,WHOSIS_000001,2011,YEAR,356,COUNTRY,PUBLISHED,Life expectancy (at birth),India,TOTAL,67.83941098
90E2E48WHOSIS_000001,WHOSIS_000001,90E2E48,WHOSIS_000001,2011,YEAR,360,COUNTRY,PUBLISHED,Life expectancy (at birth),Indonesia,TOTAL,69.52313433
90E2E48WHOSIS_000001,WHOSIS_000001,90E2E48,WHOSIS_000001,2011,YEAR,364,COUNTRY,PUBLISHED,Life expectancy (at birth),Iran (Islamic Republic of),TOTAL,76.87171379
90E2E48WHOSIS_000001,WHOSIS_000001,90E2E48,WHOSIS_000001,2011,YEAR,300,COUNTRY,PUBLISHED,Life expectancy (at birth),Greece,TOTAL,80.35771121
90E2E48WHOSIS_000001,WHOSIS_000001,90E2E48,WHOSIS_000001,2011,YEAR,308,COUNTRY,PUBLISHED,Life expectancy (at birth),Grenada,TOTAL,72.12250252
90E2E48WHOSIS_000001,WHOSIS_000001,90E2E48,WHOSIS_000001,2011,YEAR,368,COUNTRY,PUBLISHED,Life expectancy (at birth),Iraq,TOTAL,71.39863224
90E2E48WHOSIS_000001,WHOSIS_000001,90E2E48,WHOSIS_000001,2012,YEAR,400,COUNTRY,PUBLISHED,Life expectancy (at birth),Jordan,TOTAL,77.13092988
90E2E48WHOSIS_000001,WHOSIS_000001,90E2E48,WHOSIS_000001,2012,YEAR,604,COUNTRY,PUBLISHED,Life expectancy (at birth),Peru,TOTAL,79.02001015
90E2E48WHOSIS_000001,WHOSIS_000001,90E2E48,WHOSIS_000001,2012,YEAR,608,COUNTRY,PUBLISHED,Life expectancy (at birth),Philippines,TOTAL,69.54178119
90E2E48WHOSIS_000001,WHOSIS_000001,90E2E48,WHOSIS_000001,2019,YEAR,308,COUNTRY,PUBLISHED,Life expectancy (at birth),Grenada,FEMALE,75.32047976
90E2E48WHOSIS_000001,WHOSIS_000001,90E2E48,WHOSIS_000001,2019,YEAR,352,COUNTRY,PUBLISHED,Life expectancy (at birth),Iceland,FEMALE,83.90044964
90E2E48WHOSIS_000001,WHOSIS_000001,90E2E48,WHOSIS_000001,2019,YEAR,356,COUNTRY,PUBLISHED,Life expectancy (at birth),India,FEMALE,72.41190387
90E2E48WHOSIS_000001,WHOSIS_000001,90E2E48,WHOSIS_000001,2019,YEAR,360,COUNTRY,PUBLISHED,Life expectancy (at birth),Indonesia,FEMALE,73.26013029
90E2E48WHOSIS_000001,WHOSIS_000001,90E2E48,WHOSIS_000001,2019,YEAR,300,COUNTRY,PUBLISHED,Life expectancy (at birth),Greece,FEMALE,83.01154433
90E2E48WHOSIS_000001,WHOSIS_000001,90E2E48,WHOSIS_000001,2019,YEAR,364,COUNTRY,PUBLISHED,Life expectancy (at birth),Iran (Islamic Republic of),FEMALE,79.40100875
90E2E48WHOSIS_000001,WHOSIS_000001,90E2E48,WHOSIS_000001,2019,YEAR,398,COUNTRY,PUBLISHED,Life expectancy (at birth),Kazakhstan,FEMALE,77.19851933
90E2E48WHOSIS_000001,WHOSIS_000001,90E2E48,WHOSIS_000001,2019,YEAR,400,COUNTRY,PUBLISHED,Life expectancy (at birth),Jordan,FEMALE,80.34465978
90E2E48WHOSIS_000001,WHOSIS_000001,90E2E48,WHOSIS_000001,2019,YEAR,404,COUNTRY,PUBLISHED,Life expectancy (at birth),Kenya,FEMALE,68.99106277
90E2E48WHOSIS_000001,WHOSIS_000001,90E2E48,WHOSIS_000001,2020,YEAR,48,COUNTRY,PUBLISHED,Life expectancy (at birth),Bahrain,TOTAL,74.85398109
90E2E48WHOSIS_000001,WHOSIS_000001,90E2E48,WHOSIS_000001,2020,YEAR,392,COUNTRY,PUBLISHED,Life expectancy (at birth),Japan,TOTAL,84.66324868
90E2E48WHOSIS_000001,WHOSIS_000001,90E2E48,WHOSIS_000001,2020,YEAR,398,COUNTRY,PUBLISHED,Life expectancy (at birth),Kazakhstan,TOTAL,71.3205391
90E2E48WHOSIS_000001,WHOSIS_000001,90E2E48,WHOSIS_000001,2020,YEAR,400,COUNTRY,PUBLISHED,Life expectancy (at birth),Jordan,TOTAL,77.55988721
90E2E48WHOSIS_000001,WHOSIS_000001,90E2E48,WHOSIS_000001,2020,YEAR,404,COUNTRY,PUBLISHED,Life expectancy (at birth),Kenya,TOTAL,66.79345007
90E2E48WHOSIS_000001,WHOSIS_000001,90E2E48,WHOSIS_000001,2020,YEAR,50,COUNTRY,PUBLISHED,Life expectancy (at birth),Bangladesh,TOTAL,73.29812993
90E2E48WHOSIS_000001,WHOSIS_000001,90E2E48,WHOSIS_000001,2008,YEAR,634,COUNTRY,PUBLISHED,Life expectancy (at birth),Qatar,TOTAL,72.36968987
90E2E48WHOSIS_000001,WHOSIS_000001,90E2E48,WHOSIS_000001,2008,YEAR,642,COUNTRY,PUBLISHED,Life expectancy (at birth),Romania,TOTAL,73.30477662
90E2E48WHOSIS_000001,WHOSIS_000001,90E2E48,WHOSIS_000001,2008,YEAR,643,COUNTRY,PUBLISHED,Life expectancy (at birth),Russian Federation,TOTAL,67.78990217
90E2E48WHOSIS_000001,WHOSIS_000001,90E2E48,WHOSIS_000001,2020,YEAR,388,COUNTRY,PUBLISHED,Life expectancy (at birth),Jamaica,TOTAL,72.64037778
90E2E48WHOSIS_000001,WHOSIS_000001,90E2E48,WHOSIS_000001,2020,YEAR,410,COUNTRY,PUBLISHED,Life expectancy (at birth),Republic of Korea,TOTAL,83.79726372
90E2E48WHOSIS_000001,WHOSIS_000001,90E2E48,WHOSIS_000001,2020,YEAR,414,COUNTRY,PUBLISHED,Life expectancy (at birth),Kuwait,TOTAL,78.76948984
90E2E48WHOSIS_000001,WHOSIS_000001,90E2E48,WHOSIS_000001,2019,YEAR,368,COUNTRY,PUBLISHED,Life expectancy (at birth),Iraq,FEMALE,75.36867662
90E2E48WHOSIS_000001,WHOSIS_000001,90E2E48,WHOSIS_000001,2019,YEAR,372,COUNTRY,PUBLISHED,Life expectancy (at birth),Ireland,FEMALE,83.59929764
90E2E48WHOSIS_000001,WHOSIS_000001,90E2E48,WHOSIS_000001,2019,YEAR,376,COUNTRY,PUBLISHED,Life expectancy (at birth),Israel,FEMALE,84.31971616
90E2E48WHOSIS_000001,WHOSIS_000001,90E2E48,WHOSIS_000001,2019,YEAR,380,COUNTRY,PUBLISHED,Life expectancy (at birth),Italy,FEMALE,84.91374148
90E2E48WHOSIS_000001,WHOSIS_000001,90E2E48,WHOSIS_000001,2019,YEAR,388,COUNTRY,PUBLISHED,Life expectancy (at birth),Jamaica,FEMALE,75.14201451
90E2E48WHOSIS_000001,WHOSIS_000001,90E2E48,WHOSIS_000001,2019,YEAR,392,COUNTRY,PUBLISHED,Life expectancy (at birth),Japan,FEMALE,87.15215206
90E2E48WHOSIS_000001,WHOSIS_000001,90E2E48,WHOSIS_000001,2019,YEAR,410,COUNTRY,PUBLISHED,Life expectancy (at birth),Republic of Korea,FEMALE,86.5646373
90E2E48WHOSIS_000001,WHOSIS_000001,90E2E48,WHOSIS_000001,2008,YEAR,682,COUNTRY,PUBLISHED,Life expectancy (at birth),Saudi Arabia,FEMALE,74.38712223
90E2E48WHOSIS_000001,WHOSIS_000001,90E2E48,WHOSIS_000001,2019,YEAR,414,COUNTRY,PUBLISHED,Life expectancy (at birth),Kuwait,FEMALE,86.43459677
90E2E48WHOSIS_000001,WHOSIS_000001,90E2E48,WHOSIS_000001,2012,YEAR,616,COUNTRY,PUBLISHED,Life expectancy (at birth),Poland,TOTAL,76.63330274
90E2E48WHOSIS_000001,WHOSIS_000001,90E2E48,WHOSIS_000001,2012,YEAR,372,COUNTRY,PUBLISHED,Life expectancy (at birth),Ireland,TOTAL,80.49448401
90E2E48WHOSIS_000001,WHOSIS_000001,90E2E48,WHOSIS_000001,2012,YEAR,376,COUNTRY,PUBLISHED,Life expectancy (at birth),Israel,TOTAL,81.57002049
90E2E48WHOSIS_000001,WHOSIS_000001,90E2E48,WHOSIS_000001,2012,YEAR,380,COUNTRY,PUBLISHED,Life expectancy (at birth),Italy,TOTAL,81.83712041
90E2E48WHOSIS_000001,WHOSIS_000001,90E2E48,WHOSIS_000001,2012,YEAR,388,COUNTRY,PUBLISHED,Life expectancy (at birth),Jamaica,TOTAL,74.19029935
90E2E48WHOSIS_000001,WHOSIS_000001,90E2E48,WHOSIS_000001,2012,YEAR,392,COUNTRY,PUBLISHED,Life expectancy (at birth),Japan,TOTAL,83.32740995
90E2E48WHOSIS_000001,WHOSIS_000001,90E2E48,WHOSIS_000001,2012,YEAR,398,COUNTRY,PUBLISHED,Life expectancy (at birth),Kazakhstan,TOTAL,69.67761395
90E2E48WHOSIS_000001,WHOSIS_000001,90E2E48,WHOSIS_000001,2012,YEAR,620,COUNTRY,PUBLISHED,Life expectancy (at birth),Portugal,TOTAL,80.21024339
90E2E48WHOSIS_000001,WHOSIS_000001,90E2E48,WHOSIS_000001,2010,YEAR,840,COUNTRY,PUBLISHED,Life expectancy (at birth),United States of America,TOTAL,78.6069239
90E2E48WHOSIS_000001,WHOSIS_000001,90E2E48,WHOSIS_000001,2011,YEAR,586,COUNTRY,PUBLISHED,Life expectancy (at birth),Pakistan,TOTAL,64.54188869
90E2E48WHOSIS_000001,WHOSIS_000001,90E2E48,WHOSIS_000001,2020,YEAR,434,COUNTRY,PUBLISHED,Life expectancy (at birth),Libya,TOTAL,72.64874878
90E2E48WHOSIS_000001,WHOSIS_000001,90E2E48,WHOSIS_000001,2020,YEAR,484,COUNTRY,PUBLISHED,Life expectancy (at birth),Mexico,TOTAL,70.94625179
90E2E48WHOSIS_000001,WHOSIS_000001,90E2E48,WHOSIS_000001,2015,YEAR,4,COUNTRY,PUBLISHED,Life expectancy (at birth),Afghanistan,TOTAL,60.32951348
90E2E48WHOSIS_000001,WHOSIS_000001,90E2E48,WHOSIS_000001,2014,YEAR,953,WHOREGION,PUBLISHED,Life expectancy (at birth),Africa,TOTAL,61.97191179
90E2E48WHOSIS_000001,WHOSIS_000001,90E2E48,WHOSIS_000001,2010,YEAR,954,WHOREGION,PUBLISHED,Life expectancy (at birth),Americas,MALE,73.19811167
90E2E48WHOSIS_000001,WHOSIS_000001,90E2E48,WHOSIS_000001,2014,YEAR,955,WHOREGION,PUBLISHED,Life expectancy (at birth),South-East Asia,TOTAL,69.73314803
90E2E48WHOSIS_000001,WHOSIS_000001,90E2E48,WHOSIS_000001,2014,YEAR,956,WHOREGION,PUBLISHED,Life expectancy (at birth),Europe,TOTAL,76.88838577
90E2E48WHOSIS_000001,WHOSIS_000001,90E2E48,WHOSIS_000001,2015,YEAR,32,COUNTRY,PUBLISHED,Life expectancy (at birth),Argentina,TOTAL,76.5300965
90E2E48WHOSIS_000001,WHOSIS_000001,90E2E48,WHOSIS_000001,2015,YEAR,36,COUNTRY,PUBLISHED,Life expectancy (at birth),Australia,TOTAL,82.287472
90E2E48WHOSIS_000001,WHOSIS_000001,90E2E48,WHOSIS_000001,2020,YEAR,480,COUNTRY,PUBLISHED,Life expectancy (at birth),Mauritius,TOTAL,73.56975445
90E2E48WHOSIS_000001,WHOSIS_000001,90E2E48,WHOSIS_000001,2021,YEAR,192,COUNTRY,PUBLISHED,Life expectancy (at birth),Cuba,TOTAL,73.67333077
90E2E48WHOSIS_000001,WHOSIS_000001,90E2E48,WHOSIS_000001,2009,YEAR,144,COUNTRY,PUBLISHED,Life expectancy (at birth),Sri Lanka,TOTAL,72.41934945
90E2E48WHOSIS_000001,WHOSIS_000001,90E2E48,WHOSIS_000001,2015,YEAR,48,COUNTRY,PUBLISHED,Life expectancy (at birth),Bahrain,TOTAL,75.75082454
90E2E48WHOSIS_000001,WHOSIS_000001,90E2E48,WHOSIS_000001,2015,YEAR,56,COUNTRY,PUBLISHED,Life expectancy (at birth),Belgium,TOTAL,80.70631194
90E2E48WHOSIS_000001,WHOSIS_000001,90E2E48,WHOSIS_000001,2015,YEAR,50,COUNTRY,PUBLISHED,Life expectancy (at birth),Bangladesh,TOTAL,73.19207211
90E2E48WHOSIS_000001,WHOSIS_000001,90E2E48,WHOSIS_000001,2015,YEAR,144,COUNTRY,PUBLISHED,Life expectancy (at birth),Sri Lanka,TOTAL,76.44590803
90E2E48WHOSIS_000001,WHOSIS_000001,90E2E48,WHOSIS_000001,2015,YEAR,156,COUNTRY,PUBLISHED,Life expectancy (at birth),China,TOTAL,76.5103545
90E2E48WHOSIS_000001,WHOSIS_000001,90E2E48,WHOSIS_000001,2015,YEAR,170,COUNTRY,PUBLISHED,Life expectancy (at birth),Colombia,TOTAL,77.34484367
90E2E48WHOSIS_000001,WHOSIS_000001,90E2E48,WHOSIS_000001,2016,YEAR,32,COUNTRY,PUBLISHED,Life expectancy (at birth),Argentina,TOTAL,76.12474817
90E2E48WHOSIS_000001,WHOSIS_000001,90E2E48,WHOSIS_000001,2016,YEAR,36,COUNTRY,PUBLISHED,Life expectancy (at birth),Australia,TOTAL,82.59341791
90E2E48WHOSIS_000001,WHOSIS_000001,90E2E48,WHOSIS_000001,2016,YEAR,56,COUNTRY,PUBLISHED,Life expectancy (at birth),Belgium,TOTAL,81.07460591
90E2E48WHOSIS_000001,WHOSIS_000001,90E2E48,WHOSIS_000001,2016,YEAR,48,COUNTRY,PUBLISHED,Life expectancy (at birth),Bahrain,TOTAL,75.65906707
90E2E48WHOSIS_000001,WHOSIS_000001,90E2E48,WHOSIS_000001,2016,YEAR,50,COUNTRY,PUBLISHED,Life expectancy (at birth),Bangladesh,TOTAL,73.44362068
90E2E48WHOSIS_000001,WHOSIS_000001,90E2E48,WHOSIS_000001,2014,YEAR,818,COUNTRY,PUBLISHED,Life expectancy (at birth),Egypt,TOTAL,70.46262161
90E2E48WHOSIS_000001,WHOSIS_000001,90E2E48,WHOSIS_000001,2015,YEAR,706,COUNTRY,PUBLISHED,Life expectancy (at birth),Somalia,TOTAL,53.54338351
90E2E48WHOSIS_000001,WHOSIS_000001,90E2E48,WHOSIS_000001,2014,YEAR,840,COUNTRY,PUBLISHED,Life expectancy (at birth),United States of America,TOTAL,78.80026105
90E2E48WHOSIS_000001,WHOSIS_000001,90E2E48,WHOSIS_000001,2015,YEAR,710,COUNTRY,PUBLISHED,Life expectancy (at birth),South Africa,TOTAL,63.26267522
90E2E48WHOSIS_000001,WHOSIS_000001,90E2E48,WHOSIS_000001,2015,YEAR,756,COUNTRY,PUBLISHED,Life expectancy (at birth),Switzerland,TOTAL,82.58994495
90E2E48WHOSIS_000001,WHOSIS_000001,90E2E48,WHOSIS_000001,2020,YEAR,76,COUNTRY,PUBLISHED,Life expectancy (at birth),Brazil,FEMALE,77.64812595
90E2E48WHOSIS_000001,WHOSIS_000001,90E2E48,WHOSIS_000001,2008,YEAR,702,COUNTRY,PUBLISHED,Life expectancy (at birth),Singapore,FEMALE,83.20194431
90E2E48WHOSIS_000001,WHOSIS_000001,90E2E48,WHOSIS_000001,2020,YEAR,56,COUNTRY,PUBLISHED,Life expectancy (at birth),Belgium,FEMALE,82.88313138
90E2E48WHOSIS_000001,WHOSIS_000001,90E2E48,WHOSIS_000001,2009,YEAR,170,COUNTRY,PUBLISHED,Life expectancy (at birth),Colombia,TOTAL,75.75932913
90E2E48WHOSIS_000001,WHOSIS_000001,90E2E48,WHOSIS_000001,2009,YEAR,156,COUNTRY,PUBLISHED,Life expectancy (at birth),China,TOTAL,74.38654953
90E2E48WHOSIS_000001,WHOSIS_000001,90E2E48,WHOSIS_000001,2021,YEAR,246,COUNTRY,PUBLISHED,Life expectancy (at birth),Finland,TOTAL,81.53419484
90E2E48WHOSIS_000001,WHOSIS_000001,90E2E48,WHOSIS_000001,2015,YEAR,764,COUNTRY,PUBLISHED,Life expectancy (at birth),Thailand,TOTAL,76.97043175
90E2E48WHOSIS_000001,WHOSIS_000001,90E2E48,WHOSIS_000001,2015,YEAR,716,COUNTRY,PUBLISHED,Life expectancy (at birth),Zimbabwe,TOTAL,57.4934476
90E2E48WHOSIS_000001,WHOSIS_000001,90E2E48,WHOSIS_000001,2015,YEAR,724,COUNTRY,PUBLISHED,Life expectancy (at birth),Spain,TOTAL,82.32940416
90E2E48WHOSIS_000001,WHOSIS_000001,90E2E48,WHOSIS_000001,2015,YEAR,752,COUNTRY,PUBLISHED,Life expectancy (at birth),Sweden,TOTAL,81.74239456
90E2E48WHOSIS_000001,WHOSIS_000001,90E2E48,WHOSIS_000001,2016,YEAR,276,COUNTRY,PUBLISHED,Life expectancy (at birth),Germany,TOTAL,80.68537775
90E2E48WHOSIS_000001,WHOSIS_000001,90E2E48,WHOSIS_000001,2021,YEAR,250,COUNTRY,PUBLISHED,Life expectancy (at birth),France,TOTAL,81.92274175
90E2E48WHOSIS_000001,WHOSIS_000001,90E2E48,WHOSIS_000001,2021,YEAR,887,COUNTRY,PUBLISHED,Life expectancy (at birth),Yemen,TOTAL,65.76206783
90E2E48WHOSIS_000001,WHOSIS_000001,90E2E48,WHOSIS_000001,2021,YEAR,894,COUNTRY,PUBLISHED,Life expectancy (at birth),Zambia,TOTAL,60.96884286
90E2E48WHOSIS_000001,WHOSIS_000001,90E2E48,WHOSIS_000001,2021,YEAR,953,WHOREGION,PUBLISHED,Life expectancy (at birth),Africa,TOTAL,63.55243899
90E2E48WHOSIS_000001,WHOSIS_000001,90E2E48,WHOSIS_000001,2010,YEAR,954,WHOREGION,PUBLISHED,Life expectancy (at birth),Americas,FEMALE,78.38241278
90E2E48WHOSIS_000001,WHOSIS_000001,90E2E48,WHOSIS_000001,2021,YEAR,955,WHOREGION,PUBLISHED,Life expectancy (at birth),South-East Asia,TOTAL,68.36682977
90E2E48WHOSIS_000001,WHOSIS_000001,90E2E48,WHOSIS_000001,2021,YEAR,956,WHOREGION,PUBLISHED,Life expectancy (at birth),Europe,TOTAL,76.28728907
90E2E48WHOSIS_000001,WHOSIS_000001,90E2E48,WHOSIS_000001,2009,YEAR,308,COUNTRY,PUBLISHED,Life expectancy (at birth),Grenada,TOTAL,70.93802753
90E2E48WHOSIS_000001,WHOSIS_000001,90E2E48,WHOSIS_000001,2015,YEAR,784,COUNTRY,PUBLISHED,Life expectancy (at birth),United Arab Emirates,TOTAL,80.71356774
90E2E48WHOSIS_000001,WHOSIS_000001,90E2E48,WHOSIS_000001,2016,YEAR,300,COUNTRY,PUBLISHED,Life expectancy (at birth),Greece,TOTAL,80.71256832
90E2E48WHOSIS_000001,WHOSIS_000001,90E2E48,WHOSIS_000001,2016,YEAR,308,COUNTRY,PUBLISHED,Life expectancy (at birth),Grenada,TOTAL,72.49134059
90E2E48WHOSIS_000001,WHOSIS_000001,90E2E48,WHOSIS_000001,2009,YEAR,300,COUNTRY,PUBLISHED,Life expectancy (at birth),Greece,TOTAL,80.02249419
90E2E48WHOSIS_000001,WHOSIS_000001,90E2E48,WHOSIS_000001,2009,YEAR,372,COUNTRY,PUBLISHED,Life expectancy (at birth),Ireland,TOTAL,79.53106576
90E2E48WHOSIS_000001,WHOSIS_000001,90E2E48,WHOSIS_000001,2009,YEAR,376,COUNTRY,PUBLISHED,Life expectancy (at birth),Israel,TOTAL,81.12924437
90E2E48WHOSIS_000001,WHOSIS_000001,90E2E48,WHOSIS_000001,2009,YEAR,380,COUNTRY,PUBLISHED,Life expectancy (at birth),Italy,TOTAL,81.5215304
90E2E48WHOSIS_000001,WHOSIS_000001,90E2E48,WHOSIS_000001,2009,YEAR,352,COUNTRY,PUBLISHED,Life expectancy (at birth),Iceland,TOTAL,81.49587558
90E2E48WHOSIS_000001,WHOSIS_000001,90E2E48,WHOSIS_000001,2009,YEAR,356,COUNTRY,PUBLISHED,Life expectancy (at birth),India,TOTAL,67.04997477
90E2E48WHOSIS_000001,WHOSIS_000001,90E2E48,WHOSIS_000001,2009,YEAR,360,COUNTRY,PUBLISHED,Life expectancy (at birth),Indonesia,TOTAL,69.0239077
90E2E48WHOSIS_000001,WHOSIS_000001,90E2E48,WHOSIS_000001,2009,YEAR,364,COUNTRY,PUBLISHED,Life expectancy (at birth),Iran (Islamic Republic of),TOTAL,76.24197751
90E2E48WHOSIS_000001,WHOSIS_000001,90E2E48,WHOSIS_000001,2016,YEAR,496,COUNTRY,PUBLISHED,Life expectancy (at birth),Mongolia,TOTAL,69.64443247
90E2E48WHOSIS_000001,WHOSIS_000001,90E2E48,WHOSIS_000001,2016,YEAR,524,COUNTRY,PUBLISHED,Life expectancy (at birth),Nepal,TOTAL,70.59248
90E2E48WHOSIS_000001,WHOSIS_000001,90E2E48,WHOSIS_000001,2016,YEAR,554,COUNTRY,PUBLISHED,Life expectancy (at birth),New Zealand,TOTAL,81.73038595
90E2E48WHOSIS_000001,WHOSIS_000001,90E2E48,WHOSIS_000001,2016,YEAR,512,COUNTRY,PUBLISHED,Life expectancy (at birth),Oman,TOTAL,73.72044163
90E2E48WHOSIS_000001,WHOSIS_000001,90E2E48,WHOSIS_000001,2014,YEAR,48,COUNTRY,PUBLISHED,Life expectancy (at birth),Bahrain,TOTAL,75.64496177
90E2E48WHOSIS_000001,WHOSIS_000001,90E2E48,WHOSIS_000001,2014,YEAR,50,COUNTRY,PUBLISHED,Life expectancy (at birth),Bangladesh,TOTAL,72.77669075
90E2E48WHOSIS_000001,WHOSIS_000001,90E2E48,WHOSIS_000001,2014,YEAR,784,COUNTRY,PUBLISHED,Life expectancy (at birth),United Arab Emirates,TOTAL,80.64754288
90E2E48WHOSIS_000001,WHOSIS_000001,90E2E48,WHOSIS_000001,2014,YEAR,400,COUNTRY,PUBLISHED,Life expectancy (at birth),Jordan,FEMALE,78.34868119
90E2E48WHOSIS_000001,WHOSIS_000001,90E2E48,WHOSIS_000001,2014,YEAR,404,COUNTRY,PUBLISHED,Life expectancy (at birth),Kenya,FEMALE,66.14180191
90E2E48WHOSIS_000001,WHOSIS_000001,90E2E48,WHOSIS_000001,2014,YEAR,410,COUNTRY,PUBLISHED,Life expectancy (at birth),Republic of Korea,FEMALE,85.2254383
90E2E48WHOSIS_000001,WHOSIS_000001,90E2E48,WHOSIS_000001,2014,YEAR,414,COUNTRY,PUBLISHED,Life expectancy (at birth),Kuwait,FEMALE,84.53564848
90E2E48WHOSIS_000001,WHOSIS_000001,90E2E48,WHOSIS_000001,2020,YEAR,104,COUNTRY,PUBLISHED,Life expectancy (at birth),Myanmar,FEMALE,72.26149991
90E2E48WHOSIS_000001,WHOSIS_000001,90E2E48,WHOSIS_000001,2009,YEAR,368,COUNTRY,PUBLISHED,Life expectancy (at birth),Iraq,TOTAL,70.61725364
90E2E48WHOSIS_000001,WHOSIS_000001,90E2E48,WHOSIS_000001,2009,YEAR,388,COUNTRY,PUBLISHED,Life expectancy (at birth),Jamaica,TOTAL,72.19787809
90E2E48WHOSIS_000001,WHOSIS_000001,90E2E48,WHOSIS_000001,2018,YEAR,953,WHOREGION,PUBLISHED,Life expectancy (at birth),Africa,TOTAL,63.77580177
90E2E48WHOSIS_000001,WHOSIS_000001,90E2E48,WHOSIS_000001,2010,YEAR,954,WHOREGION,PUBLISHED,Life expectancy (at birth),Americas,TOTAL,75.79804084
90E2E48WHOSIS_000001,WHOSIS_000001,90E2E48,WHOSIS_000001,2009,YEAR,392,COUNTRY,PUBLISHED,Life expectancy (at birth),Japan,TOTAL,83.15818254
90E2E48WHOSIS_000001,WHOSIS_000001,90E2E48,WHOSIS_000001,2009,YEAR,398,COUNTRY,PUBLISHED,Life expectancy (at birth),Kazakhstan,TOTAL,68.51597079
90E2E48WHOSIS_000001,WHOSIS_000001,90E2E48,WHOSIS_000001,2009,YEAR,400,COUNTRY,PUBLISHED,Life expectancy (at birth),Jordan,TOTAL,76.34651794
90E2E48WHOSIS_000001,WHOSIS_000001,90E2E48,WHOSIS_000001,2009,YEAR,404,COUNTRY,PUBLISHED,Life expectancy (at birth),Kenya,TOTAL,60.49062126
90E2E48WHOSIS_000001,WHOSIS_000001,90E2E48,WHOSIS_000001,2018,YEAR,955,WHOREGION,PUBLISHED,Life expectancy (at birth),South-East Asia,TOTAL,71.0517579
90E2E48WHOSIS_000001,WHOSIS_000001,90E2E48,WHOSIS_000001,2018,YEAR,956,WHOREGION,PUBLISHED,Life expectancy (at birth),Europe,TOTAL,77.74803442
90E2E48WHOSIS_000001,WHOSIS_000001,90E2E48,WHOSIS_000001,2016,YEAR,170,COUNTRY,PUBLISHED,Life expectancy (at birth),Colombia,TOTAL,77.57662615
90E2E48WHOSIS_000001,WHOSIS_000001,90E2E48,WHOSIS_000001,2015,YEAR,124,COUNTRY,PUBLISHED,Life expectancy (at birth),Canada,TOTAL,81.64860674
90E2E48WHOSIS_000001,WHOSIS_000001,90E2E48,WHOSIS_000001,2016,YEAR,192,COUNTRY,PUBLISHED,Life expectancy (at birth),Cuba,TOTAL,78.14353782
90E2E48WHOSIS_000001,WHOSIS_000001,90E2E48,WHOSIS_000001,2019,YEAR,32,COUNTRY,PUBLISHED,Life expectancy (at birth),Argentina,TOTAL,77.01582731
90E2E48WHOSIS_000001,WHOSIS_000001,90E2E48,WHOSIS_000001,2019,YEAR,4,COUNTRY,PUBLISHED,Life expectancy (at birth),Afghanistan,TOTAL,61.22381311
90E2E48WHOSIS_000001,WHOSIS_000001,90E2E48,WHOSIS_000001,2019,YEAR,36,COUNTRY,PUBLISHED,Life expectancy (at birth),Australia,TOTAL,82.64234014
90E2E48WHOSIS_000001,WHOSIS_000001,90E2E48,WHOSIS_000001,2006,YEAR,953,WHOREGION,PUBLISHED,Life expectancy (at birth),Africa,FEMALE,57.77335846
90E2E48WHOSIS_000001,WHOSIS_000001,90E2E48,WHOSIS_000001,2011,YEAR,954,WHOREGION,PUBLISHED,Life expectancy (at birth),Americas,MALE,73.75688315
90E2E48WHOSIS_000001,WHOSIS_000001,90E2E48,WHOSIS_000001,2006,YEAR,955,WHOREGION,PUBLISHED,Life expectancy (at birth),South-East Asia,FEMALE,68.31427163
90E2E48WHOSIS_000001,WHOSIS_000001,90E2E48,WHOSIS_000001,2002,YEAR,642,COUNTRY,PUBLISHED,Life expectancy (at birth),Romania,FEMALE,74.62570844
90E2E48WHOSIS_000001,WHOSIS_000001,90E2E48,WHOSIS_000001,2016,YEAR,268,COUNTRY,PUBLISHED,Life expectancy (at birth),Georgia,TOTAL,72.63239027
90E2E48WHOSIS_000001,WHOSIS_000001,90E2E48,WHOSIS_000001,2019,YEAR,48,COUNTRY,PUBLISHED,Life expectancy (at birth),Bahrain,TOTAL,76.02945447
90E2E48WHOSIS_000001,WHOSIS_000001,90E2E48,WHOSIS_000001,2019,YEAR,50,COUNTRY,PUBLISHED,Life expectancy (at birth),Bangladesh,TOTAL,73.94958231
90E2E48WHOSIS_000001,WHOSIS_000001,90E2E48,WHOSIS_000001,2019,YEAR,56,COUNTRY,PUBLISHED,Life expectancy (at birth),Belgium,TOTAL,81.60895006
90E2E48WHOSIS_000001,WHOSIS_000001,90E2E48,WHOSIS_000001,2011,YEAR,954,WHOREGION,PUBLISHED,Life expectancy (at birth),Americas,FEMALE,79.1646865
90E2E48WHOSIS_000001,WHOSIS_000001,90E2E48,WHOSIS_000001,2019,YEAR,955,WHOREGION,PUBLISHED,Life expectancy (at birth),South-East Asia,TOTAL,71.3719063
90E2E48WHOSIS_000001,WHOSIS_000001,90E2E48,WHOSIS_000001,2019,YEAR,956,WHOREGION,PUBLISHED,Life expectancy (at birth),Europe,TOTAL,78.09893217
90E2E48WHOSIS_000001,WHOSIS_000001,90E2E48,WHOSIS_000001,2019,YEAR,887,COUNTRY,PUBLISHED,Life expectancy (at birth),Yemen,TOTAL,66.89863946
90E2E48WHOSIS_000001,WHOSIS_000001,90E2E48,WHOSIS_000001,2019,YEAR,894,COUNTRY,PUBLISHED,Life expectancy (at birth),Zambia,TOTAL,61.76313302
90E2E48WHOSIS_000001,WHOSIS_000001,90E2E48,WHOSIS_000001,2014,YEAR,434,COUNTRY,PUBLISHED,Life expectancy (at birth),Libya,FEMALE,75.11566809
90E2E48WHOSIS_000001,WHOSIS_000001,90E2E48,WHOSIS_000001,2012,YEAR,784,COUNTRY,PUBLISHED,Life expectancy (at birth),United Arab Emirates,FEMALE,80.98915392
90E2E48WHOSIS_000001,WHOSIS_000001,90E2E48,WHOSIS_000001,2013,YEAR,512,COUNTRY,PUBLISHED,Life expectancy (at birth),Oman,FEMALE,77.61705919
90E2E48WHOSIS_000001,WHOSIS_000001,90E2E48,WHOSIS_000001,2013,YEAR,524,COUNTRY,PUBLISHED,Life expectancy (at birth),Nepal,FEMALE,71.72833162
90E2E48WHOSIS_000001,WHOSIS_000001,90E2E48,WHOSIS_000001,2013,YEAR,192,COUNTRY,PUBLISHED,Life expectancy (at birth),Cuba,FEMALE,80.40443554
90E2E48WHOSIS_000001,WHOSIS_000001,90E2E48,WHOSIS_000001,2002,YEAR,682,COUNTRY,PUBLISHED,Life expectancy (at birth),Saudi Arabia,FEMALE,72.36408452
90E2E48WHOSIS_000001,WHOSIS_000001,90E2E48,WHOSIS_000001,2002,YEAR,643,COUNTRY,PUBLISHED,Life expectancy (at birth),Russian Federation,FEMALE,71.82480994
90E2E48WHOSIS_000001,WHOSIS_000001,90E2E48,WHOSIS_000001,2002,YEAR,634,COUNTRY,PUBLISHED,Life expectancy (at birth),Qatar,FEMALE,72.95623173
90E2E48WHOSIS_000001,WHOSIS_000001,90E2E48,WHOSIS_000001,2002,YEAR,702,COUNTRY,PUBLISHED,Life expectancy (at birth),Singapore,FEMALE,81.49131701
90E2E48WHOSIS_000001,WHOSIS_000001,90E2E48,WHOSIS_000001,2019,YEAR,953,WHOREGION,PUBLISHED,Life expectancy (at birth),Africa,TOTAL,64.16988115
90E2E48WHOSIS_000001,WHOSIS_000001,90E2E48,WHOSIS_000001,2008,YEAR,953,WHOREGION,PUBLISHED,Life expectancy (at birth),Africa,TOTAL,58.09440209
90E2E48WHOSIS_000001,WHOSIS_000001,90E2E48,WHOSIS_000001,2011,YEAR,954,WHOREGION,PUBLISHED,Life expectancy (at birth),Americas,TOTAL,76.46212795
90E2E48WHOSIS_000001,WHOSIS_000001,90E2E48,WHOSIS_000001,2008,YEAR,955,WHOREGION,PUBLISHED,Life expectancy (at birth),South-East Asia,TOTAL,67.06696466
90E2E48WHOSIS_000001,WHOSIS_000001,90E2E48,WHOSIS_000001,2020,YEAR,4,COUNTRY,PUBLISHED,Life expectancy (at birth),Afghanistan,TOTAL,60.49099642
90E2E48WHOSIS_000001,WHOSIS_000001,90E2E48,WHOSIS_000001,2008,YEAR,956,WHOREGION,PUBLISHED,Life expectancy (at birth),Europe,TOTAL,74.81612483
90E2E48WHOSIS_000001,WHOSIS_000001,90E2E48,WHOSIS_000001,2016,YEAR,246,COUNTRY,PUBLISHED,Life expectancy (at birth),Finland,TOTAL,81.11659919
90E2E48WHOSIS_000001,WHOSIS_000001,90E2E48,WHOSIS_000001,2016,YEAR,250,COUNTRY,PUBLISHED,Life expectancy (at birth),France,TOTAL,82.13202442
90E2E48WHOSIS_000001,WHOSIS_000001,90E2E48,WHOSIS_000001,2014,YEAR,604,COUNTRY,PUBLISHED,Life expectancy (at birth),Peru,TOTAL,80.00001335
90E2E48WHOSIS_000001,WHOSIS_000001,90E2E48,WHOSIS_000001,2014,YEAR,608,COUNTRY,PUBLISHED,Life expectancy (at birth),Philippines,TOTAL,69.80391436
90E2E48WHOSIS_000001,WHOSIS_000001,90E2E48,WHOSIS_000001,2014,YEAR,616,COUNTRY,PUBLISHED,Life expectancy (at birth),Poland,TOTAL,77.47281866
90E2E48WHOSIS_000001,WHOSIS_000001,90E2E48,WHOSIS_000001,2015,YEAR,400,COUNTRY,PUBLISHED,Life expectancy (at birth),Jordan,TOTAL,78.50941007
90E2E48WHOSIS_000001,WHOSIS_000001,90E2E48,WHOSIS_000001,2015,YEAR,404,COUNTRY,PUBLISHED,Life expectancy (at birth),Kenya,TOTAL,64.29968929
90E2E48WHOSIS_000001,WHOSIS_000001,90E2E48,WHOSIS_000001,2015,YEAR,410,COUNTRY,PUBLISHED,Life expectancy (at birth),Republic of Korea,TOTAL,82.40187033
90E2E48WHOSIS_000001,WHOSIS_000001,90E2E48,WHOSIS_000001,2014,YEAR,620,COUNTRY,PUBLISHED,Life expectancy (at birth),Portugal,TOTAL,80.89996435
90E2E48WHOSIS_000001,WHOSIS_000001,90E2E48,WHOSIS_000001,2015,YEAR,398,COUNTRY,PUBLISHED,Life expectancy (at birth),Kazakhstan,TOTAL,71.97923102
90E2E48WHOSIS_000001,WHOSIS_000001,90E2E48,WHOSIS_000001,2013,YEAR,604,COUNTRY,PUBLISHED,Life expectancy (at birth),Peru,FEMALE,80.97729862
90E2E48WHOSIS_000001,WHOSIS_000001,90E2E48,WHOSIS_000001,2013,YEAR,554,COUNTRY,PUBLISHED,Life expectancy (at birth),New Zealand,FEMALE,83.07904236
90E2E48WHOSIS_000001,WHOSIS_000001,90E2E48,WHOSIS_000001,2013,YEAR,578,COUNTRY,PUBLISHED,Life expectancy (at birth),Norway,FEMALE,83.30382934
90E2E48WHOSIS_000001,WHOSIS_000001,90E2E48,WHOSIS_000001,2002,YEAR,706,COUNTRY,PUBLISHED,Life expectancy (at birth),Somalia,FEMALE,51.72057146
90E2E48WHOSIS_000001,WHOSIS_000001,90E2E48,WHOSIS_000001,2002,YEAR,724,COUNTRY,PUBLISHED,Life expectancy (at birth),Spain,FEMALE,82.81449507
90E2E48WHOSIS_000001,WHOSIS_000001,90E2E48,WHOSIS_000001,2002,YEAR,710,COUNTRY,PUBLISHED,Life expectancy (at birth),South Africa,FEMALE,56.05057568
90E2E48WHOSIS_000001,WHOSIS_000001,90E2E48,WHOSIS_000001,2002,YEAR,716,COUNTRY,PUBLISHED,Life expectancy (at birth),Zimbabwe,FEMALE,45.69676448
90E2E48WHOSIS_000001,WHOSIS_000001,90E2E48,WHOSIS_000001,2002,YEAR,756,COUNTRY,PUBLISHED,Life expectancy (at birth),Switzerland,FEMALE,82.80968287
90E2E48WHOSIS_000001,WHOSIS_000001,90E2E48,WHOSIS_000001,2002,YEAR,752,COUNTRY,PUBLISHED,Life expectancy (at birth),Sweden,FEMALE,81.82555044
90E2E48WHOSIS_000001,WHOSIS_000001,90E2E48,WHOSIS_000001,2003,YEAR,250,COUNTRY,PUBLISHED,Life expectancy (at birth),France,FEMALE,82.39497204
90E2E48WHOSIS_000001,WHOSIS_000001,90E2E48,WHOSIS_000001,2009,YEAR,4,COUNTRY,PUBLISHED,Life expectancy (at birth),Afghanistan,TOTAL,58.52946588
90E2E48WHOSIS_000001,WHOSIS_000001,90E2E48,WHOSIS_000001,2009,YEAR,32,COUNTRY,PUBLISHED,Life expectancy (at birth),Argentina,TOTAL,75.85194237
90E2E48WHOSIS_000001,WHOSIS_000001,90E2E48,WHOSIS_000001,2009,YEAR,36,COUNTRY,PUBLISHED,Life expectancy (at birth),Australia,TOTAL,81.75260531
90E2E48WHOSIS_000001,WHOSIS_000001,90E2E48,WHOSIS_000001,2009,YEAR,48,COUNTRY,PUBLISHED,Life expectancy (at birth),Bahrain,TOTAL,73.40666919
90E2E48WHOSIS_000001,WHOSIS_000001,90E2E48,WHOSIS_000001,2009,YEAR,50,COUNTRY,PUBLISHED,Life expectancy (at birth),Bangladesh,TOTAL,69.60483119
90E2E48WHOSIS_000001,WHOSIS_000001,90E2E48,WHOSIS_000001,2020,YEAR,372,COUNTRY,PUBLISHED,Life expectancy (at birth),Ireland,TOTAL,81.69720975
90E2E48WHOSIS_000001,WHOSIS_000001,90E2E48,WHOSIS_000001,2020,YEAR,376,COUNTRY,PUBLISHED,Life expectancy (at birth),Israel,TOTAL,82.36508912
90E2E48WHOSIS_000001,WHOSIS_000001,90E2E48,WHOSIS_000001,2015,YEAR,414,COUNTRY,PUBLISHED,Life expectancy (at birth),Kuwait,TOTAL,81.44722022
90E2E48WHOSIS_000001,WHOSIS_000001,90E2E48,WHOSIS_000001,2015,YEAR,434,COUNTRY,PUBLISHED,Life expectancy (at birth),Libya,TOTAL,72.65332031
90E2E48WHOSIS_000001,WHOSIS_000001,90E2E48,WHOSIS_000001,2016,YEAR,156,COUNTRY,PUBLISHED,Life expectancy (at birth),China,TOTAL,76.71571735
90E2E48WHOSIS_000001,WHOSIS_000001,90E2E48,WHOSIS_000001,2003,YEAR,268,COUNTRY,PUBLISHED,Life expectancy (at birth),Georgia,FEMALE,74.19297045
90E2E48WHOSIS_000001,WHOSIS_000001,90E2E48,WHOSIS_000001,2003,YEAR,246,COUNTRY,PUBLISHED,Life expectancy (at birth),Finland,FEMALE,81.62337866
90E2E48WHOSIS_000001,WHOSIS_000001,90E2E48,WHOSIS_000001,2003,YEAR,276,COUNTRY,PUBLISHED,Life expectancy (at birth),Germany,FEMALE,81.09586612
90E2E48WHOSIS_000001,WHOSIS_000001,90E2E48,WHOSIS_000001,2003,YEAR,894,COUNTRY,PUBLISHED,Life expectancy (at birth),Zambia,FEMALE,48.04394395
90E2E48WHOSIS_000001,WHOSIS_000001,90E2E48,WHOSIS_000001,2013,YEAR,586,COUNTRY,PUBLISHED,Life expectancy (at birth),Pakistan,FEMALE,65.931458
90E2E48WHOSIS_000001,WHOSIS_000001,90E2E48,WHOSIS_000001,2013,YEAR,608,COUNTRY,PUBLISHED,Life expectancy (at birth),Philippines,FEMALE,73.66415936
90E2E48WHOSIS_000001,WHOSIS_000001,90E2E48,WHOSIS_000001,2013,YEAR,682,COUNTRY,PUBLISHED,Life expectancy (at birth),Saudi Arabia,FEMALE,78.46426333
90E2E48WHOSIS_000001,WHOSIS_000001,90E2E48,WHOSIS_000001,2013,YEAR,616,COUNTRY,PUBLISHED,Life expectancy (at birth),Poland,FEMALE,80.8045168
90E2E48WHOSIS_000001,WHOSIS_000001,90E2E48,WHOSIS_000001,2013,YEAR,620,COUNTRY,PUBLISHED,Life expectancy (at birth),Portugal,FEMALE,83.51946389
90E2E48WHOSIS_000001,WHOSIS_000001,90E2E48,WHOSIS_000001,2013,YEAR,634,COUNTRY,PUBLISHED,Life expectancy (at birth),Qatar,FEMALE,77.79706282
90E2E48WHOSIS_000001,WHOSIS_000001,90E2E48,WHOSIS_000001,2013,YEAR,642,COUNTRY,PUBLISHED,Life expectancy (at birth),Romania,FEMALE,78.50389882
90E2E48WHOSIS_000001,WHOSIS_000001,90E2E48,WHOSIS_000001,2013,YEAR,643,COUNTRY,PUBLISHED,Life expectancy (at birth),Russian Federation,FEMALE,76.25484909
90E2E48WHOSIS_000001,WHOSIS_000001,90E2E48,WHOSIS_000001,2003,YEAR,887,COUNTRY,PUBLISHED,Life expectancy (at birth),Yemen,FEMALE,66.26459163
90E2E48WHOSIS_000001,WHOSIS_000001,90E2E48,WHOSIS_000001,2004,YEAR,4,COUNTRY,PUBLISHED,Life expectancy (at birth),Afghanistan,FEMALE,56.64747215
90E2E48WHOSIS_000001,WHOSIS_000001,90E2E48,WHOSIS_000001,2012,YEAR,954,WHOREGION,PUBLISHED,Life expectancy (at birth),Americas,MALE,73.91438209
90E2E48WHOSIS_000001,WHOSIS_000001,90E2E48,WHOSIS_000001,2003,YEAR,955,WHOREGION,PUBLISHED,Life expectancy (at birth),South-East Asia,FEMALE,66.96683381
90E2E48WHOSIS_000001,WHOSIS_000001,90E2E48,WHOSIS_000001,2003,YEAR,956,WHOREGION,PUBLISHED,Life expectancy (at birth),Europe,FEMALE,76.85212836
90E2E48WHOSIS_000001,WHOSIS_000001,90E2E48,WHOSIS_000001,2003,YEAR,953,WHOREGION,PUBLISHED,Life expectancy (at birth),Africa,FEMALE,55.52733296
90E2E48WHOSIS_000001,WHOSIS_000001,90E2E48,WHOSIS_000001,2004,YEAR,32,COUNTRY,PUBLISHED,Life expectancy (at birth),Argentina,FEMALE,78.29798825
90E2E48WHOSIS_000001,WHOSIS_000001,90E2E48,WHOSIS_000001,2004,YEAR,36,COUNTRY,PUBLISHED,Life expectancy (at birth),Australia,FEMALE,83.04710701
90E2E48WHOSIS_000001,WHOSIS_000001,90E2E48,WHOSIS_000001,2016,YEAR,144,COUNTRY,PUBLISHED,Life expectancy (at birth),Sri Lanka,TOTAL,76.7665914
90E2E48WHOSIS_000001,WHOSIS_000001,90E2E48,WHOSIS_000001,2015,YEAR,268,COUNTRY,PUBLISHED,Life expectancy (at birth),Georgia,TOTAL,72.85013916
90E2E48WHOSIS_000001,WHOSIS_000001,90E2E48,WHOSIS_000001,2015,YEAR,276,COUNTRY,PUBLISHED,Life expectancy (at birth),Germany,TOTAL,80.4259243
90E2E48WHOSIS_000001,WHOSIS_000001,90E2E48,WHOSIS_000001,2014,YEAR,764,COUNTRY,PUBLISHED,Life expectancy (at birth),Thailand,TOTAL,76.7567559
90E2E48WHOSIS_000001,WHOSIS_000001,90E2E48,WHOSIS_000001,2014,YEAR,752,COUNTRY,PUBLISHED,Life expectancy (at birth),Sweden,TOTAL,81.92750078
90E2E48WHOSIS_000001,WHOSIS_000001,90E2E48,WHOSIS_000001,2014,YEAR,756,COUNTRY,PUBLISHED,Life expectancy (at birth),Switzerland,TOTAL,82.84919576
90E2E48WHOSIS_000001,WHOSIS_000001,90E2E48,WHOSIS_000001,2015,YEAR,300,COUNTRY,PUBLISHED,Life expectancy (at birth),Greece,TOTAL,80.41608244
90E2E48WHOSIS_000001,WHOSIS_000001,90E2E48,WHOSIS_000001,2015,YEAR,308,COUNTRY,PUBLISHED,Life expectancy (at birth),Grenada,TOTAL,72.54736101
90E2E48WHOSIS_000001,WHOSIS_000001,90E2E48,WHOSIS_000001,2021,YEAR,124,COUNTRY,PUBLISHED,Life expectancy (at birth),Canada,TOTAL,81.58276248
90E2E48WHOSIS_000001,WHOSIS_000001,90E2E48,WHOSIS_000001,2021,YEAR,104,COUNTRY,PUBLISHED,Life expectancy (at birth),Myanmar,TOTAL,67.84580637
90E2E48WHOSIS_000001,WHOSIS_000001,90E2E48,WHOSIS_000001,2020,YEAR,380,COUNTRY,PUBLISHED,Life expectancy (at birth),Italy,TOTAL,81.93997914
90E2E48WHOSIS_000001,WHOSIS_000001,90E2E48,WHOSIS_000001,2021,YEAR,764,COUNTRY,PUBLISHED,Life expectancy (at birth),Thailand,TOTAL,75.29014364
90E2E48WHOSIS_000001,WHOSIS_000001,90E2E48,WHOSIS_000001,2015,YEAR,352,COUNTRY,PUBLISHED,Life expectancy (at birth),Iceland,TOTAL,82.12605142
90E2E48WHOSIS_000001,WHOSIS_000001,90E2E48,WHOSIS_000001,2015,YEAR,356,COUNTRY,PUBLISHED,Life expectancy (at birth),India,TOTAL,69.3779891
90E2E48WHOSIS_000001,WHOSIS_000001,90E2E48,WHOSIS_000001,2015,YEAR,360,COUNTRY,PUBLISHED,Life expectancy (at birth),Indonesia,TOTAL,70.53899644
90E2E48WHOSIS_000001,WHOSIS_000001,90E2E48,WHOSIS_000001,2015,YEAR,372,COUNTRY,PUBLISHED,Life expectancy (at birth),Ireland,TOTAL,81.13790588
90E2E48WHOSIS_000001,WHOSIS_000001,90E2E48,WHOSIS_000001,2015,YEAR,578,COUNTRY,PUBLISHED,Life expectancy (at birth),Norway,TOTAL,81.99495023
90E2E48WHOSIS_000001,WHOSIS_000001,90E2E48,WHOSIS_000001,2015,YEAR,376,COUNTRY,PUBLISHED,Life expectancy (at birth),Israel,TOTAL,81.91113219
90E2E48WHOSIS_000001,WHOSIS_000001,90E2E48,WHOSIS_000001,2015,YEAR,380,COUNTRY,PUBLISHED,Life expectancy (at birth),Italy,TOTAL,82.20433624
90E2E48WHOSIS_000001,WHOSIS_000001,90E2E48,WHOSIS_000001,2021,YEAR,156,COUNTRY,PUBLISHED,Life expectancy (at birth),China,TOTAL,77.61619672
90E2E48WHOSIS_000001,WHOSIS_000001,90E2E48,WHOSIS_000001,2021,YEAR,170,COUNTRY,PUBLISHED,Life expectancy (at birth),Colombia,TOTAL,74.53297363
90E2E48WHOSIS_000001,WHOSIS_000001,90E2E48,WHOSIS_000001,2021,YEAR,144,COUNTRY,PUBLISHED,Life expectancy (at birth),Sri Lanka,TOTAL,77.22895472
90E2E48WHOSIS_000001,WHOSIS_000001,90E2E48,WHOSIS_000001,2021,YEAR,784,COUNTRY,PUBLISHED,Life expectancy (at birth),United Arab Emirates,TOTAL,78.30645695
90E2E48WHOSIS_000001,WHOSIS_000001,90E2E48,WHOSIS_000001,2021,YEAR,818,COUNTRY,PUBLISHED,Life expectancy (at birth),Egypt,TOTAL,69.10821615
90E2E48WHOSIS_000001,WHOSIS_000001,90E2E48,WHOSIS_000001,2004,YEAR,752,COUNTRY,PUBLISHED,Life expectancy (at birth),Sweden,FEMALE,82.37069748
90E2E48WHOSIS_000001,WHOSIS_000001,90E2E48,WHOSIS_000001,2004,YEAR,756,COUNTRY,PUBLISHED,Life expectancy (at birth),Switzerland,FEMALE,83.26411435
90E2E48WHOSIS_000001,WHOSIS_000001,90E2E48,WHOSIS_000001,2003,YEAR,32,COUNTRY,PUBLISHED,Life expectancy (at birth),Argentina,MALE,70.70497823
90E2E48WHOSIS_000001,WHOSIS_000001,90E2E48,WHOSIS_000001,2003,YEAR,36,COUNTRY,PUBLISHED,Life expectancy (at birth),Australia,MALE,78.19773413
90E2E48WHOSIS_000001,WHOSIS_000001,90E2E48,WHOSIS_000001,2003,YEAR,4,COUNTRY,PUBLISHED,Life expectancy (at birth),Afghanistan,MALE,55.94945784
90E2E48WHOSIS_000001,WHOSIS_000001,90E2E48,WHOSIS_000001,2021,YEAR,840,COUNTRY,PUBLISHED,Life expectancy (at birth),United States of America,TOTAL,76.37368104
90E2E48WHOSIS_000001,WHOSIS_000001,90E2E48,WHOSIS_000001,2015,YEAR,364,COUNTRY,PUBLISHED,Life expectancy (at birth),Iran (Islamic Republic of),TOTAL,77.27827213
90E2E48WHOSIS_000001,WHOSIS_000001,90E2E48,WHOSIS_000001,2015,YEAR,368,COUNTRY,PUBLISHED,Life expectancy (at birth),Iraq,TOTAL,71.00605468
90E2E48WHOSIS_000001,WHOSIS_000001,90E2E48,WHOSIS_000001,2015,YEAR,388,COUNTRY,PUBLISHED,Life expectancy (at birth),Jamaica,TOTAL,72.28943851
90E2E48WHOSIS_000001,WHOSIS_000001,90E2E48,WHOSIS_000001,2015,YEAR,392,COUNTRY,PUBLISHED,Life expectancy (at birth),Japan,TOTAL,83.99957263
90E2E48WHOSIS_000001,WHOSIS_000001,90E2E48,WHOSIS_000001,2015,YEAR,586,COUNTRY,PUBLISHED,Life expectancy (at birth),Pakistan,TOTAL,65.69975806
90E2E48WHOSIS_000001,WHOSIS_000001,90E2E48,WHOSIS_000001,2015,YEAR,604,COUNTRY,PUBLISHED,Life expectancy (at birth),Peru,TOTAL,80.33747677
90E2E48WHOSIS_000001,WHOSIS_000001,90E2E48,WHOSIS_000001,2015,YEAR,620,COUNTRY,PUBLISHED,Life expectancy (at birth),Portugal,TOTAL,80.89189476
90E2E48WHOSIS_000001,WHOSIS_000001,90E2E48,WHOSIS_000001,2015,YEAR,608,COUNTRY,PUBLISHED,Life expectancy (at birth),Philippines,TOTAL,69.51615532
90E2E48WHOSIS_000001,WHOSIS_000001,90E2E48,WHOSIS_000001,2013,YEAR,48,COUNTRY,PUBLISHED,Life expectancy (at birth),Bahrain,FEMALE,75.71542125
90E2E48WHOSIS_000001,WHOSIS_000001,90E2E48,WHOSIS_000001,2013,YEAR,50,COUNTRY,PUBLISHED,Life expectancy (at birth),Bangladesh,FEMALE,73.71865295
90E2E48WHOSIS_000001,WHOSIS_000001,90E2E48,WHOSIS_000001,2013,YEAR,56,COUNTRY,PUBLISHED,Life expectancy (at birth),Belgium,FEMALE,82.68693128
90E2E48WHOSIS_000001,WHOSIS_000001,90E2E48,WHOSIS_000001,2013,YEAR,76,COUNTRY,PUBLISHED,Life expectancy (at birth),Brazil,FEMALE,77.92403284
90E2E48WHOSIS_000001,WHOSIS_000001,90E2E48,WHOSIS_000001,2013,YEAR,702,COUNTRY,PUBLISHED,Life expectancy (at birth),Singapore,FEMALE,84.50129973
90E2E48WHOSIS_000001,WHOSIS_000001,90E2E48,WHOSIS_000001,2014,YEAR,56,COUNTRY,PUBLISHED,Life expectancy (at birth),Belgium,FEMALE,83.27119692
90E2E48WHOSIS_000001,WHOSIS_000001,90E2E48,WHOSIS_000001,2003,YEAR,56,COUNTRY,PUBLISHED,Life expectancy (at birth),Belgium,MALE,75.26765303
90E2E48WHOSIS_000001,WHOSIS_000001,90E2E48,WHOSIS_000001,2003,YEAR,48,COUNTRY,PUBLISHED,Life expectancy (at birth),Bahrain,MALE,69.87300202
90E2E48WHOSIS_000001,WHOSIS_000001,90E2E48,WHOSIS_000001,2003,YEAR,50,COUNTRY,PUBLISHED,Life expectancy (at birth),Bangladesh,MALE,65.20359609
90E2E48WHOSIS_000001,WHOSIS_000001,90E2E48,WHOSIS_000001,2007,YEAR,308,COUNTRY,PUBLISHED,Life expectancy (at birth),Grenada,MALE,68.12268094
90E2E48WHOSIS_000001,WHOSIS_000001,90E2E48,WHOSIS_000001,2003,YEAR,616,COUNTRY,PUBLISHED,Life expectancy (at birth),Poland,MALE,70.42037503
90E2E48WHOSIS_000001,WHOSIS_000001,90E2E48,WHOSIS_000001,2003,YEAR,620,COUNTRY,PUBLISHED,Life expectancy (at birth),Portugal,MALE,74.04364966
90E2E48WHOSIS_000001,WHOSIS_000001,90E2E48,WHOSIS_000001,2009,YEAR,268,COUNTRY,PUBLISHED,Life expectancy (at birth),Georgia,TOTAL,71.32156688
90E2E48WHOSIS_000001,WHOSIS_000001,90E2E48,WHOSIS_000001,2009,YEAR,246,COUNTRY,PUBLISHED,Life expectancy (at birth),Finland,TOTAL,79.70604252
90E2E48WHOSIS_000001,WHOSIS_000001,90E2E48,WHOSIS_000001,2009,YEAR,250,COUNTRY,PUBLISHED,Life expectancy (at birth),France,TOTAL,81.04063075
90E2E48WHOSIS_000001,WHOSIS_000001,90E2E48,WHOSIS_000001,2009,YEAR,887,COUNTRY,PUBLISHED,Life expectancy (at birth),Yemen,TOTAL,67.58534902
90E2E48WHOSIS_000001,WHOSIS_000001,90E2E48,WHOSIS_000001,2009,YEAR,894,COUNTRY,PUBLISHED,Life expectancy (at birth),Zambia,TOTAL,56.61649649
90E2E48WHOSIS_000001,WHOSIS_000001,90E2E48,WHOSIS_000001,2010,YEAR,268,COUNTRY,PUBLISHED,Life expectancy (at birth),Georgia,TOTAL,71.81805259
90E2E48WHOSIS_000001,WHOSIS_000001,90E2E48,WHOSIS_000001,2015,YEAR,616,COUNTRY,PUBLISHED,Life expectancy (at birth),Poland,TOTAL,77.27808527
90E2E48WHOSIS_000001,WHOSIS_000001,90E2E48,WHOSIS_000001,2015,YEAR,682,COUNTRY,PUBLISHED,Life expectancy (at birth),Saudi Arabia,TOTAL,76.88889936
90E2E48WHOSIS_000001,WHOSIS_000001,90E2E48,WHOSIS_000001,2015,YEAR,643,COUNTRY,PUBLISHED,Life expectancy (at birth),Russian Federation,TOTAL,71.29790344
90E2E48WHOSIS_000001,WHOSIS_000001,90E2E48,WHOSIS_000001,2015,YEAR,634,COUNTRY,PUBLISHED,Life expectancy (at birth),Qatar,TOTAL,77.79140376
90E2E48WHOSIS_000001,WHOSIS_000001,90E2E48,WHOSIS_000001,2015,YEAR,642,COUNTRY,PUBLISHED,Life expectancy (at birth),Romania,TOTAL,74.90936922
90E2E48WHOSIS_000001,WHOSIS_000001,90E2E48,WHOSIS_000001,2016,YEAR,480,COUNTRY,PUBLISHED,Life expectancy (at birth),Mauritius,TOTAL,74.15809377
90E2E48WHOSIS_000001,WHOSIS_000001,90E2E48,WHOSIS_000001,2016,YEAR,484,COUNTRY,PUBLISHED,Life expectancy (at birth),Mexico,TOTAL,75.76103333
90E2E48WHOSIS_000001,WHOSIS_000001,90E2E48,WHOSIS_000001,2009,YEAR,276,COUNTRY,PUBLISHED,Life expectancy (at birth),Germany,TOTAL,79.99437865
90E2E48WHOSIS_000001,WHOSIS_000001,90E2E48,WHOSIS_000001,2010,YEAR,276,COUNTRY,PUBLISHED,Life expectancy (at birth),Germany,TOTAL,80.18047005
90E2E48WHOSIS_000001,WHOSIS_000001,90E2E48,WHOSIS_000001,2010,YEAR,300,COUNTRY,PUBLISHED,Life expectancy (at birth),Greece,TOTAL,80.23861699
90E2E48WHOSIS_000001,WHOSIS_000001,90E2E48,WHOSIS_000001,2010,YEAR,308,COUNTRY,PUBLISHED,Life expectancy (at birth),Grenada,TOTAL,71.08230057
90E2E48WHOSIS_000001,WHOSIS_000001,90E2E48,WHOSIS_000001,2003,YEAR,76,COUNTRY,PUBLISHED,Life expectancy (at birth),Brazil,MALE,68.87851376
90E2E48WHOSIS_000001,WHOSIS_000001,90E2E48,WHOSIS_000001,2007,YEAR,410,COUNTRY,PUBLISHED,Life expectancy (at birth),Republic of Korea,MALE,76.02763493
90E2E48WHOSIS_000001,WHOSIS_000001,90E2E48,WHOSIS_000001,2007,YEAR,414,COUNTRY,PUBLISHED,Life expectancy (at birth),Kuwait,MALE,77.59974978
90E2E48WHOSIS_000001,WHOSIS_000001,90E2E48,WHOSIS_000001,2003,YEAR,634,COUNTRY,PUBLISHED,Life expectancy (at birth),Qatar,MALE,69.5718869
90E2E48WHOSIS_000001,WHOSIS_000001,90E2E48,WHOSIS_000001,2003,YEAR,642,COUNTRY,PUBLISHED,Life expectancy (at birth),Romania,MALE,67.61412772
90E2E48WHOSIS_000001,WHOSIS_000001,90E2E48,WHOSIS_000001,2003,YEAR,643,COUNTRY,PUBLISHED,Life expectancy (at birth),Russian Federation,MALE,58.44678134
90E2E48WHOSIS_000001,WHOSIS_000001,90E2E48,WHOSIS_000001,2007,YEAR,404,COUNTRY,PUBLISHED,Life expectancy (at birth),Kenya,MALE,56.89152192
90E2E48WHOSIS_000001,WHOSIS_000001,90E2E48,WHOSIS_000001,2007,YEAR,434,COUNTRY,PUBLISHED,Life expectancy (at birth),Libya,MALE,73.02743847
90E2E48WHOSIS_000001,WHOSIS_000001,90E2E48,WHOSIS_000001,2010,YEAR,604,COUNTRY,PUBLISHED,Life expectancy (at birth),Peru,TOTAL,78.21420603
90E2E48WHOSIS_000001,WHOSIS_000001,90E2E48,WHOSIS_000001,2010,YEAR,642,COUNTRY,PUBLISHED,Life expectancy (at birth),Romania,TOTAL,73.69918195
90E2E48WHOSIS_000001,WHOSIS_000001,90E2E48,WHOSIS_000001,2010,YEAR,643,COUNTRY,PUBLISHED,Life expectancy (at birth),Russian Federation,TOTAL,68.82506177
90E2E48WHOSIS_000001,WHOSIS_000001,90E2E48,WHOSIS_000001,2010,YEAR,682,COUNTRY,PUBLISHED,Life expectancy (at birth),Saudi Arabia,TOTAL,74.89591575
90E2E48WHOSIS_000001,WHOSIS_000001,90E2E48,WHOSIS_000001,2010,YEAR,608,COUNTRY,PUBLISHED,Life expectancy (at birth),Philippines,TOTAL,69.68865207
90E2E48WHOSIS_000001,WHOSIS_000001,90E2E48,WHOSIS_000001,2010,YEAR,616,COUNTRY,PUBLISHED,Life expectancy (at birth),Poland,TOTAL,76.23355347
90E2E48WHOSIS_000001,WHOSIS_000001,90E2E48,WHOSIS_000001,2010,YEAR,620,COUNTRY,PUBLISHED,Life expectancy (at birth),Portugal,TOTAL,79.74021661
90E2E48WHOSIS_000001,WHOSIS_000001,90E2E48,WHOSIS_000001,2015,YEAR,702,COUNTRY,PUBLISHED,Life expectancy (at birth),Singapore,TOTAL,82.84921063
90E2E48WHOSIS_000001,WHOSIS_000001,90E2E48,WHOSIS_000001,2014,YEAR,682,COUNTRY,PUBLISHED,Life expectancy (at birth),Saudi Arabia,TOTAL,77.22323995
90E2E48WHOSIS_000001,WHOSIS_000001,90E2E48,WHOSIS_000001,2016,YEAR,764,COUNTRY,PUBLISHED,Life expectancy (at birth),Thailand,TOTAL,76.9976755
90E2E48WHOSIS_000001,WHOSIS_000001,90E2E48,WHOSIS_000001,2013,YEAR,104,COUNTRY,PUBLISHED,Life expectancy (at birth),Myanmar,FEMALE,69.72846104
90E2E48WHOSIS_000001,WHOSIS_000001,90E2E48,WHOSIS_000001,2014,YEAR,76,COUNTRY,PUBLISHED,Life expectancy (at birth),Brazil,FEMALE,78.14548496
90E2E48WHOSIS_000001,WHOSIS_000001,90E2E48,WHOSIS_000001,2014,YEAR,104,COUNTRY,PUBLISHED,Life expectancy (at birth),Myanmar,FEMALE,70.29699169
90E2E48WHOSIS_000001,WHOSIS_000001,90E2E48,WHOSIS_000001,2014,YEAR,724,COUNTRY,PUBLISHED,Life expectancy (at birth),Spain,TOTAL,82.58446278
90E2E48WHOSIS_000001,WHOSIS_000001,90E2E48,WHOSIS_000001,2014,YEAR,702,COUNTRY,PUBLISHED,Life expectancy (at birth),Singapore,TOTAL,82.60495523
90E2E48WHOSIS_000001,WHOSIS_000001,90E2E48,WHOSIS_000001,2014,YEAR,710,COUNTRY,PUBLISHED,Life expectancy (at birth),South Africa,TOTAL,62.78312708
90E2E48WHOSIS_000001,WHOSIS_000001,90E2E48,WHOSIS_000001,2014,YEAR,706,COUNTRY,PUBLISHED,Life expectancy (at birth),Somalia,TOTAL,53.08816189
90E2E48WHOSIS_000001,WHOSIS_000001,90E2E48,WHOSIS_000001,2014,YEAR,716,COUNTRY,PUBLISHED,Life expectancy (at birth),Zimbabwe,TOTAL,56.95717402
90E2E48WHOSIS_000001,WHOSIS_000001,90E2E48,WHOSIS_000001,2015,YEAR,246,COUNTRY,PUBLISHED,Life expectancy (at birth),Finland,TOTAL,81.19884704
90E2E48WHOSIS_000001,WHOSIS_000001,90E2E48,WHOSIS_000001,2015,YEAR,250,COUNTRY,PUBLISHED,Life expectancy (at birth),France,TOTAL,81.90513823
90E2E48WHOSIS_000001,WHOSIS_000001,90E2E48,WHOSIS_000001,2007,YEAR,480,COUNTRY,PUBLISHED,Life expectancy (at birth),Mauritius,MALE,69.25537196
90E2E48WHOSIS_000001,WHOSIS_000001,90E2E48,WHOSIS_000001,2007,YEAR,484,COUNTRY,PUBLISHED,Life expectancy (at birth),Mexico,MALE,73.14556917
90E2E48WHOSIS_000001,WHOSIS_000001,90E2E48,WHOSIS_000001,2007,YEAR,496,COUNTRY,PUBLISHED,Life expectancy (at birth),Mongolia,MALE,62.3491263
90E2E48WHOSIS_000001,WHOSIS_000001,90E2E48,WHOSIS_000001,2007,YEAR,634,COUNTRY,PUBLISHED,Life expectancy (at birth),Qatar,MALE,71.2850135
90E2E48WHOSIS_000001,WHOSIS_000001,90E2E48,WHOSIS_000001,2007,YEAR,642,COUNTRY,PUBLISHED,Life expectancy (at birth),Romania,MALE,69.61975823
90E2E48WHOSIS_000001,WHOSIS_000001,90E2E48,WHOSIS_000001,2007,YEAR,643,COUNTRY,PUBLISHED,Life expectancy (at birth),Russian Federation,MALE,61.33827933
90E2E48WHOSIS_000001,WHOSIS_000001,90E2E48,WHOSIS_000001,2007,YEAR,682,COUNTRY,PUBLISHED,Life expectancy (at birth),Saudi Arabia,MALE,71.44917216
90E2E48WHOSIS_000001,WHOSIS_000001,90E2E48,WHOSIS_000001,2006,YEAR,48,COUNTRY,PUBLISHED,Life expectancy (at birth),Bahrain,MALE,70.86791725
90E2E48WHOSIS_000001,WHOSIS_000001,90E2E48,WHOSIS_000001,2006,YEAR,50,COUNTRY,PUBLISHED,Life expectancy (at birth),Bangladesh,MALE,66.30518779
90E2E48WHOSIS_000001,WHOSIS_000001,90E2E48,WHOSIS_000001,2006,YEAR,104,COUNTRY,PUBLISHED,Life expectancy (at birth),Myanmar,MALE,59.58667846
90E2E48WHOSIS_000001,WHOSIS_000001,90E2E48,WHOSIS_000001,2010,YEAR,706,COUNTRY,PUBLISHED,Life expectancy (at birth),Somalia,TOTAL,49.52620758
90E2E48WHOSIS_000001,WHOSIS_000001,90E2E48,WHOSIS_000001,2010,YEAR,710,COUNTRY,PUBLISHED,Life expectancy (at birth),South Africa,TOTAL,57.09683041
90E2E48WHOSIS_000001,WHOSIS_000001,90E2E48,WHOSIS_000001,2010,YEAR,634,COUNTRY,PUBLISHED,Life expectancy (at birth),Qatar,TOTAL,73.45657467
90E2E48WHOSIS_000001,WHOSIS_000001,90E2E48,WHOSIS_000001,2010,YEAR,702,COUNTRY,PUBLISHED,Life expectancy (at birth),Singapore,TOTAL,81.76163848
90E2E48WHOSIS_000001,WHOSIS_000001,90E2E48,WHOSIS_000001,2017,YEAR,48,COUNTRY,PUBLISHED,Life expectancy (at birth),Bahrain,TOTAL,75.71095601
90E2E48WHOSIS_000001,WHOSIS_000001,90E2E48,WHOSIS_000001,2017,YEAR,50,COUNTRY,PUBLISHED,Life expectancy (at birth),Bangladesh,TOTAL,73.37868377
90E2E48WHOSIS_000001,WHOSIS_000001,90E2E48,WHOSIS_000001,2017,YEAR,818,COUNTRY,PUBLISHED,Life expectancy (at birth),Egypt,TOTAL,71.25138812
90E2E48WHOSIS_000001,WHOSIS_000001,90E2E48,WHOSIS_000001,2006,YEAR,76,COUNTRY,PUBLISHED,Life expectancy (at birth),Brazil,MALE,69.9589146
90E2E48WHOSIS_000001,WHOSIS_000001,90E2E48,WHOSIS_000001,2006,YEAR,56,COUNTRY,PUBLISHED,Life expectancy (at birth),Belgium,MALE,76.48160609
90E2E48WHOSIS_000001,WHOSIS_000001,90E2E48,WHOSIS_000001,2006,YEAR,156,COUNTRY,PUBLISHED,Life expectancy (at birth),China,MALE,70.80833362
90E2E48WHOSIS_000001,WHOSIS_000001,90E2E48,WHOSIS_000001,2006,YEAR,170,COUNTRY,PUBLISHED,Life expectancy (at birth),Colombia,MALE,71.59128079
90E2E48WHOSIS_000001,WHOSIS_000001,90E2E48,WHOSIS_000001,2006,YEAR,124,COUNTRY,PUBLISHED,Life expectancy (at birth),Canada,MALE,78.09626472
90E2E48WHOSIS_000001,WHOSIS_000001,90E2E48,WHOSIS_000001,2017,YEAR,32,COUNTRY,PUBLISHED,Life expectancy (at birth),Argentina,TOTAL,76.64354126
90E2E48WHOSIS_000001,WHOSIS_000001,90E2E48,WHOSIS_000001,2017,YEAR,36,COUNTRY,PUBLISHED,Life expectancy (at birth),Australia,TOTAL,82.67971308
90E2E48WHOSIS_000001,WHOSIS_000001,90E2E48,WHOSIS_000001,2017,YEAR,953,WHOREGION,PUBLISHED,Life expectancy (at birth),Africa,TOTAL,63.36220568
90E2E48WHOSIS_000001,WHOSIS_000001,90E2E48,WHOSIS_000001,2012,YEAR,954,WHOREGION,PUBLISHED,Life expectancy (at birth),Americas,FEMALE,79.34218897
90E2E48WHOSIS_000001,WHOSIS_000001,90E2E48,WHOSIS_000001,2018,YEAR,144,COUNTRY,PUBLISHED,Life expectancy (at birth),Sri Lanka,TOTAL,77.17579214
90E2E48WHOSIS_000001,WHOSIS_000001,90E2E48,WHOSIS_000001,2006,YEAR,144,COUNTRY,PUBLISHED,Life expectancy (at birth),Sri Lanka,MALE,69.33964765
90E2E48WHOSIS_000001,WHOSIS_000001,90E2E48,WHOSIS_000001,2018,YEAR,752,COUNTRY,PUBLISHED,Life expectancy (at birth),Sweden,MALE,80.6115298
90E2E48WHOSIS_000001,WHOSIS_000001,90E2E48,WHOSIS_000001,2018,YEAR,756,COUNTRY,PUBLISHED,Life expectancy (at birth),Switzerland,MALE,81.52853149
90E2E48WHOSIS_000001,WHOSIS_000001,90E2E48,WHOSIS_000001,2018,YEAR,710,COUNTRY,PUBLISHED,Life expectancy (at birth),South Africa,MALE,61.98056984
90E2E48WHOSIS_000001,WHOSIS_000001,90E2E48,WHOSIS_000001,2018,YEAR,716,COUNTRY,PUBLISHED,Life expectancy (at birth),Zimbabwe,MALE,56.51192048
90E2E48WHOSIS_000001,WHOSIS_000001,90E2E48,WHOSIS_000001,2018,YEAR,724,COUNTRY,PUBLISHED,Life expectancy (at birth),Spain,MALE,80.15362426
90E2E48WHOSIS_000001,WHOSIS_000001,90E2E48,WHOSIS_000001,2016,YEAR,643,COUNTRY,PUBLISHED,Life expectancy (at birth),Russian Federation,TOTAL,71.6156235
90E2E48WHOSIS_000001,WHOSIS_000001,90E2E48,WHOSIS_000001,2015,YEAR,554,COUNTRY,PUBLISHED,Life expectancy (at birth),New Zealand,TOTAL,81.31375727
90E2E48WHOSIS_000001,WHOSIS_000001,90E2E48,WHOSIS_000001,2016,YEAR,642,COUNTRY,PUBLISHED,Life expectancy (at birth),Romania,TOTAL,75.08359177
90E2E48WHOSIS_000001,WHOSIS_000001,90E2E48,WHOSIS_000001,2016,YEAR,682,COUNTRY,PUBLISHED,Life expectancy (at birth),Saudi Arabia,TOTAL,76.75114086
90E2E48WHOSIS_000001,WHOSIS_000001,90E2E48,WHOSIS_000001,2014,YEAR,144,COUNTRY,PUBLISHED,Life expectancy (at birth),Sri Lanka,FEMALE,79.27126977
90E2E48WHOSIS_000001,WHOSIS_000001,90E2E48,WHOSIS_000001,2014,YEAR,124,COUNTRY,PUBLISHED,Life expectancy (at birth),Canada,FEMALE,83.47468449
90E2E48WHOSIS_000001,WHOSIS_000001,90E2E48,WHOSIS_000001,2014,YEAR,480,COUNTRY,PUBLISHED,Life expectancy (at birth),Mauritius,FEMALE,77.40056268
90E2E48WHOSIS_000001,WHOSIS_000001,90E2E48,WHOSIS_000001,2014,YEAR,484,COUNTRY,PUBLISHED,Life expectancy (at birth),Mexico,FEMALE,78.48297119
90E2E48WHOSIS_000001,WHOSIS_000001,90E2E48,WHOSIS_000001,2014,YEAR,496,COUNTRY,PUBLISHED,Life expectancy (at birth),Mongolia,FEMALE,73.33613101
90E2E48WHOSIS_000001,WHOSIS_000001,90E2E48,WHOSIS_000001,2014,YEAR,156,COUNTRY,PUBLISHED,Life expectancy (at birth),China,FEMALE,79.41411702
90E2E48WHOSIS_000001,WHOSIS_000001,90E2E48,WHOSIS_000001,2003,YEAR,192,COUNTRY,PUBLISHED,Life expectancy (at birth),Cuba,MALE,75.58202346
90E2E48WHOSIS_000001,WHOSIS_000001,90E2E48,WHOSIS_000001,2016,YEAR,706,COUNTRY,PUBLISHED,Life expectancy (at birth),Somalia,TOTAL,53.9446075
90E2E48WHOSIS_000001,WHOSIS_000001,90E2E48,WHOSIS_000001,2016,YEAR,710,COUNTRY,PUBLISHED,Life expectancy (at birth),South Africa,TOTAL,63.87748533
90E2E48WHOSIS_000001,WHOSIS_000001,90E2E48,WHOSIS_000001,2016,YEAR,702,COUNTRY,PUBLISHED,Life expectancy (at birth),Singapore,TOTAL,83.24199269
90E2E48WHOSIS_000001,WHOSIS_000001,90E2E48,WHOSIS_000001,2016,YEAR,716,COUNTRY,PUBLISHED,Life expectancy (at birth),Zimbabwe,TOTAL,57.9178434
90E2E48WHOSIS_000001,WHOSIS_000001,90E2E48,WHOSIS_000001,2016,YEAR,724,COUNTRY,PUBLISHED,Life expectancy (at birth),Spain,TOTAL,82.73070599
90E2E48WHOSIS_000001,WHOSIS_000001,90E2E48,WHOSIS_000001,2018,YEAR,764,COUNTRY,PUBLISHED,Life expectancy (at birth),Thailand,MALE,73.63979218
90E2E48WHOSIS_000001,WHOSIS_000001,90E2E48,WHOSIS_000001,2018,YEAR,784,COUNTRY,PUBLISHED,Life expectancy (at birth),United Arab Emirates,MALE,80.75667446
90E2E48WHOSIS_000001,WHOSIS_000001,90E2E48,WHOSIS_000001,2018,YEAR,818,COUNTRY,PUBLISHED,Life expectancy (at birth),Egypt,MALE,68.81463552
90E2E48WHOSIS_000001,WHOSIS_000001,90E2E48,WHOSIS_000001,2006,YEAR,604,COUNTRY,PUBLISHED,Life expectancy (at birth),Peru,MALE,76.61269126
90E2E48WHOSIS_000001,WHOSIS_000001,90E2E48,WHOSIS_000001,2018,YEAR,124,COUNTRY,PUBLISHED,Life expectancy (at birth),Canada,TOTAL,81.73382897
90E2E48WHOSIS_000001,WHOSIS_000001,90E2E48,WHOSIS_000001,2018,YEAR,524,COUNTRY,PUBLISHED,Life expectancy (at birth),Nepal,TOTAL,71.10245577
90E2E48WHOSIS_000001,WHOSIS_000001,90E2E48,WHOSIS_000001,2018,YEAR,156,COUNTRY,PUBLISHED,Life expectancy (at birth),China,TOTAL,77.14021145
90E2E48WHOSIS_000001,WHOSIS_000001,90E2E48,WHOSIS_000001,2018,YEAR,170,COUNTRY,PUBLISHED,Life expectancy (at birth),Colombia,TOTAL,77.82372796
90E2E48WHOSIS_000001,WHOSIS_000001,90E2E48,WHOSIS_000001,2018,YEAR,578,COUNTRY,PUBLISHED,Life expectancy (at birth),Norway,TOTAL,82.44230107
90E2E48WHOSIS_000001,WHOSIS_000001,90E2E48,WHOSIS_000001,2018,YEAR,554,COUNTRY,PUBLISHED,Life expectancy (at birth),New Zealand,TOTAL,81.75540508
90E2E48WHOSIS_000001,WHOSIS_000001,90E2E48,WHOSIS_000001,2006,YEAR,620,COUNTRY,PUBLISHED,Life expectancy (at birth),Portugal,MALE,75.2781267
90E2E48WHOSIS_000001,WHOSIS_000001,90E2E48,WHOSIS_000001,2006,YEAR,608,COUNTRY,PUBLISHED,Life expectancy (at birth),Philippines,MALE,65.33496456
90E2E48WHOSIS_000001,WHOSIS_000001,90E2E48,WHOSIS_000001,2006,YEAR,616,COUNTRY,PUBLISHED,Life expectancy (at birth),Poland,MALE,70.84819045
90E2E48WHOSIS_000001,WHOSIS_000001,90E2E48,WHOSIS_000001,2006,YEAR,643,COUNTRY,PUBLISHED,Life expectancy (at birth),Russian Federation,MALE,60.30440355
90E2E48WHOSIS_000001,WHOSIS_000001,90E2E48,WHOSIS_000001,2006,YEAR,634,COUNTRY,PUBLISHED,Life expectancy (at birth),Qatar,MALE,70.78763457
90E2E48WHOSIS_000001,WHOSIS_000001,90E2E48,WHOSIS_000001,2006,YEAR,642,COUNTRY,PUBLISHED,Life expectancy (at birth),Romania,MALE,69.15509464
90E2E48WHOSIS_000001,WHOSIS_000001,90E2E48,WHOSIS_000001,2006,YEAR,682,COUNTRY,PUBLISHED,Life expectancy (at birth),Saudi Arabia,MALE,71.10560795
90E2E48WHOSIS_000001,WHOSIS_000001,90E2E48,WHOSIS_000001,2006,YEAR,702,COUNTRY,PUBLISHED,Life expectancy (at birth),Singapore,MALE,78.76318646
90E2E48WHOSIS_000001,WHOSIS_000001,90E2E48,WHOSIS_000001,2006,YEAR,706,COUNTRY,PUBLISHED,Life expectancy (at birth),Somalia,MALE,47.64724144
90E2E48WHOSIS_000001,WHOSIS_000001,90E2E48,WHOSIS_000001,2006,YEAR,710,COUNTRY,PUBLISHED,Life expectancy (at birth),South Africa,MALE,50.35679552
90E2E48WHOSIS_000001,WHOSIS_000001,90E2E48,WHOSIS_000001,2001,YEAR,372,COUNTRY,PUBLISHED,Life expectancy (at birth),Ireland,MALE,74.45307835
90E2E48WHOSIS_000001,WHOSIS_000001,90E2E48,WHOSIS_000001,2001,YEAR,376,COUNTRY,PUBLISHED,Life expectancy (at birth),Israel,MALE,76.45866675
90E2E48WHOSIS_000001,WHOSIS_000001,90E2E48,WHOSIS_000001,2001,YEAR,380,COUNTRY,PUBLISHED,Life expectancy (at birth),Italy,MALE,76.70236232
90E2E48WHOSIS_000001,WHOSIS_000001,90E2E48,WHOSIS_000001,2006,YEAR,716,COUNTRY,PUBLISHED,Life expectancy (at birth),Zimbabwe,MALE,45.92273317
90E2E48WHOSIS_000001,WHOSIS_000001,90E2E48,WHOSIS_000001,2001,YEAR,368,COUNTRY,PUBLISHED,Life expectancy (at birth),Iraq,MALE,67.22405139
90E2E48WHOSIS_000001,WHOSIS_000001,90E2E48,WHOSIS_000001,2001,YEAR,398,COUNTRY,PUBLISHED,Life expectancy (at birth),Kazakhstan,MALE,59.34431715
90E2E48WHOSIS_000001,WHOSIS_000001,90E2E48,WHOSIS_000001,2001,YEAR,400,COUNTRY,PUBLISHED,Life expectancy (at birth),Jordan,MALE,74.40232218
90E2E48WHOSIS_000001,WHOSIS_000001,90E2E48,WHOSIS_000001,2001,YEAR,404,COUNTRY,PUBLISHED,Life expectancy (at birth),Kenya,MALE,53.19375135
90E2E48WHOSIS_000001,WHOSIS_000001,90E2E48,WHOSIS_000001,2001,YEAR,388,COUNTRY,PUBLISHED,Life expectancy (at birth),Jamaica,MALE,69.93620994
90E2E48WHOSIS_000001,WHOSIS_000001,90E2E48,WHOSIS_000001,2001,YEAR,392,COUNTRY,PUBLISHED,Life expectancy (at birth),Japan,MALE,78.40939079
90E2E48WHOSIS_000001,WHOSIS_000001,90E2E48,WHOSIS_000001,2001,YEAR,410,COUNTRY,PUBLISHED,Life expectancy (at birth),Republic of Korea,MALE,72.9806704
90E2E48WHOSIS_000001,WHOSIS_000001,90E2E48,WHOSIS_000001,2001,YEAR,414,COUNTRY,PUBLISHED,Life expectancy (at birth),Kuwait,MALE,77.80628008
90E2E48WHOSIS_000001,WHOSIS_000001,90E2E48,WHOSIS_000001,2001,YEAR,434,COUNTRY,PUBLISHED,Life expectancy (at birth),Libya,MALE,71.85966909
90E2E48WHOSIS_000001,WHOSIS_000001,90E2E48,WHOSIS_000001,2003,YEAR,702,COUNTRY,PUBLISHED,Life expectancy (at birth),Singapore,MALE,77.23537322
90E2E48WHOSIS_000001,WHOSIS_000001,90E2E48,WHOSIS_000001,2003,YEAR,682,COUNTRY,PUBLISHED,Life expectancy (at birth),Saudi Arabia,MALE,70.32376237
90E2E48WHOSIS_000001,WHOSIS_000001,90E2E48,WHOSIS_000001,2003,YEAR,706,COUNTRY,PUBLISHED,Life expectancy (at birth),Somalia,MALE,47.37228411
90E2E48WHOSIS_000001,WHOSIS_000001,90E2E48,WHOSIS_000001,2014,YEAR,512,COUNTRY,PUBLISHED,Life expectancy (at birth),Oman,FEMALE,77.56981986
90E2E48WHOSIS_000001,WHOSIS_000001,90E2E48,WHOSIS_000001,2014,YEAR,524,COUNTRY,PUBLISHED,Life expectancy (at birth),Nepal,FEMALE,71.95143313
90E2E48WHOSIS_000001,WHOSIS_000001,90E2E48,WHOSIS_000001,2003,YEAR,752,COUNTRY,PUBLISHED,Life expectancy (at birth),Sweden,MALE,77.81346661
90E2E48WHOSIS_000001,WHOSIS_000001,90E2E48,WHOSIS_000001,2003,YEAR,710,COUNTRY,PUBLISHED,Life expectancy (at birth),South Africa,MALE,51.08792253
90E2E48WHOSIS_000001,WHOSIS_000001,90E2E48,WHOSIS_000001,2003,YEAR,716,COUNTRY,PUBLISHED,Life expectancy (at birth),Zimbabwe,MALE,44.72555132
90E2E48WHOSIS_000001,WHOSIS_000001,90E2E48,WHOSIS_000001,2003,YEAR,724,COUNTRY,PUBLISHED,Life expectancy (at birth),Spain,MALE,76.17439675
90E2E48WHOSIS_000001,WHOSIS_000001,90E2E48,WHOSIS_000001,2004,YEAR,496,COUNTRY,PUBLISHED,Life expectancy (at birth),Mongolia,MALE,60.84342491
90E2E48WHOSIS_000001,WHOSIS_000001,90E2E48,WHOSIS_000001,2002,YEAR,268,COUNTRY,PUBLISHED,Life expectancy (at birth),Georgia,MALE,66.03363789
90E2E48WHOSIS_000001,WHOSIS_000001,90E2E48,WHOSIS_000001,2002,YEAR,276,COUNTRY,PUBLISHED,Life expectancy (at birth),Germany,MALE,75.62349761
90E2E48WHOSIS_000001,WHOSIS_000001,90E2E48,WHOSIS_000001,2002,YEAR,352,COUNTRY,PUBLISHED,Life expectancy (at birth),Iceland,MALE,78.42499179
90E2E48WHOSIS_000001,WHOSIS_000001,90E2E48,WHOSIS_000001,2012,YEAR,818,COUNTRY,PUBLISHED,Life expectancy (at birth),Egypt,FEMALE,72.6501481
90E2E48WHOSIS_000001,WHOSIS_000001,90E2E48,WHOSIS_000001,2012,YEAR,840,COUNTRY,PUBLISHED,Life expectancy (at birth),United States of America,FEMALE,80.90535107
90E2E48WHOSIS_000001,WHOSIS_000001,90E2E48,WHOSIS_000001,2012,YEAR,953,WHOREGION,PUBLISHED,Life expectancy (at birth),Africa,FEMALE,62.72974003
90E2E48WHOSIS_000001,WHOSIS_000001,90E2E48,WHOSIS_000001,2012,YEAR,954,WHOREGION,PUBLISHED,Life expectancy (at birth),Americas,TOTAL,76.62675954
90E2E48WHOSIS_000001,WHOSIS_000001,90E2E48,WHOSIS_000001,2012,YEAR,955,WHOREGION,PUBLISHED,Life expectancy (at birth),South-East Asia,FEMALE,70.90003346
90E2E48WHOSIS_000001,WHOSIS_000001,90E2E48,WHOSIS_000001,2012,YEAR,887,COUNTRY,PUBLISHED,Life expectancy (at birth),Yemen,FEMALE,70.13174564
90E2E48WHOSIS_000001,WHOSIS_000001,90E2E48,WHOSIS_000001,2012,YEAR,894,COUNTRY,PUBLISHED,Life expectancy (at birth),Zambia,FEMALE,60.8319756
90E2E48WHOSIS_000001,WHOSIS_000001,90E2E48,WHOSIS_000001,2004,YEAR,480,COUNTRY,PUBLISHED,Life expectancy (at birth),Mauritius,MALE,68.71979935
90E2E48WHOSIS_000001,WHOSIS_000001,90E2E48,WHOSIS_000001,2004,YEAR,484,COUNTRY,PUBLISHED,Life expectancy (at birth),Mexico,MALE,72.69390689
90E2E48WHOSIS_000001,WHOSIS_000001,90E2E48,WHOSIS_000001,2004,YEAR,578,COUNTRY,PUBLISHED,Life expectancy (at birth),Norway,MALE,77.41113675
90E2E48WHOSIS_000001,WHOSIS_000001,90E2E48,WHOSIS_000001,2004,YEAR,512,COUNTRY,PUBLISHED,Life expectancy (at birth),Oman,MALE,70.58586706
90E2E48WHOSIS_000001,WHOSIS_000001,90E2E48,WHOSIS_000001,2004,YEAR,524,COUNTRY,PUBLISHED,Life expectancy (at birth),Nepal,MALE,66.35851539
90E2E48WHOSIS_000001,WHOSIS_000001,90E2E48,WHOSIS_000001,2002,YEAR,356,COUNTRY,PUBLISHED,Life expectancy (at birth),India,MALE,63.0487568
90E2E48WHOSIS_000001,WHOSIS_000001,90E2E48,WHOSIS_000001,2002,YEAR,300,COUNTRY,PUBLISHED,Life expectancy (at birth),Greece,MALE,76.62933359
90E2E48WHOSIS_000001,WHOSIS_000001,90E2E48,WHOSIS_000001,2002,YEAR,308,COUNTRY,PUBLISHED,Life expectancy (at birth),Grenada,MALE,67.57002865
90E2E48WHOSIS_000001,WHOSIS_000001,90E2E48,WHOSIS_000001,2002,YEAR,360,COUNTRY,PUBLISHED,Life expectancy (at birth),Indonesia,MALE,66.36904773
90E2E48WHOSIS_000001,WHOSIS_000001,90E2E48,WHOSIS_000001,2002,YEAR,364,COUNTRY,PUBLISHED,Life expectancy (at birth),Iran (Islamic Republic of),MALE,72.38206139
90E2E48WHOSIS_000001,WHOSIS_000001,90E2E48,WHOSIS_000001,2002,YEAR,368,COUNTRY,PUBLISHED,Life expectancy (at birth),Iraq,MALE,67.46953813
90E2E48WHOSIS_000001,WHOSIS_000001,90E2E48,WHOSIS_000001,2002,YEAR,372,COUNTRY,PUBLISHED,Life expectancy (at birth),Ireland,MALE,74.86858817
90E2E48WHOSIS_000001,WHOSIS_000001,90E2E48,WHOSIS_000001,2002,YEAR,376,COUNTRY,PUBLISHED,Life expectancy (at birth),Israel,MALE,76.15058443
90E2E48WHOSIS_000001,WHOSIS_000001,90E2E48,WHOSIS_000001,2002,YEAR,380,COUNTRY,PUBLISHED,Life expectancy (at birth),Italy,MALE,77.01303453
90E2E48WHOSIS_000001,WHOSIS_000001,90E2E48,WHOSIS_000001,2006,YEAR,956,WHOREGION,PUBLISHED,Life expectancy (at birth),Europe,MALE,70.21714842
90E2E48WHOSIS_000001,WHOSIS_000001,90E2E48,WHOSIS_000001,2007,YEAR,300,COUNTRY,PUBLISHED,Life expectancy (at birth),Greece,MALE,77.01317707
90E2E48WHOSIS_000001,WHOSIS_000001,90E2E48,WHOSIS_000001,2003,YEAR,524,COUNTRY,PUBLISHED,Life expectancy (at birth),Nepal,MALE,66.15851154
90E2E48WHOSIS_000001,WHOSIS_000001,90E2E48,WHOSIS_000001,2002,YEAR,953,WHOREGION,PUBLISHED,Life expectancy (at birth),Africa,MALE,52.5273572
90E2E48WHOSIS_000001,WHOSIS_000001,90E2E48,WHOSIS_000001,2013,YEAR,954,WHOREGION,PUBLISHED,Life expectancy (at birth),Americas,MALE,74.04401387
90E2E48WHOSIS_000001,WHOSIS_000001,90E2E48,WHOSIS_000001,2004,YEAR,554,COUNTRY,PUBLISHED,Life expectancy (at birth),New Zealand,MALE,77.13818567
90E2E48WHOSIS_000001,WHOSIS_000001,90E2E48,WHOSIS_000001,2004,YEAR,586,COUNTRY,PUBLISHED,Life expectancy (at birth),Pakistan,MALE,61.85502918
90E2E48WHOSIS_000001,WHOSIS_000001,90E2E48,WHOSIS_000001,2005,YEAR,268,COUNTRY,PUBLISHED,Life expectancy (at birth),Georgia,MALE,67.79663203
90E2E48WHOSIS_000001,WHOSIS_000001,90E2E48,WHOSIS_000001,2005,YEAR,276,COUNTRY,PUBLISHED,Life expectancy (at birth),Germany,MALE,76.5675704
90E2E48WHOSIS_000001,WHOSIS_000001,90E2E48,WHOSIS_000001,2005,YEAR,246,COUNTRY,PUBLISHED,Life expectancy (at birth),Finland,MALE,75.60917696
90E2E48WHOSIS_000001,WHOSIS_000001,90E2E48,WHOSIS_000001,2005,YEAR,250,COUNTRY,PUBLISHED,Life expectancy (at birth),France,MALE,76.64075736
90E2E48WHOSIS_000001,WHOSIS_000001,90E2E48,WHOSIS_000001,2002,YEAR,955,WHOREGION,PUBLISHED,Life expectancy (at birth),South-East Asia,MALE,63.60546265
90E2E48WHOSIS_000001,WHOSIS_000001,90E2E48,WHOSIS_000001,2003,YEAR,554,COUNTRY,PUBLISHED,Life expectancy (at birth),New Zealand,MALE,76.86183563
90E2E48WHOSIS_000001,WHOSIS_000001,90E2E48,WHOSIS_000001,2003,YEAR,578,COUNTRY,PUBLISHED,Life expectancy (at birth),Norway,MALE,76.96661792
90E2E48WHOSIS_000001,WHOSIS_000001,90E2E48,WHOSIS_000001,2004,YEAR,352,COUNTRY,PUBLISHED,Life expectancy (at birth),Iceland,MALE,78.96299755
90E2E48WHOSIS_000001,WHOSIS_000001,90E2E48,WHOSIS_000001,2004,YEAR,356,COUNTRY,PUBLISHED,Life expectancy (at birth),India,MALE,63.68414694
90E2E48WHOSIS_000001,WHOSIS_000001,90E2E48,WHOSIS_000001,2003,YEAR,604,COUNTRY,PUBLISHED,Life expectancy (at birth),Peru,MALE,75.04509119
90E2E48WHOSIS_000001,WHOSIS_000001,90E2E48,WHOSIS_000001,2003,YEAR,608,COUNTRY,PUBLISHED,Life expectancy (at birth),Philippines,MALE,65.68670673
90E2E48WHOSIS_000001,WHOSIS_000001,90E2E48,WHOSIS_000001,2005,YEAR,352,COUNTRY,PUBLISHED,Life expectancy (at birth),Iceland,MALE,79.15279039
90E2E48WHOSIS_000001,WHOSIS_000001,90E2E48,WHOSIS_000001,2005,YEAR,356,COUNTRY,PUBLISHED,Life expectancy (at birth),India,MALE,64.17898874
90E2E48WHOSIS_000001,WHOSIS_000001,90E2E48,WHOSIS_000001,2005,YEAR,300,COUNTRY,PUBLISHED,Life expectancy (at birth),Greece,MALE,76.98607158
90E2E48WHOSIS_000001,WHOSIS_000001,90E2E48,WHOSIS_000001,2005,YEAR,308,COUNTRY,PUBLISHED,Life expectancy (at birth),Grenada,MALE,67.53742941
90E2E48WHOSIS_000001,WHOSIS_000001,90E2E48,WHOSIS_000001,2005,YEAR,360,COUNTRY,PUBLISHED,Life expectancy (at birth),Indonesia,MALE,66.76344921
90E2E48WHOSIS_000001,WHOSIS_000001,90E2E48,WHOSIS_000001,2005,YEAR,364,COUNTRY,PUBLISHED,Life expectancy (at birth),Iran (Islamic Republic of),MALE,72.98759934
90E2E48WHOSIS_000001,WHOSIS_000001,90E2E48,WHOSIS_000001,2005,YEAR,368,COUNTRY,PUBLISHED,Life expectancy (at birth),Iraq,MALE,65.07986118
90E2E48WHOSIS_000001,WHOSIS_000001,90E2E48,WHOSIS_000001,2001,YEAR,104,COUNTRY,PUBLISHED,Life expectancy (at birth),Myanmar,MALE,57.41228697
90E2E48WHOSIS_000001,WHOSIS_000001,90E2E48,WHOSIS_000001,2003,YEAR,586,COUNTRY,PUBLISHED,Life expectancy (at birth),Pakistan,MALE,61.63990982
90E2E48WHOSIS_000001,WHOSIS_000001,90E2E48,WHOSIS_000001,2004,YEAR,360,COUNTRY,PUBLISHED,Life expectancy (at birth),Indonesia,MALE,65.20292402
90E2E48WHOSIS_000001,WHOSIS_000001,90E2E48,WHOSIS_000001,2004,YEAR,392,COUNTRY,PUBLISHED,Life expectancy (at birth),Japan,MALE,78.97549925
90E2E48WHOSIS_000001,WHOSIS_000001,90E2E48,WHOSIS_000001,2004,YEAR,398,COUNTRY,PUBLISHED,Life expectancy (at birth),Kazakhstan,MALE,59.53828832
90E2E48WHOSIS_000001,WHOSIS_000001,90E2E48,WHOSIS_000001,2004,YEAR,400,COUNTRY,PUBLISHED,Life expectancy (at birth),Jordan,MALE,75.57666069
90E2E48WHOSIS_000001,WHOSIS_000001,90E2E48,WHOSIS_000001,2004,YEAR,404,COUNTRY,PUBLISHED,Life expectancy (at birth),Kenya,MALE,54.24843597
90E2E48WHOSIS_000001,WHOSIS_000001,90E2E48,WHOSIS_000001,2004,YEAR,364,COUNTRY,PUBLISHED,Life expectancy (at birth),Iran (Islamic Republic of),MALE,72.7353193
90E2E48WHOSIS_000001,WHOSIS_000001,90E2E48,WHOSIS_000001,2004,YEAR,368,COUNTRY,PUBLISHED,Life expectancy (at birth),Iraq,MALE,65.79373387
90E2E48WHOSIS_000001,WHOSIS_000001,90E2E48,WHOSIS_000001,2004,YEAR,372,COUNTRY,PUBLISHED,Life expectancy (at birth),Ireland,MALE,75.93998811
90E2E48WHOSIS_000001,WHOSIS_000001,90E2E48,WHOSIS_000001,2004,YEAR,376,COUNTRY,PUBLISHED,Life expectancy (at birth),Israel,MALE,77.32422535
90E2E48WHOSIS_000001,WHOSIS_000001,90E2E48,WHOSIS_000001,2004,YEAR,380,COUNTRY,PUBLISHED,Life expectancy (at birth),Italy,MALE,77.69725945
90E2E48WHOSIS_000001,WHOSIS_000001,90E2E48,WHOSIS_000001,2004,YEAR,388,COUNTRY,PUBLISHED,Life expectancy (at birth),Jamaica,MALE,71.94012705
90E2E48WHOSIS_000001,WHOSIS_000001,90E2E48,WHOSIS_000001,2012,YEAR,956,WHOREGION,PUBLISHED,Life expectancy (at birth),Europe,FEMALE,79.74715841
90E2E48WHOSIS_000001,WHOSIS_000001,90E2E48,WHOSIS_000001,2013,YEAR,32,COUNTRY,PUBLISHED,Life expectancy (at birth),Argentina,FEMALE,79.42354872
90E2E48WHOSIS_000001,WHOSIS_000001,90E2E48,WHOSIS_000001,2013,YEAR,36,COUNTRY,PUBLISHED,Life expectancy (at birth),Australia,FEMALE,84.38030048
90E2E48WHOSIS_000001,WHOSIS_000001,90E2E48,WHOSIS_000001,2013,YEAR,4,COUNTRY,PUBLISHED,Life expectancy (at birth),Afghanistan,FEMALE,61.00436847
90E2E48WHOSIS_000001,WHOSIS_000001,90E2E48,WHOSIS_000001,2001,YEAR,124,COUNTRY,PUBLISHED,Life expectancy (at birth),Canada,MALE,76.79837892
90E2E48WHOSIS_000001,WHOSIS_000001,90E2E48,WHOSIS_000001,2001,YEAR,144,COUNTRY,PUBLISHED,Life expectancy (at birth),Sri Lanka,MALE,68.41648225
90E2E48WHOSIS_000001,WHOSIS_000001,90E2E48,WHOSIS_000001,2001,YEAR,156,COUNTRY,PUBLISHED,Life expectancy (at birth),China,MALE,68.85609984
90E2E48WHOSIS_000001,WHOSIS_000001,90E2E48,WHOSIS_000001,2001,YEAR,634,COUNTRY,PUBLISHED,Life expectancy (at birth),Qatar,MALE,68.99456196
90E2E48WHOSIS_000001,WHOSIS_000001,90E2E48,WHOSIS_000001,2001,YEAR,642,COUNTRY,PUBLISHED,Life expectancy (at birth),Romania,MALE,67.63496543
90E2E48WHOSIS_000001,WHOSIS_000001,90E2E48,WHOSIS_000001,2001,YEAR,643,COUNTRY,PUBLISHED,Life expectancy (at birth),Russian Federation,MALE,58.80000275
90E2E48WHOSIS_000001,WHOSIS_000001,90E2E48,WHOSIS_000001,2001,YEAR,682,COUNTRY,PUBLISHED,Life expectancy (at birth),Saudi Arabia,MALE,69.72172697
90E2E48WHOSIS_000001,WHOSIS_000001,90E2E48,WHOSIS_000001,2005,YEAR,156,COUNTRY,PUBLISHED,Life expectancy (at birth),China,MALE,70.02147907
90E2E48WHOSIS_000001,WHOSIS_000001,90E2E48,WHOSIS_000001,2005,YEAR,170,COUNTRY,PUBLISHED,Life expectancy (at birth),Colombia,MALE,71.26889749
90E2E48WHOSIS_000001,WHOSIS_000001,90E2E48,WHOSIS_000001,2004,YEAR,410,COUNTRY,PUBLISHED,Life expectancy (at birth),Republic of Korea,MALE,74.46899759
90E2E48WHOSIS_000001,WHOSIS_000001,90E2E48,WHOSIS_000001,2004,YEAR,414,COUNTRY,PUBLISHED,Life expectancy (at birth),Kuwait,MALE,77.09060539
90E2E48WHOSIS_000001,WHOSIS_000001,90E2E48,WHOSIS_000001,2005,YEAR,124,COUNTRY,PUBLISHED,Life expectancy (at birth),Canada,MALE,77.64482634
90E2E48WHOSIS_000001,WHOSIS_000001,90E2E48,WHOSIS_000001,2005,YEAR,887,COUNTRY,PUBLISHED,Life expectancy (at birth),Yemen,MALE,64.10264868
90E2E48WHOSIS_000001,WHOSIS_000001,90E2E48,WHOSIS_000001,2001,YEAR,702,COUNTRY,PUBLISHED,Life expectancy (at birth),Singapore,MALE,76.84743197
90E2E48WHOSIS_000001,WHOSIS_000001,90E2E48,WHOSIS_000001,2001,YEAR,710,COUNTRY,PUBLISHED,Life expectancy (at birth),South Africa,MALE,53.29003541
90E2E48WHOSIS_000001,WHOSIS_000001,90E2E48,WHOSIS_000001,2001,YEAR,716,COUNTRY,PUBLISHED,Life expectancy (at birth),Zimbabwe,MALE,44.91497527
90E2E48WHOSIS_000001,WHOSIS_000001,90E2E48,WHOSIS_000001,2001,YEAR,724,COUNTRY,PUBLISHED,Life expectancy (at birth),Spain,MALE,76.01907422
90E2E48WHOSIS_000001,WHOSIS_000001,90E2E48,WHOSIS_000001,2001,YEAR,706,COUNTRY,PUBLISHED,Life expectancy (at birth),Somalia,MALE,47.20073526
90E2E48WHOSIS_000001,WHOSIS_000001,90E2E48,WHOSIS_000001,2013,YEAR,953,WHOREGION,PUBLISHED,Life expectancy (at birth),Africa,FEMALE,63.40615684
90E2E48WHOSIS_000001,WHOSIS_000001,90E2E48,WHOSIS_000001,2013,YEAR,954,WHOREGION,PUBLISHED,Life expectancy (at birth),Americas,FEMALE,79.42444218
90E2E48WHOSIS_000001,WHOSIS_000001,90E2E48,WHOSIS_000001,2013,YEAR,955,WHOREGION,PUBLISHED,Life expectancy (at birth),South-East Asia,FEMALE,71.18351804
90E2E48WHOSIS_000001,WHOSIS_000001,90E2E48,WHOSIS_000001,2013,YEAR,887,COUNTRY,PUBLISHED,Life expectancy (at birth),Yemen,FEMALE,70.49004287
90E2E48WHOSIS_000001,WHOSIS_000001,90E2E48,WHOSIS_000001,2013,YEAR,894,COUNTRY,PUBLISHED,Life expectancy (at birth),Zambia,FEMALE,61.37186559
90E2E48WHOSIS_000001,WHOSIS_000001,90E2E48,WHOSIS_000001,2013,YEAR,956,WHOREGION,PUBLISHED,Life expectancy (at birth),Europe,FEMALE,80.03936736
90E2E48WHOSIS_000001,WHOSIS_000001,90E2E48,WHOSIS_000001,2005,YEAR,144,COUNTRY,PUBLISHED,Life expectancy (at birth),Sri Lanka,MALE,69.50492375
90E2E48WHOSIS_000001,WHOSIS_000001,90E2E48,WHOSIS_000001,2005,YEAR,953,WHOREGION,PUBLISHED,Life expectancy (at birth),Africa,MALE,54.33549046
90E2E48WHOSIS_000001,WHOSIS_000001,90E2E48,WHOSIS_000001,2005,YEAR,840,COUNTRY,PUBLISHED,Life expectancy (at birth),United States of America,MALE,75.00635287
90E2E48WHOSIS_000001,WHOSIS_000001,90E2E48,WHOSIS_000001,2005,YEAR,894,COUNTRY,PUBLISHED,Life expectancy (at birth),Zambia,MALE,48.66247405
90E2E48WHOSIS_000001,WHOSIS_000001,90E2E48,WHOSIS_000001,2013,YEAR,954,WHOREGION,PUBLISHED,Life expectancy (at birth),Americas,TOTAL,76.73116014
90E2E48WHOSIS_000001,WHOSIS_000001,90E2E48,WHOSIS_000001,2005,YEAR,955,WHOREGION,PUBLISHED,Life expectancy (at birth),South-East Asia,MALE,64.74927255
90E2E48WHOSIS_000001,WHOSIS_000001,90E2E48,WHOSIS_000001,2001,YEAR,752,COUNTRY,PUBLISHED,Life expectancy (at birth),Sweden,MALE,77.442667
90E2E48WHOSIS_000001,WHOSIS_000001,90E2E48,WHOSIS_000001,2001,YEAR,756,COUNTRY,PUBLISHED,Life expectancy (at birth),Switzerland,MALE,77.29196439
90E2E48WHOSIS_000001,WHOSIS_000001,90E2E48,WHOSIS_000001,2002,YEAR,388,COUNTRY,PUBLISHED,Life expectancy (at birth),Jamaica,MALE,70.92816825
90E2E48WHOSIS_000001,WHOSIS_000001,90E2E48,WHOSIS_000001,2002,YEAR,392,COUNTRY,PUBLISHED,Life expectancy (at birth),Japan,MALE,78.66935559
90E2E48WHOSIS_000001,WHOSIS_000001,90E2E48,WHOSIS_000001,2002,YEAR,398,COUNTRY,PUBLISHED,Life expectancy (at birth),Kazakhstan,MALE,59.70488315
90E2E48WHOSIS_000001,WHOSIS_000001,90E2E48,WHOSIS_000001,2001,YEAR,764,COUNTRY,PUBLISHED,Life expectancy (at birth),Thailand,MALE,68.11219559
90E2E48WHOSIS_000001,WHOSIS_000001,90E2E48,WHOSIS_000001,2002,YEAR,410,COUNTRY,PUBLISHED,Life expectancy (at birth),Republic of Korea,MALE,73.47874509
90E2E48WHOSIS_000001,WHOSIS_000001,90E2E48,WHOSIS_000001,2002,YEAR,414,COUNTRY,PUBLISHED,Life expectancy (at birth),Kuwait,MALE,76.90150657
90E2E48WHOSIS_000001,WHOSIS_000001,90E2E48,WHOSIS_000001,2002,YEAR,400,COUNTRY,PUBLISHED,Life expectancy (at birth),Jordan,MALE,74.8260079
90E2E48WHOSIS_000001,WHOSIS_000001,90E2E48,WHOSIS_000001,2014,YEAR,4,COUNTRY,PUBLISHED,Life expectancy (at birth),Afghanistan,FEMALE,61.29263706
90E2E48WHOSIS_000001,WHOSIS_000001,90E2E48,WHOSIS_000001,2014,YEAR,32,COUNTRY,PUBLISHED,Life expectancy (at birth),Argentina,FEMALE,79.65047524
90E2E48WHOSIS_000001,WHOSIS_000001,90E2E48,WHOSIS_000001,2014,YEAR,36,COUNTRY,PUBLISHED,Life expectancy (at birth),Australia,FEMALE,84.21590932
90E2E48WHOSIS_000001,WHOSIS_000001,90E2E48,WHOSIS_000001,2014,YEAR,48,COUNTRY,PUBLISHED,Life expectancy (at birth),Bahrain,FEMALE,76.43169498
90E2E48WHOSIS_000001,WHOSIS_000001,90E2E48,WHOSIS_000001,2002,YEAR,404,COUNTRY,PUBLISHED,Life expectancy (at birth),Kenya,MALE,53.44438838
90E2E48WHOSIS_000001,WHOSIS_000001,90E2E48,WHOSIS_000001,2002,YEAR,434,COUNTRY,PUBLISHED,Life expectancy (at birth),Libya,MALE,71.36433847
90E2E48WHOSIS_000001,WHOSIS_000001,90E2E48,WHOSIS_000001,2003,YEAR,104,COUNTRY,PUBLISHED,Life expectancy (at birth),Myanmar,MALE,58.26226444
90E2E48WHOSIS_000001,WHOSIS_000001,90E2E48,WHOSIS_000001,2007,YEAR,524,COUNTRY,PUBLISHED,Life expectancy (at birth),Nepal,MALE,67.43230292
90E2E48WHOSIS_000001,WHOSIS_000001,90E2E48,WHOSIS_000001,2010,YEAR,276,COUNTRY,PUBLISHED,Life expectancy (at birth),Germany,MALE,77.77691729
90E2E48WHOSIS_000001,WHOSIS_000001,90E2E48,WHOSIS_000001,2010,YEAR,300,COUNTRY,PUBLISHED,Life expectancy (at birth),Greece,MALE,77.93456349
90E2E48WHOSIS_000001,WHOSIS_000001,90E2E48,WHOSIS_000001,2009,YEAR,887,COUNTRY,PUBLISHED,Life expectancy (at birth),Yemen,MALE,65.87318061
90E2E48WHOSIS_000001,WHOSIS_000001,90E2E48,WHOSIS_000001,2009,YEAR,894,COUNTRY,PUBLISHED,Life expectancy (at birth),Zambia,MALE,54.31167932
90E2E48WHOSIS_000001,WHOSIS_000001,90E2E48,WHOSIS_000001,2010,YEAR,268,COUNTRY,PUBLISHED,Life expectancy (at birth),Georgia,MALE,67.29362238
90E2E48WHOSIS_000001,WHOSIS_000001,90E2E48,WHOSIS_000001,2010,YEAR,308,COUNTRY,PUBLISHED,Life expectancy (at birth),Grenada,MALE,68.26587801
90E2E48WHOSIS_000001,WHOSIS_000001,90E2E48,WHOSIS_000001,2007,YEAR,512,COUNTRY,PUBLISHED,Life expectancy (at birth),Oman,MALE,70.94644118
90E2E48WHOSIS_000001,WHOSIS_000001,90E2E48,WHOSIS_000001,2007,YEAR,578,COUNTRY,PUBLISHED,Life expectancy (at birth),Norway,MALE,78.16219099
90E2E48WHOSIS_000001,WHOSIS_000001,90E2E48,WHOSIS_000001,2007,YEAR,554,COUNTRY,PUBLISHED,Life expectancy (at birth),New Zealand,MALE,78.03513601
90E2E48WHOSIS_000001,WHOSIS_000001,90E2E48,WHOSIS_000001,2007,YEAR,604,COUNTRY,PUBLISHED,Life expectancy (at birth),Peru,MALE,77.06502397
90E2E48WHOSIS_000001,WHOSIS_000001,90E2E48,WHOSIS_000001,2007,YEAR,608,COUNTRY,PUBLISHED,Life expectancy (at birth),Philippines,MALE,65.66105933
90E2E48WHOSIS_000001,WHOSIS_000001,90E2E48,WHOSIS_000001,2007,YEAR,586,COUNTRY,PUBLISHED,Life expectancy (at birth),Pakistan,MALE,62.67018973
90E2E48WHOSIS_000001,WHOSIS_000001,90E2E48,WHOSIS_000001,2010,YEAR,620,COUNTRY,PUBLISHED,Life expectancy (at birth),Portugal,MALE,76.59593505
90E2E48WHOSIS_000001,WHOSIS_000001,90E2E48,WHOSIS_000001,2010,YEAR,608,COUNTRY,PUBLISHED,Life expectancy (at birth),Philippines,MALE,65.71314176
90E2E48WHOSIS_000001,WHOSIS_000001,90E2E48,WHOSIS_000001,2010,YEAR,616,COUNTRY,PUBLISHED,Life expectancy (at birth),Poland,MALE,72.0761034
90E2E48WHOSIS_000001,WHOSIS_000001,90E2E48,WHOSIS_000001,2010,YEAR,643,COUNTRY,PUBLISHED,Life expectancy (at birth),Russian Federation,MALE,62.97738605
90E2E48WHOSIS_000001,WHOSIS_000001,90E2E48,WHOSIS_000001,2010,YEAR,634,COUNTRY,PUBLISHED,Life expectancy (at birth),Qatar,MALE,72.61584174
90E2E48WHOSIS_000001,WHOSIS_000001,90E2E48,WHOSIS_000001,2010,YEAR,642,COUNTRY,PUBLISHED,Life expectancy (at birth),Romania,MALE,70.06409545
90E2E48WHOSIS_000001,WHOSIS_000001,90E2E48,WHOSIS_000001,2007,YEAR,616,COUNTRY,PUBLISHED,Life expectancy (at birth),Poland,MALE,70.87904919
90E2E48WHOSIS_000001,WHOSIS_000001,90E2E48,WHOSIS_000001,2007,YEAR,620,COUNTRY,PUBLISHED,Life expectancy (at birth),Portugal,MALE,75.70139902
90E2E48WHOSIS_000001,WHOSIS_000001,90E2E48,WHOSIS_000001,2007,YEAR,702,COUNTRY,PUBLISHED,Life expectancy (at birth),Singapore,MALE,78.11003083
90E2E48WHOSIS_000001,WHOSIS_000001,90E2E48,WHOSIS_000001,2004,YEAR,434,COUNTRY,PUBLISHED,Life expectancy (at birth),Libya,MALE,71.99730018
90E2E48WHOSIS_000001,WHOSIS_000001,90E2E48,WHOSIS_000001,2007,YEAR,706,COUNTRY,PUBLISHED,Life expectancy (at birth),Somalia,MALE,47.70384861
90E2E48WHOSIS_000001,WHOSIS_000001,90E2E48,WHOSIS_000001,2007,YEAR,710,COUNTRY,PUBLISHED,Life expectancy (at birth),South Africa,MALE,50.95656086
90E2E48WHOSIS_000001,WHOSIS_000001,90E2E48,WHOSIS_000001,2007,YEAR,716,COUNTRY,PUBLISHED,Life expectancy (at birth),Zimbabwe,MALE,46.73076272
90E2E48WHOSIS_000001,WHOSIS_000001,90E2E48,WHOSIS_000001,2010,YEAR,706,COUNTRY,PUBLISHED,Life expectancy (at birth),Somalia,MALE,47.13890657
90E2E48WHOSIS_000001,WHOSIS_000001,90E2E48,WHOSIS_000001,2010,YEAR,710,COUNTRY,PUBLISHED,Life expectancy (at birth),South Africa,MALE,54.63655969
90E2E48WHOSIS_000001,WHOSIS_000001,90E2E48,WHOSIS_000001,2010,YEAR,702,COUNTRY,PUBLISHED,Life expectancy (at birth),Singapore,MALE,79.41212779
90E2E48WHOSIS_000001,WHOSIS_000001,90E2E48,WHOSIS_000001,2010,YEAR,682,COUNTRY,PUBLISHED,Life expectancy (at birth),Saudi Arabia,MALE,74.02402333
90E2E48WHOSIS_000001,WHOSIS_000001,90E2E48,WHOSIS_000001,2009,YEAR,434,COUNTRY,PUBLISHED,Life expectancy (at birth),Libya,MALE,72.70625456
90E2E48WHOSIS_000001,WHOSIS_000001,90E2E48,WHOSIS_000001,2009,YEAR,480,COUNTRY,PUBLISHED,Life expectancy (at birth),Mauritius,MALE,69.68685709
90E2E48WHOSIS_000001,WHOSIS_000001,90E2E48,WHOSIS_000001,2013,YEAR,246,COUNTRY,PUBLISHED,Life expectancy (at birth),Finland,FEMALE,83.51349403
90E2E48WHOSIS_000001,WHOSIS_000001,90E2E48,WHOSIS_000001,2013,YEAR,250,COUNTRY,PUBLISHED,Life expectancy (at birth),France,FEMALE,84.71893998
90E2E48WHOSIS_000001,WHOSIS_000001,90E2E48,WHOSIS_000001,2013,YEAR,752,COUNTRY,PUBLISHED,Life expectancy (at birth),Sweden,FEMALE,83.31033775
90E2E48WHOSIS_000001,WHOSIS_000001,90E2E48,WHOSIS_000001,2013,YEAR,784,COUNTRY,PUBLISHED,Life expectancy (at birth),United Arab Emirates,FEMALE,81.25425457
90E2E48WHOSIS_000001,WHOSIS_000001,90E2E48,WHOSIS_000001,2013,YEAR,756,COUNTRY,PUBLISHED,Life expectancy (at birth),Switzerland,FEMALE,84.40314887
90E2E48WHOSIS_000001,WHOSIS_000001,90E2E48,WHOSIS_000001,2005,YEAR,192,COUNTRY,PUBLISHED,Life expectancy (at birth),Cuba,MALE,75.23868426
90E2E48WHOSIS_000001,WHOSIS_000001,90E2E48,WHOSIS_000001,2007,YEAR,752,COUNTRY,PUBLISHED,Life expectancy (at birth),Sweden,MALE,78.82494187
90E2E48WHOSIS_000001,WHOSIS_000001,90E2E48,WHOSIS_000001,2007,YEAR,756,COUNTRY,PUBLISHED,Life expectancy (at birth),Switzerland,MALE,79.24894231
90E2E48WHOSIS_000001,WHOSIS_000001,90E2E48,WHOSIS_000001,2007,YEAR,724,COUNTRY,PUBLISHED,Life expectancy (at birth),Spain,MALE,77.56477206
90E2E48WHOSIS_000001,WHOSIS_000001,90E2E48,WHOSIS_000001,2006,YEAR,192,COUNTRY,PUBLISHED,Life expectancy (at birth),Cuba,MALE,76.03362672
90E2E48WHOSIS_000001,WHOSIS_000001,90E2E48,WHOSIS_000001,2009,YEAR,524,COUNTRY,PUBLISHED,Life expectancy (at birth),Nepal,MALE,67.73602928
90E2E48WHOSIS_000001,WHOSIS_000001,90E2E48,WHOSIS_000001,2009,YEAR,484,COUNTRY,PUBLISHED,Life expectancy (at birth),Mexico,MALE,72.5257014
90E2E48WHOSIS_000001,WHOSIS_000001,90E2E48,WHOSIS_000001,2009,YEAR,496,COUNTRY,PUBLISHED,Life expectancy (at birth),Mongolia,MALE,63.01989107
90E2E48WHOSIS_000001,WHOSIS_000001,90E2E48,WHOSIS_000001,2009,YEAR,512,COUNTRY,PUBLISHED,Life expectancy (at birth),Oman,MALE,70.61624642
90E2E48WHOSIS_000001,WHOSIS_000001,90E2E48,WHOSIS_000001,2010,YEAR,124,COUNTRY,PUBLISHED,Life expectancy (at birth),Canada,MALE,79.05460807
90E2E48WHOSIS_000001,WHOSIS_000001,90E2E48,WHOSIS_000001,2007,YEAR,953,WHOREGION,PUBLISHED,Life expectancy (at birth),Africa,MALE,55.86569275
90E2E48WHOSIS_000001,WHOSIS_000001,90E2E48,WHOSIS_000001,2014,YEAR,954,WHOREGION,PUBLISHED,Life expectancy (at birth),Americas,FEMALE,79.5073337
90E2E48WHOSIS_000001,WHOSIS_000001,90E2E48,WHOSIS_000001,2007,YEAR,887,COUNTRY,PUBLISHED,Life expectancy (at birth),Yemen,MALE,65.0414065
90E2E48WHOSIS_000001,WHOSIS_000001,90E2E48,WHOSIS_000001,2010,YEAR,104,COUNTRY,PUBLISHED,Life expectancy (at birth),Myanmar,MALE,61.74027744
90E2E48WHOSIS_000001,WHOSIS_000001,90E2E48,WHOSIS_000001,2010,YEAR,144,COUNTRY,PUBLISHED,Life expectancy (at birth),Sri Lanka,MALE,70.14903723
90E2E48WHOSIS_000001,WHOSIS_000001,90E2E48,WHOSIS_000001,2010,YEAR,156,COUNTRY,PUBLISHED,Life expectancy (at birth),China,MALE,71.97687536
90E2E48WHOSIS_000001,WHOSIS_000001,90E2E48,WHOSIS_000001,2010,YEAR,170,COUNTRY,PUBLISHED,Life expectancy (at birth),Colombia,MALE,72.94413244
90E2E48WHOSIS_000001,WHOSIS_000001,90E2E48,WHOSIS_000001,2007,YEAR,894,COUNTRY,PUBLISHED,Life expectancy (at birth),Zambia,MALE,51.55443965
90E2E48WHOSIS_000001,WHOSIS_000001,90E2E48,WHOSIS_000001,2007,YEAR,956,WHOREGION,PUBLISHED,Life expectancy (at birth),Europe,MALE,70.66843607
90E2E48WHOSIS_000001,WHOSIS_000001,90E2E48,WHOSIS_000001,2007,YEAR,955,WHOREGION,PUBLISHED,Life expectancy (at birth),South-East Asia,MALE,65.28368004
90E2E48WHOSIS_000001,WHOSIS_000001,90E2E48,WHOSIS_000001,2010,YEAR,512,COUNTRY,PUBLISHED,Life expectancy (at birth),Oman,MALE,70.68190595
90E2E48WHOSIS_000001,WHOSIS_000001,90E2E48,WHOSIS_000001,2010,YEAR,554,COUNTRY,PUBLISHED,Life expectancy (at birth),New Zealand,MALE,79.12352115
90E2E48WHOSIS_000001,WHOSIS_000001,90E2E48,WHOSIS_000001,2010,YEAR,524,COUNTRY,PUBLISHED,Life expectancy (at birth),Nepal,MALE,67.91697031
90E2E48WHOSIS_000001,WHOSIS_000001,90E2E48,WHOSIS_000001,2010,YEAR,578,COUNTRY,PUBLISHED,Life expectancy (at birth),Norway,MALE,78.82036851
90E2E48WHOSIS_000001,WHOSIS_000001,90E2E48,WHOSIS_000001,2010,YEAR,32,COUNTRY,PUBLISHED,Life expectancy (at birth),Argentina,MALE,72.51812338
90E2E48WHOSIS_000001,WHOSIS_000001,90E2E48,WHOSIS_000001,2010,YEAR,36,COUNTRY,PUBLISHED,Life expectancy (at birth),Australia,MALE,79.83555563
90E2E48WHOSIS_000001,WHOSIS_000001,90E2E48,WHOSIS_000001,2010,YEAR,586,COUNTRY,PUBLISHED,Life expectancy (at birth),Pakistan,MALE,63.32109282
90E2E48WHOSIS_000001,WHOSIS_000001,90E2E48,WHOSIS_000001,2010,YEAR,818,COUNTRY,PUBLISHED,Life expectancy (at birth),Egypt,MALE,67.20016633
90E2E48WHOSIS_000001,WHOSIS_000001,90E2E48,WHOSIS_000001,2010,YEAR,48,COUNTRY,PUBLISHED,Life expectancy (at birth),Bahrain,MALE,73.0372115
90E2E48WHOSIS_000001,WHOSIS_000001,90E2E48,WHOSIS_000001,2010,YEAR,50,COUNTRY,PUBLISHED,Life expectancy (at birth),Bangladesh,MALE,68.45423979
90E2E48WHOSIS_000001,WHOSIS_000001,90E2E48,WHOSIS_000001,2001,YEAR,496,COUNTRY,PUBLISHED,Life expectancy (at birth),Mongolia,MALE,60.05157943
90E2E48WHOSIS_000001,WHOSIS_000001,90E2E48,WHOSIS_000001,2001,YEAR,480,COUNTRY,PUBLISHED,Life expectancy (at birth),Mauritius,MALE,68.11884474
90E2E48WHOSIS_000001,WHOSIS_000001,90E2E48,WHOSIS_000001,2001,YEAR,484,COUNTRY,PUBLISHED,Life expectancy (at birth),Mexico,MALE,72.16458151
90E2E48WHOSIS_000001,WHOSIS_000001,90E2E48,WHOSIS_000001,2001,YEAR,524,COUNTRY,PUBLISHED,Life expectancy (at birth),Nepal,MALE,65.02044361
90E2E48WHOSIS_000001,WHOSIS_000001,90E2E48,WHOSIS_000001,2001,YEAR,512,COUNTRY,PUBLISHED,Life expectancy (at birth),Oman,MALE,69.80526475
90E2E48WHOSIS_000001,WHOSIS_000001,90E2E48,WHOSIS_000001,2001,YEAR,578,COUNTRY,PUBLISHED,Life expectancy (at birth),Norway,MALE,76.12518706
90E2E48WHOSIS_000001,WHOSIS_000001,90E2E48,WHOSIS_000001,2001,YEAR,604,COUNTRY,PUBLISHED,Life expectancy (at birth),Peru,MALE,74.29421427
90E2E48WHOSIS_000001,WHOSIS_000001,90E2E48,WHOSIS_000001,2001,YEAR,608,COUNTRY,PUBLISHED,Life expectancy (at birth),Philippines,MALE,65.93015206
90E2E48WHOSIS_000001,WHOSIS_000001,90E2E48,WHOSIS_000001,2001,YEAR,554,COUNTRY,PUBLISHED,Life expectancy (at birth),New Zealand,MALE,76.11269921
90E2E48WHOSIS_000001,WHOSIS_000001,90E2E48,WHOSIS_000001,2001,YEAR,586,COUNTRY,PUBLISHED,Life expectancy (at birth),Pakistan,MALE,61.22518495
90E2E48WHOSIS_000001,WHOSIS_000001,90E2E48,WHOSIS_000001,2007,YEAR,4,COUNTRY,PUBLISHED,Life expectancy (at birth),Afghanistan,MALE,56.72813412
90E2E48WHOSIS_000001,WHOSIS_000001,90E2E48,WHOSIS_000001,2001,YEAR,616,COUNTRY,PUBLISHED,Life expectancy (at birth),Poland,MALE,69.94075402
90E2E48WHOSIS_000001,WHOSIS_000001,90E2E48,WHOSIS_000001,2001,YEAR,620,COUNTRY,PUBLISHED,Life expectancy (at birth),Portugal,MALE,73.40298828
90E2E48WHOSIS_000001,WHOSIS_000001,90E2E48,WHOSIS_000001,2010,YEAR,56,COUNTRY,PUBLISHED,Life expectancy (at birth),Belgium,MALE,77.23620125
90E2E48WHOSIS_000001,WHOSIS_000001,90E2E48,WHOSIS_000001,2010,YEAR,76,COUNTRY,PUBLISHED,Life expectancy (at birth),Brazil,MALE,70.48104474
90E2E48WHOSIS_000001,WHOSIS_000001,90E2E48,WHOSIS_000001,2010,YEAR,434,COUNTRY,PUBLISHED,Life expectancy (at birth),Libya,MALE,72.78333107
90E2E48WHOSIS_000001,WHOSIS_000001,90E2E48,WHOSIS_000001,2009,YEAR,840,COUNTRY,PUBLISHED,Life expectancy (at birth),United States of America,MALE,76.15974206
90E2E48WHOSIS_000001,WHOSIS_000001,90E2E48,WHOSIS_000001,2009,YEAR,955,WHOREGION,PUBLISHED,Life expectancy (at birth),South-East Asia,MALE,66.04727161
90E2E48WHOSIS_000001,WHOSIS_000001,90E2E48,WHOSIS_000001,2007,YEAR,32,COUNTRY,PUBLISHED,Life expectancy (at birth),Argentina,MALE,71.6525076
90E2E48WHOSIS_000001,WHOSIS_000001,90E2E48,WHOSIS_000001,2007,YEAR,48,COUNTRY,PUBLISHED,Life expectancy (at birth),Bahrain,MALE,71.60547206
90E2E48WHOSIS_000001,WHOSIS_000001,90E2E48,WHOSIS_000001,2007,YEAR,50,COUNTRY,PUBLISHED,Life expectancy (at birth),Bangladesh,MALE,66.61046936
90E2E48WHOSIS_000001,WHOSIS_000001,90E2E48,WHOSIS_000001,2007,YEAR,36,COUNTRY,PUBLISHED,Life expectancy (at birth),Australia,MALE,79.22247991
90E2E48WHOSIS_000001,WHOSIS_000001,90E2E48,WHOSIS_000001,2009,YEAR,818,COUNTRY,PUBLISHED,Life expectancy (at birth),Egypt,MALE,67.11573423
90E2E48WHOSIS_000001,WHOSIS_000001,90E2E48,WHOSIS_000001,2009,YEAR,956,WHOREGION,PUBLISHED,Life expectancy (at birth),Europe,MALE,71.66614409
90E2E48WHOSIS_000001,WHOSIS_000001,90E2E48,WHOSIS_000001,2010,YEAR,4,COUNTRY,PUBLISHED,Life expectancy (at birth),Afghanistan,MALE,58.57066508
90E2E48WHOSIS_000001,WHOSIS_000001,90E2E48,WHOSIS_000001,2010,YEAR,246,COUNTRY,PUBLISHED,Life expectancy (at birth),Finland,MALE,76.67593288
90E2E48WHOSIS_000001,WHOSIS_000001,90E2E48,WHOSIS_000001,2010,YEAR,250,COUNTRY,PUBLISHED,Life expectancy (at birth),France,MALE,77.96451607
90E2E48WHOSIS_000001,WHOSIS_000001,90E2E48,WHOSIS_000001,2007,YEAR,56,COUNTRY,PUBLISHED,Life expectancy (at birth),Belgium,MALE,76.88983898
90E2E48WHOSIS_000001,WHOSIS_000001,90E2E48,WHOSIS_000001,2007,YEAR,104,COUNTRY,PUBLISHED,Life expectancy (at birth),Myanmar,MALE,60.13291453
90E2E48WHOSIS_000001,WHOSIS_000001,90E2E48,WHOSIS_000001,2007,YEAR,76,COUNTRY,PUBLISHED,Life expectancy (at birth),Brazil,MALE,70.18785998
90E2E48WHOSIS_000001,WHOSIS_000001,90E2E48,WHOSIS_000001,2016,YEAR,616,COUNTRY,PUBLISHED,Life expectancy (at birth),Poland,MALE,73.7286639
90E2E48WHOSIS_000001,WHOSIS_000001,90E2E48,WHOSIS_000001,2016,YEAR,620,COUNTRY,PUBLISHED,Life expectancy (at birth),Portugal,MALE,77.85111819
90E2E48WHOSIS_000001,WHOSIS_000001,90E2E48,WHOSIS_000001,2009,YEAR,702,COUNTRY,PUBLISHED,Life expectancy (at birth),Singapore,MALE,79.26454795
90E2E48WHOSIS_000001,WHOSIS_000001,90E2E48,WHOSIS_000001,2009,YEAR,706,COUNTRY,PUBLISHED,Life expectancy (at birth),Somalia,MALE,48.37521375
90E2E48WHOSIS_000001,WHOSIS_000001,90E2E48,WHOSIS_000001,2009,YEAR,710,COUNTRY,PUBLISHED,Life expectancy (at birth),South Africa,MALE,52.9639772
90E2E48WHOSIS_000001,WHOSIS_000001,90E2E48,WHOSIS_000001,2009,YEAR,716,COUNTRY,PUBLISHED,Life expectancy (at birth),Zimbabwe,MALE,48.75491744
90E2E48WHOSIS_000001,WHOSIS_000001,90E2E48,WHOSIS_000001,2009,YEAR,724,COUNTRY,PUBLISHED,Life expectancy (at birth),Spain,MALE,78.38597723
90E2E48WHOSIS_000001,WHOSIS_000001,90E2E48,WHOSIS_000001,2009,YEAR,752,COUNTRY,PUBLISHED,Life expectancy (at birth),Sweden,MALE,79.21913864
90E2E48WHOSIS_000001,WHOSIS_000001,90E2E48,WHOSIS_000001,2009,YEAR,756,COUNTRY,PUBLISHED,Life expectancy (at birth),Switzerland,MALE,79.62550393
90E2E48WHOSIS_000001,WHOSIS_000001,90E2E48,WHOSIS_000001,2002,YEAR,956,WHOREGION,PUBLISHED,Life expectancy (at birth),Europe,MALE,68.66141219
90E2E48WHOSIS_000001,WHOSIS_000001,90E2E48,WHOSIS_000001,2016,YEAR,634,COUNTRY,PUBLISHED,Life expectancy (at birth),Qatar,MALE,77.88103808
90E2E48WHOSIS_000001,WHOSIS_000001,90E2E48,WHOSIS_000001,2014,YEAR,246,COUNTRY,PUBLISHED,Life expectancy (at birth),Finland,MALE,78.09743789
90E2E48WHOSIS_000001,WHOSIS_000001,90E2E48,WHOSIS_000001,2009,YEAR,764,COUNTRY,PUBLISHED,Life expectancy (at birth),Thailand,MALE,71.92516285
90E2E48WHOSIS_000001,WHOSIS_000001,90E2E48,WHOSIS_000001,2009,YEAR,784,COUNTRY,PUBLISHED,Life expectancy (at birth),United Arab Emirates,MALE,80.50826905
90E2E48WHOSIS_000001,WHOSIS_000001,90E2E48,WHOSIS_000001,2014,YEAR,268,COUNTRY,PUBLISHED,Life expectancy (at birth),Georgia,MALE,68.35369007
90E2E48WHOSIS_000001,WHOSIS_000001,90E2E48,WHOSIS_000001,2014,YEAR,250,COUNTRY,PUBLISHED,Life expectancy (at birth),France,MALE,79.28034202
90E2E48WHOSIS_000001,WHOSIS_000001,90E2E48,WHOSIS_000001,2014,YEAR,300,COUNTRY,PUBLISHED,Life expectancy (at birth),Greece,MALE,78.56288402
90E2E48WHOSIS_000001,WHOSIS_000001,90E2E48,WHOSIS_000001,2014,YEAR,308,COUNTRY,PUBLISHED,Life expectancy (at birth),Grenada,MALE,70.09558343
90E2E48WHOSIS_000001,WHOSIS_000001,90E2E48,WHOSIS_000001,2014,YEAR,276,COUNTRY,PUBLISHED,Life expectancy (at birth),Germany,MALE,78.40633032
90E2E48WHOSIS_000001,WHOSIS_000001,90E2E48,WHOSIS_000001,2014,YEAR,352,COUNTRY,PUBLISHED,Life expectancy (at birth),Iceland,MALE,80.6440713
90E2E48WHOSIS_000001,WHOSIS_000001,90E2E48,WHOSIS_000001,2011,YEAR,56,COUNTRY,PUBLISHED,Life expectancy (at birth),Belgium,MALE,77.63994665
90E2E48WHOSIS_000001,WHOSIS_000001,90E2E48,WHOSIS_000001,2011,YEAR,32,COUNTRY,PUBLISHED,Life expectancy (at birth),Argentina,MALE,72.69745626
90E2E48WHOSIS_000001,WHOSIS_000001,90E2E48,WHOSIS_000001,2011,YEAR,36,COUNTRY,PUBLISHED,Life expectancy (at birth),Australia,MALE,79.90067619
90E2E48WHOSIS_000001,WHOSIS_000001,90E2E48,WHOSIS_000001,2011,YEAR,48,COUNTRY,PUBLISHED,Life expectancy (at birth),Bahrain,MALE,73.40671169
90E2E48WHOSIS_000001,WHOSIS_000001,90E2E48,WHOSIS_000001,2011,YEAR,50,COUNTRY,PUBLISHED,Life expectancy (at birth),Bangladesh,MALE,69.66019176
90E2E48WHOSIS_000001,WHOSIS_000001,90E2E48,WHOSIS_000001,2011,YEAR,76,COUNTRY,PUBLISHED,Life expectancy (at birth),Brazil,MALE,70.60335223
90E2E48WHOSIS_000001,WHOSIS_000001,90E2E48,WHOSIS_000001,2015,YEAR,4,COUNTRY,PUBLISHED,Life expectancy (at birth),Afghanistan,MALE,59.28589499
90E2E48WHOSIS_000001,WHOSIS_000001,90E2E48,WHOSIS_000001,2014,YEAR,953,WHOREGION,PUBLISHED,Life expectancy (at birth),Africa,MALE,60.06739891
90E2E48WHOSIS_000001,WHOSIS_000001,90E2E48,WHOSIS_000001,2014,YEAR,954,WHOREGION,PUBLISHED,Life expectancy (at birth),Americas,TOTAL,76.83106727
90E2E48WHOSIS_000001,WHOSIS_000001,90E2E48,WHOSIS_000001,2014,YEAR,955,WHOREGION,PUBLISHED,Life expectancy (at birth),South-East Asia,MALE,67.9836846
90E2E48WHOSIS_000001,WHOSIS_000001,90E2E48,WHOSIS_000001,2014,YEAR,956,WHOREGION,PUBLISHED,Life expectancy (at birth),Europe,MALE,73.48490122
90E2E48WHOSIS_000001,WHOSIS_000001,90E2E48,WHOSIS_000001,2011,YEAR,104,COUNTRY,PUBLISHED,Life expectancy (at birth),Myanmar,MALE,62.18760336
90E2E48WHOSIS_000001,WHOSIS_000001,90E2E48,WHOSIS_000001,2009,YEAR,578,COUNTRY,PUBLISHED,Life expectancy (at birth),Norway,MALE,78.61575297
90E2E48WHOSIS_000001,WHOSIS_000001,90E2E48,WHOSIS_000001,2009,YEAR,586,COUNTRY,PUBLISHED,Life expectancy (at birth),Pakistan,MALE,63.13613304
90E2E48WHOSIS_000001,WHOSIS_000001,90E2E48,WHOSIS_000001,2011,YEAR,124,COUNTRY,PUBLISHED,Life expectancy (at birth),Canada,MALE,79.4129726
90E2E48WHOSIS_000001,WHOSIS_000001,90E2E48,WHOSIS_000001,2009,YEAR,604,COUNTRY,PUBLISHED,Life expectancy (at birth),Peru,MALE,76.61119122
90E2E48WHOSIS_000001,WHOSIS_000001,90E2E48,WHOSIS_000001,2009,YEAR,608,COUNTRY,PUBLISHED,Life expectancy (at birth),Philippines,MALE,65.41874214
90E2E48WHOSIS_000001,WHOSIS_000001,90E2E48,WHOSIS_000001,2009,YEAR,616,COUNTRY,PUBLISHED,Life expectancy (at birth),Poland,MALE,71.45555821
90E2E48WHOSIS_000001,WHOSIS_000001,90E2E48,WHOSIS_000001,2015,YEAR,32,COUNTRY,PUBLISHED,Life expectancy (at birth),Argentina,MALE,73.33043006
90E2E48WHOSIS_000001,WHOSIS_000001,90E2E48,WHOSIS_000001,2015,YEAR,36,COUNTRY,PUBLISHED,Life expectancy (at birth),Australia,MALE,80.4061322
90E2E48WHOSIS_000001,WHOSIS_000001,90E2E48,WHOSIS_000001,2015,YEAR,48,COUNTRY,PUBLISHED,Life expectancy (at birth),Bahrain,MALE,75.15640147
90E2E48WHOSIS_000001,WHOSIS_000001,90E2E48,WHOSIS_000001,2015,YEAR,76,COUNTRY,PUBLISHED,Life expectancy (at birth),Brazil,MALE,71.3157851
90E2E48WHOSIS_000001,WHOSIS_000001,90E2E48,WHOSIS_000001,2015,YEAR,50,COUNTRY,PUBLISHED,Life expectancy (at birth),Bangladesh,MALE,72.06823574
90E2E48WHOSIS_000001,WHOSIS_000001,90E2E48,WHOSIS_000001,2015,YEAR,56,COUNTRY,PUBLISHED,Life expectancy (at birth),Belgium,MALE,78.48319008
90E2E48WHOSIS_000001,WHOSIS_000001,90E2E48,WHOSIS_000001,2009,YEAR,634,COUNTRY,PUBLISHED,Life expectancy (at birth),Qatar,MALE,71.95943378
90E2E48WHOSIS_000001,WHOSIS_000001,90E2E48,WHOSIS_000001,2009,YEAR,682,COUNTRY,PUBLISHED,Life expectancy (at birth),Saudi Arabia,MALE,73.01980662
90E2E48WHOSIS_000001,WHOSIS_000001,90E2E48,WHOSIS_000001,2009,YEAR,642,COUNTRY,PUBLISHED,Life expectancy (at birth),Romania,MALE,69.75102646
90E2E48WHOSIS_000001,WHOSIS_000001,90E2E48,WHOSIS_000001,2009,YEAR,620,COUNTRY,PUBLISHED,Life expectancy (at birth),Portugal,MALE,76.26401014
90E2E48WHOSIS_000001,WHOSIS_000001,90E2E48,WHOSIS_000001,2009,YEAR,643,COUNTRY,PUBLISHED,Life expectancy (at birth),Russian Federation,MALE,62.6702224
90E2E48WHOSIS_000001,WHOSIS_000001,90E2E48,WHOSIS_000001,2013,YEAR,764,COUNTRY,PUBLISHED,Life expectancy (at birth),Thailand,FEMALE,79.93109894
90E2E48WHOSIS_000001,WHOSIS_000001,90E2E48,WHOSIS_000001,2013,YEAR,840,COUNTRY,PUBLISHED,Life expectancy (at birth),United States of America,FEMALE,80.89030573
90E2E48WHOSIS_000001,WHOSIS_000001,90E2E48,WHOSIS_000001,2013,YEAR,818,COUNTRY,PUBLISHED,Life expectancy (at birth),Egypt,FEMALE,73.43993645
90E2E48WHOSIS_000001,WHOSIS_000001,90E2E48,WHOSIS_000001,2010,YEAR,352,COUNTRY,PUBLISHED,Life expectancy (at birth),Iceland,MALE,80.02468679
90E2E48WHOSIS_000001,WHOSIS_000001,90E2E48,WHOSIS_000001,2010,YEAR,356,COUNTRY,PUBLISHED,Life expectancy (at birth),India,MALE,65.76526026
90E2E48WHOSIS_000001,WHOSIS_000001,90E2E48,WHOSIS_000001,2010,YEAR,360,COUNTRY,PUBLISHED,Life expectancy (at birth),Indonesia,MALE,67.54348863
90E2E48WHOSIS_000001,WHOSIS_000001,90E2E48,WHOSIS_000001,2010,YEAR,364,COUNTRY,PUBLISHED,Life expectancy (at birth),Iran (Islamic Republic of),MALE,74.75405477
90E2E48WHOSIS_000001,WHOSIS_000001,90E2E48,WHOSIS_000001,2009,YEAR,953,WHOREGION,PUBLISHED,Life expectancy (at birth),Africa,MALE,57.27603214
90E2E48WHOSIS_000001,WHOSIS_000001,90E2E48,WHOSIS_000001,2014,YEAR,954,WHOREGION,PUBLISHED,Life expectancy (at birth),Americas,MALE,74.1646091
90E2E48WHOSIS_000001,WHOSIS_000001,90E2E48,WHOSIS_000001,2010,YEAR,368,COUNTRY,PUBLISHED,Life expectancy (at birth),Iraq,MALE,68.28181725
90E2E48WHOSIS_000001,WHOSIS_000001,90E2E48,WHOSIS_000001,2010,YEAR,372,COUNTRY,PUBLISHED,Life expectancy (at birth),Ireland,MALE,78.52625238
90E2E48WHOSIS_000001,WHOSIS_000001,90E2E48,WHOSIS_000001,2010,YEAR,404,COUNTRY,PUBLISHED,Life expectancy (at birth),Kenya,MALE,59.43556887
90E2E48WHOSIS_000001,WHOSIS_000001,90E2E48,WHOSIS_000001,2015,YEAR,144,COUNTRY,PUBLISHED,Life expectancy (at birth),Sri Lanka,MALE,73.24371024
90E2E48WHOSIS_000001,WHOSIS_000001,90E2E48,WHOSIS_000001,2015,YEAR,156,COUNTRY,PUBLISHED,Life expectancy (at birth),China,MALE,73.67235597
90E2E48WHOSIS_000001,WHOSIS_000001,90E2E48,WHOSIS_000001,2015,YEAR,170,COUNTRY,PUBLISHED,Life expectancy (at birth),Colombia,MALE,74.67869181
90E2E48WHOSIS_000001,WHOSIS_000001,90E2E48,WHOSIS_000001,2016,YEAR,36,COUNTRY,PUBLISHED,Life expectancy (at birth),Australia,MALE,80.68949067
90E2E48WHOSIS_000001,WHOSIS_000001,90E2E48,WHOSIS_000001,2016,YEAR,56,COUNTRY,PUBLISHED,Life expectancy (at birth),Belgium,MALE,78.70422516
90E2E48WHOSIS_000001,WHOSIS_000001,90E2E48,WHOSIS_000001,2010,YEAR,410,COUNTRY,PUBLISHED,Life expectancy (at birth),Republic of Korea,MALE,77.0670378
90E2E48WHOSIS_000001,WHOSIS_000001,90E2E48,WHOSIS_000001,2010,YEAR,376,COUNTRY,PUBLISHED,Life expectancy (at birth),Israel,MALE,79.59882283
90E2E48WHOSIS_000001,WHOSIS_000001,90E2E48,WHOSIS_000001,2010,YEAR,380,COUNTRY,PUBLISHED,Life expectancy (at birth),Italy,MALE,79.37573307
90E2E48WHOSIS_000001,WHOSIS_000001,90E2E48,WHOSIS_000001,2010,YEAR,388,COUNTRY,PUBLISHED,Life expectancy (at birth),Jamaica,MALE,71.91591069
90E2E48WHOSIS_000001,WHOSIS_000001,90E2E48,WHOSIS_000001,2010,YEAR,400,COUNTRY,PUBLISHED,Life expectancy (at birth),Jordan,MALE,77.10771124
90E2E48WHOSIS_000001,WHOSIS_000001,90E2E48,WHOSIS_000001,2010,YEAR,392,COUNTRY,PUBLISHED,Life expectancy (at birth),Japan,MALE,79.86818157
90E2E48WHOSIS_000001,WHOSIS_000001,90E2E48,WHOSIS_000001,2010,YEAR,398,COUNTRY,PUBLISHED,Life expectancy (at birth),Kazakhstan,MALE,63.52322024
90E2E48WHOSIS_000001,WHOSIS_000001,90E2E48,WHOSIS_000001,2010,YEAR,752,COUNTRY,PUBLISHED,Life expectancy (at birth),Sweden,MALE,79.40709438
90E2E48WHOSIS_000001,WHOSIS_000001,90E2E48,WHOSIS_000001,2010,YEAR,756,COUNTRY,PUBLISHED,Life expectancy (at birth),Switzerland,MALE,80.03268179
90E2E48WHOSIS_000001,WHOSIS_000001,90E2E48,WHOSIS_000001,2010,YEAR,414,COUNTRY,PUBLISHED,Life expectancy (at birth),Kuwait,MALE,79.00283262
90E2E48WHOSIS_000001,WHOSIS_000001,90E2E48,WHOSIS_000001,2016,YEAR,48,COUNTRY,PUBLISHED,Life expectancy (at birth),Bahrain,MALE,75.02627335
90E2E48WHOSIS_000001,WHOSIS_000001,90E2E48,WHOSIS_000001,2016,YEAR,50,COUNTRY,PUBLISHED,Life expectancy (at birth),Bangladesh,MALE,72.30843543
90E2E48WHOSIS_000001,WHOSIS_000001,90E2E48,WHOSIS_000001,2016,YEAR,32,COUNTRY,PUBLISHED,Life expectancy (at birth),Argentina,MALE,72.99407184
90E2E48WHOSIS_000001,WHOSIS_000001,90E2E48,WHOSIS_000001,2015,YEAR,706,COUNTRY,PUBLISHED,Life expectancy (at birth),Somalia,MALE,51.26942495
90E2E48WHOSIS_000001,WHOSIS_000001,90E2E48,WHOSIS_000001,2015,YEAR,710,COUNTRY,PUBLISHED,Life expectancy (at birth),South Africa,MALE,60.0064828
90E2E48WHOSIS_000001,WHOSIS_000001,90E2E48,WHOSIS_000001,2014,YEAR,818,COUNTRY,PUBLISHED,Life expectancy (at birth),Egypt,MALE,67.78065212
90E2E48WHOSIS_000001,WHOSIS_000001,90E2E48,WHOSIS_000001,2014,YEAR,840,COUNTRY,PUBLISHED,Life expectancy (at birth),United States of America,MALE,76.66792041
90E2E48WHOSIS_000001,WHOSIS_000001,90E2E48,WHOSIS_000001,2015,YEAR,716,COUNTRY,PUBLISHED,Life expectancy (at birth),Zimbabwe,MALE,55.45128142
90E2E48WHOSIS_000001,WHOSIS_000001,90E2E48,WHOSIS_000001,2015,YEAR,764,COUNTRY,PUBLISHED,Life expectancy (at birth),Thailand,MALE,73.59516819
90E2E48WHOSIS_000001,WHOSIS_000001,90E2E48,WHOSIS_000001,2015,YEAR,724,COUNTRY,PUBLISHED,Life expectancy (at birth),Spain,MALE,79.664908
90E2E48WHOSIS_000001,WHOSIS_000001,90E2E48,WHOSIS_000001,2015,YEAR,752,COUNTRY,PUBLISHED,Life expectancy (at birth),Sweden,MALE,79.96617583
90E2E48WHOSIS_000001,WHOSIS_000001,90E2E48,WHOSIS_000001,2010,YEAR,716,COUNTRY,PUBLISHED,Life expectancy (at birth),Zimbabwe,MALE,49.97359133
90E2E48WHOSIS_000001,WHOSIS_000001,90E2E48,WHOSIS_000001,2010,YEAR,724,COUNTRY,PUBLISHED,Life expectancy (at birth),Spain,MALE,78.76347517
90E2E48WHOSIS_000001,WHOSIS_000001,90E2E48,WHOSIS_000001,2012,YEAR,404,COUNTRY,PUBLISHED,Life expectancy (at birth),Kenya,MALE,60.20588179
90E2E48WHOSIS_000001,WHOSIS_000001,90E2E48,WHOSIS_000001,2010,YEAR,764,COUNTRY,PUBLISHED,Life expectancy (at birth),Thailand,MALE,72.13946836
90E2E48WHOSIS_000001,WHOSIS_000001,90E2E48,WHOSIS_000001,2010,YEAR,784,COUNTRY,PUBLISHED,Life expectancy (at birth),United Arab Emirates,MALE,80.24816399
90E2E48WHOSIS_000001,WHOSIS_000001,90E2E48,WHOSIS_000001,2015,YEAR,756,COUNTRY,PUBLISHED,Life expectancy (at birth),Switzerland,MALE,80.58096114
90E2E48WHOSIS_000001,WHOSIS_000001,90E2E48,WHOSIS_000001,2015,YEAR,818,COUNTRY,PUBLISHED,Life expectancy (at birth),Egypt,MALE,67.50023556
90E2E48WHOSIS_000001,WHOSIS_000001,90E2E48,WHOSIS_000001,2016,YEAR,276,COUNTRY,PUBLISHED,Life expectancy (at birth),Germany,MALE,78.35184162
90E2E48WHOSIS_000001,WHOSIS_000001,90E2E48,WHOSIS_000001,2015,YEAR,784,COUNTRY,PUBLISHED,Life expectancy (at birth),United Arab Emirates,MALE,80.37904692
90E2E48WHOSIS_000001,WHOSIS_000001,90E2E48,WHOSIS_000001,2012,YEAR,410,COUNTRY,PUBLISHED,Life expectancy (at birth),Republic of Korea,MALE,77.74173847
90E2E48WHOSIS_000001,WHOSIS_000001,90E2E48,WHOSIS_000001,2012,YEAR,434,COUNTRY,PUBLISHED,Life expectancy (at birth),Libya,MALE,72.36491677
90E2E48WHOSIS_000001,WHOSIS_000001,90E2E48,WHOSIS_000001,2012,YEAR,414,COUNTRY,PUBLISHED,Life expectancy (at birth),Kuwait,MALE,79.45472834
90E2E48WHOSIS_000001,WHOSIS_000001,90E2E48,WHOSIS_000001,2012,YEAR,496,COUNTRY,PUBLISHED,Life expectancy (at birth),Mongolia,MALE,63.71299832
90E2E48WHOSIS_000001,WHOSIS_000001,90E2E48,WHOSIS_000001,2013,YEAR,156,COUNTRY,PUBLISHED,Life expectancy (at birth),China,FEMALE,79.07028169
90E2E48WHOSIS_000001,WHOSIS_000001,90E2E48,WHOSIS_000001,2013,YEAR,170,COUNTRY,PUBLISHED,Life expectancy (at birth),Colombia,FEMALE,80.11050763
90E2E48WHOSIS_000001,WHOSIS_000001,90E2E48,WHOSIS_000001,2013,YEAR,124,COUNTRY,PUBLISHED,Life expectancy (at birth),Canada,FEMALE,83.42125568
90E2E48WHOSIS_000001,WHOSIS_000001,90E2E48,WHOSIS_000001,2013,YEAR,144,COUNTRY,PUBLISHED,Life expectancy (at birth),Sri Lanka,FEMALE,79.07526249
90E2E48WHOSIS_000001,WHOSIS_000001,90E2E48,WHOSIS_000001,2013,YEAR,388,COUNTRY,PUBLISHED,Life expectancy (at birth),Jamaica,FEMALE,76.13576313
90E2E48WHOSIS_000001,WHOSIS_000001,90E2E48,WHOSIS_000001,2013,YEAR,392,COUNTRY,PUBLISHED,Life expectancy (at birth),Japan,FEMALE,86.45107771
90E2E48WHOSIS_000001,WHOSIS_000001,90E2E48,WHOSIS_000001,2013,YEAR,398,COUNTRY,PUBLISHED,Life expectancy (at birth),Kazakhstan,FEMALE,75.24212174
90E2E48WHOSIS_000001,WHOSIS_000001,90E2E48,WHOSIS_000001,2013,YEAR,400,COUNTRY,PUBLISHED,Life expectancy (at birth),Jordan,FEMALE,77.94628268
90E2E48WHOSIS_000001,WHOSIS_000001,90E2E48,WHOSIS_000001,2016,YEAR,512,COUNTRY,PUBLISHED,Life expectancy (at birth),Oman,MALE,71.59688944
90E2E48WHOSIS_000001,WHOSIS_000001,90E2E48,WHOSIS_000001,2016,YEAR,300,COUNTRY,PUBLISHED,Life expectancy (at birth),Greece,MALE,78.52796486
90E2E48WHOSIS_000001,WHOSIS_000001,90E2E48,WHOSIS_000001,2016,YEAR,308,COUNTRY,PUBLISHED,Life expectancy (at birth),Grenada,MALE,70.09838641
90E2E48WHOSIS_000001,WHOSIS_000001,90E2E48,WHOSIS_000001,2016,YEAR,524,COUNTRY,PUBLISHED,Life expectancy (at birth),Nepal,MALE,68.77609661
90E2E48WHOSIS_000001,WHOSIS_000001,90E2E48,WHOSIS_000001,2016,YEAR,554,COUNTRY,PUBLISHED,Life expectancy (at birth),New Zealand,MALE,80.10046692
90E2E48WHOSIS_000001,WHOSIS_000001,90E2E48,WHOSIS_000001,2014,YEAR,48,COUNTRY,PUBLISHED,Life expectancy (at birth),Bahrain,MALE,75.05717694
90E2E48WHOSIS_000001,WHOSIS_000001,90E2E48,WHOSIS_000001,2014,YEAR,706,COUNTRY,PUBLISHED,Life expectancy (at birth),Somalia,MALE,50.80564441
90E2E48WHOSIS_000001,WHOSIS_000001,90E2E48,WHOSIS_000001,2014,YEAR,710,COUNTRY,PUBLISHED,Life expectancy (at birth),South Africa,MALE,59.5406069
90E2E48WHOSIS_000001,WHOSIS_000001,90E2E48,WHOSIS_000001,2014,YEAR,716,COUNTRY,PUBLISHED,Life expectancy (at birth),Zimbabwe,MALE,54.85871082
90E2E48WHOSIS_000001,WHOSIS_000001,90E2E48,WHOSIS_000001,2012,YEAR,480,COUNTRY,PUBLISHED,Life expectancy (at birth),Mauritius,MALE,70.33555372
90E2E48WHOSIS_000001,WHOSIS_000001,90E2E48,WHOSIS_000001,2012,YEAR,484,COUNTRY,PUBLISHED,Life expectancy (at birth),Mexico,MALE,72.92050247
90E2E48WHOSIS_000001,WHOSIS_000001,90E2E48,WHOSIS_000001,2014,YEAR,702,COUNTRY,PUBLISHED,Life expectancy (at birth),Singapore,MALE,80.45593495
90E2E48WHOSIS_000001,WHOSIS_000001,90E2E48,WHOSIS_000001,2015,YEAR,250,COUNTRY,PUBLISHED,Life expectancy (at birth),France,MALE,78.96164995
90E2E48WHOSIS_000001,WHOSIS_000001,90E2E48,WHOSIS_000001,2014,YEAR,784,COUNTRY,PUBLISHED,Life expectancy (at birth),United Arab Emirates,MALE,80.34690947
90E2E48WHOSIS_000001,WHOSIS_000001,90E2E48,WHOSIS_000001,2014,YEAR,50,COUNTRY,PUBLISHED,Life expectancy (at birth),Bangladesh,MALE,71.59016713
90E2E48WHOSIS_000001,WHOSIS_000001,90E2E48,WHOSIS_000001,2015,YEAR,124,COUNTRY,PUBLISHED,Life expectancy (at birth),Canada,MALE,79.76275146
90E2E48WHOSIS_000001,WHOSIS_000001,90E2E48,WHOSIS_000001,2016,YEAR,170,COUNTRY,PUBLISHED,Life expectancy (at birth),Colombia,MALE,74.86992485
90E2E48WHOSIS_000001,WHOSIS_000001,90E2E48,WHOSIS_000001,2016,YEAR,642,COUNTRY,PUBLISHED,Life expectancy (at birth),Romania,MALE,71.48354448
90E2E48WHOSIS_000001,WHOSIS_000001,90E2E48,WHOSIS_000001,2016,YEAR,643,COUNTRY,PUBLISHED,Life expectancy (at birth),Russian Federation,MALE,66.25089592
90E2E48WHOSIS_000001,WHOSIS_000001,90E2E48,WHOSIS_000001,2015,YEAR,246,COUNTRY,PUBLISHED,Life expectancy (at birth),Finland,MALE,78.48769537
90E2E48WHOSIS_000001,WHOSIS_000001,90E2E48,WHOSIS_000001,2014,YEAR,724,COUNTRY,PUBLISHED,Life expectancy (at birth),Spain,MALE,79.88176223
90E2E48WHOSIS_000001,WHOSIS_000001,90E2E48,WHOSIS_000001,2016,YEAR,702,COUNTRY,PUBLISHED,Life expectancy (at birth),Singapore,MALE,81.0418995
90E2E48WHOSIS_000001,WHOSIS_000001,90E2E48,WHOSIS_000001,2016,YEAR,192,COUNTRY,PUBLISHED,Life expectancy (at birth),Cuba,MALE,75.92566148
90E2E48WHOSIS_000001,WHOSIS_000001,90E2E48,WHOSIS_000001,2016,YEAR,682,COUNTRY,PUBLISHED,Life expectancy (at birth),Saudi Arabia,MALE,76.38082243
90E2E48WHOSIS_000001,WHOSIS_000001,90E2E48,WHOSIS_000001,2016,YEAR,752,COUNTRY,PUBLISHED,Life expectancy (at birth),Sweden,MALE,80.36714012
90E2E48WHOSIS_000001,WHOSIS_000001,90E2E48,WHOSIS_000001,2016,YEAR,756,COUNTRY,PUBLISHED,Life expectancy (at birth),Switzerland,MALE,81.39368842
90E2E48WHOSIS_000001,WHOSIS_000001,90E2E48,WHOSIS_000001,2016,YEAR,706,COUNTRY,PUBLISHED,Life expectancy (at birth),Somalia,MALE,51.63684794
90E2E48WHOSIS_000001,WHOSIS_000001,90E2E48,WHOSIS_000001,2016,YEAR,710,COUNTRY,PUBLISHED,Life expectancy (at birth),South Africa,MALE,60.56091588
90E2E48WHOSIS_000001,WHOSIS_000001,90E2E48,WHOSIS_000001,2016,YEAR,716,COUNTRY,PUBLISHED,Life expectancy (at birth),Zimbabwe,MALE,55.79677734
90E2E48WHOSIS_000001,WHOSIS_000001,90E2E48,WHOSIS_000001,2016,YEAR,724,COUNTRY,PUBLISHED,Life expectancy (at birth),Spain,MALE,80.0420428
90E2E48WHOSIS_000001,WHOSIS_000001,90E2E48,WHOSIS_000001,2016,YEAR,246,COUNTRY,PUBLISHED,Life expectancy (at birth),Finland,MALE,78.3839793
90E2E48WHOSIS_000001,WHOSIS_000001,90E2E48,WHOSIS_000001,2016,YEAR,250,COUNTRY,PUBLISHED,Life expectancy (at birth),France,MALE,79.23735213
90E2E48WHOSIS_000001,WHOSIS_000001,90E2E48,WHOSIS_000001,2016,YEAR,268,COUNTRY,PUBLISHED,Life expectancy (at birth),Georgia,MALE,67.97194567
90E2E48WHOSIS_000001,WHOSIS_000001,90E2E48,WHOSIS_000001,2014,YEAR,608,COUNTRY,PUBLISHED,Life expectancy (at birth),Philippines,MALE,65.99968478
90E2E48WHOSIS_000001,WHOSIS_000001,90E2E48,WHOSIS_000001,2014,YEAR,616,COUNTRY,PUBLISHED,Life expectancy (at birth),Poland,MALE,73.57068412
90E2E48WHOSIS_000001,WHOSIS_000001,90E2E48,WHOSIS_000001,2014,YEAR,620,COUNTRY,PUBLISHED,Life expectancy (at birth),Portugal,MALE,77.75613843
90E2E48WHOSIS_000001,WHOSIS_000001,90E2E48,WHOSIS_000001,2015,YEAR,398,COUNTRY,PUBLISHED,Life expectancy (at birth),Kazakhstan,MALE,67.40502866
90E2E48WHOSIS_000001,WHOSIS_000001,90E2E48,WHOSIS_000001,2014,YEAR,604,COUNTRY,PUBLISHED,Life expectancy (at birth),Peru,MALE,78.47263403
90E2E48WHOSIS_000001,WHOSIS_000001,90E2E48,WHOSIS_000001,2017,YEAR,170,COUNTRY,PUBLISHED,Life expectancy (at birth),Colombia,MALE,75.17464088
90E2E48WHOSIS_000001,WHOSIS_000001,90E2E48,WHOSIS_000001,2017,YEAR,192,COUNTRY,PUBLISHED,Life expectancy (at birth),Cuba,MALE,75.39761629
90E2E48WHOSIS_000001,WHOSIS_000001,90E2E48,WHOSIS_000001,2017,YEAR,250,COUNTRY,PUBLISHED,Life expectancy (at birth),France,MALE,79.40611353
90E2E48WHOSIS_000001,WHOSIS_000001,90E2E48,WHOSIS_000001,2013,YEAR,360,COUNTRY,PUBLISHED,Life expectancy (at birth),Indonesia,FEMALE,71.79630339
90E2E48WHOSIS_000001,WHOSIS_000001,90E2E48,WHOSIS_000001,2013,YEAR,364,COUNTRY,PUBLISHED,Life expectancy (at birth),Iran (Islamic Republic of),FEMALE,78.93795451
90E2E48WHOSIS_000001,WHOSIS_000001,90E2E48,WHOSIS_000001,2013,YEAR,368,COUNTRY,PUBLISHED,Life expectancy (at birth),Iraq,FEMALE,74.3058493
90E2E48WHOSIS_000001,WHOSIS_000001,90E2E48,WHOSIS_000001,2013,YEAR,372,COUNTRY,PUBLISHED,Life expectancy (at birth),Ireland,FEMALE,82.6377059
90E2E48WHOSIS_000001,WHOSIS_000001,90E2E48,WHOSIS_000001,2013,YEAR,376,COUNTRY,PUBLISHED,Life expectancy (at birth),Israel,FEMALE,83.60382482
90E2E48WHOSIS_000001,WHOSIS_000001,90E2E48,WHOSIS_000001,2013,YEAR,380,COUNTRY,PUBLISHED,Life expectancy (at birth),Italy,FEMALE,84.49845399
90E2E48WHOSIS_000001,WHOSIS_000001,90E2E48,WHOSIS_000001,2013,YEAR,404,COUNTRY,PUBLISHED,Life expectancy (at birth),Kenya,FEMALE,65.6549994
90E2E48WHOSIS_000001,WHOSIS_000001,90E2E48,WHOSIS_000001,2013,YEAR,434,COUNTRY,PUBLISHED,Life expectancy (at birth),Libya,FEMALE,75.68339928
90E2E48WHOSIS_000001,WHOSIS_000001,90E2E48,WHOSIS_000001,2013,YEAR,410,COUNTRY,PUBLISHED,Life expectancy (at birth),Republic of Korea,FEMALE,84.77352516
90E2E48WHOSIS_000001,WHOSIS_000001,90E2E48,WHOSIS_000001,2013,YEAR,414,COUNTRY,PUBLISHED,Life expectancy (at birth),Kuwait,FEMALE,84.43919253
90E2E48WHOSIS_000001,WHOSIS_000001,90E2E48,WHOSIS_000001,2017,YEAR,268,COUNTRY,PUBLISHED,Life expectancy (at birth),Georgia,MALE,68.85264428
90E2E48WHOSIS_000001,WHOSIS_000001,90E2E48,WHOSIS_000001,2017,YEAR,246,COUNTRY,PUBLISHED,Life expectancy (at birth),Finland,MALE,78.6783505
90E2E48WHOSIS_000001,WHOSIS_000001,90E2E48,WHOSIS_000001,2017,YEAR,276,COUNTRY,PUBLISHED,Life expectancy (at birth),Germany,MALE,78.50647209
90E2E48WHOSIS_000001,WHOSIS_000001,90E2E48,WHOSIS_000001,2017,YEAR,300,COUNTRY,PUBLISHED,Life expectancy (at birth),Greece,MALE,78.53350845
90E2E48WHOSIS_000001,WHOSIS_000001,90E2E48,WHOSIS_000001,2015,YEAR,410,COUNTRY,PUBLISHED,Life expectancy (at birth),Republic of Korea,MALE,79.14461549
90E2E48WHOSIS_000001,WHOSIS_000001,90E2E48,WHOSIS_000001,2015,YEAR,434,COUNTRY,PUBLISHED,Life expectancy (at birth),Libya,MALE,70.20647427
90E2E48WHOSIS_000001,WHOSIS_000001,90E2E48,WHOSIS_000001,2015,YEAR,414,COUNTRY,PUBLISHED,Life expectancy (at birth),Kuwait,MALE,79.23096715
90E2E48WHOSIS_000001,WHOSIS_000001,90E2E48,WHOSIS_000001,2015,YEAR,400,COUNTRY,PUBLISHED,Life expectancy (at birth),Jordan,MALE,78.71321883
90E2E48WHOSIS_000001,WHOSIS_000001,90E2E48,WHOSIS_000001,2015,YEAR,404,COUNTRY,PUBLISHED,Life expectancy (at birth),Kenya,MALE,61.87347295
90E2E48WHOSIS_000001,WHOSIS_000001,90E2E48,WHOSIS_000001,2016,YEAR,144,COUNTRY,PUBLISHED,Life expectancy (at birth),Sri Lanka,MALE,73.62061812
90E2E48WHOSIS_000001,WHOSIS_000001,90E2E48,WHOSIS_000001,2016,YEAR,156,COUNTRY,PUBLISHED,Life expectancy (at birth),China,MALE,73.89045573
90E2E48WHOSIS_000001,WHOSIS_000001,90E2E48,WHOSIS_000001,2014,YEAR,752,COUNTRY,PUBLISHED,Life expectancy (at birth),Sweden,MALE,80.18837075
90E2E48WHOSIS_000001,WHOSIS_000001,90E2E48,WHOSIS_000001,2014,YEAR,756,COUNTRY,PUBLISHED,Life expectancy (at birth),Switzerland,MALE,80.83708046
90E2E48WHOSIS_000001,WHOSIS_000001,90E2E48,WHOSIS_000001,2017,YEAR,752,COUNTRY,PUBLISHED,Life expectancy (at birth),Sweden,MALE,80.50176231
90E2E48WHOSIS_000001,WHOSIS_000001,90E2E48,WHOSIS_000001,2017,YEAR,756,COUNTRY,PUBLISHED,Life expectancy (at birth),Switzerland,MALE,81.24246652
90E2E48WHOSIS_000001,WHOSIS_000001,90E2E48,WHOSIS_000001,2018,YEAR,250,COUNTRY,PUBLISHED,Life expectancy (at birth),France,MALE,79.57958954
90E2E48WHOSIS_000001,WHOSIS_000001,90E2E48,WHOSIS_000001,2018,YEAR,268,COUNTRY,PUBLISHED,Life expectancy (at birth),Georgia,MALE,69.10967717
90E2E48WHOSIS_000001,WHOSIS_000001,90E2E48,WHOSIS_000001,2018,YEAR,246,COUNTRY,PUBLISHED,Life expectancy (at birth),Finland,MALE,78.83377946
90E2E48WHOSIS_000001,WHOSIS_000001,90E2E48,WHOSIS_000001,2018,YEAR,276,COUNTRY,PUBLISHED,Life expectancy (at birth),Germany,MALE,78.42352941
90E2E48WHOSIS_000001,WHOSIS_000001,90E2E48,WHOSIS_000001,2015,YEAR,276,COUNTRY,PUBLISHED,Life expectancy (at birth),Germany,MALE,78.11601135
90E2E48WHOSIS_000001,WHOSIS_000001,90E2E48,WHOSIS_000001,2015,YEAR,300,COUNTRY,PUBLISHED,Life expectancy (at birth),Greece,MALE,78.16406622
90E2E48WHOSIS_000001,WHOSIS_000001,90E2E48,WHOSIS_000001,2014,YEAR,764,COUNTRY,PUBLISHED,Life expectancy (at birth),Thailand,MALE,73.42810335
90E2E48WHOSIS_000001,WHOSIS_000001,90E2E48,WHOSIS_000001,2018,YEAR,300,COUNTRY,PUBLISHED,Life expectancy (at birth),Greece,MALE,78.86212624
90E2E48WHOSIS_000001,WHOSIS_000001,90E2E48,WHOSIS_000001,2018,YEAR,308,COUNTRY,PUBLISHED,Life expectancy (at birth),Grenada,MALE,70.43170556
90E2E48WHOSIS_000001,WHOSIS_000001,90E2E48,WHOSIS_000001,2018,YEAR,352,COUNTRY,PUBLISHED,Life expectancy (at birth),Iceland,MALE,80.95040845
90E2E48WHOSIS_000001,WHOSIS_000001,90E2E48,WHOSIS_000001,2018,YEAR,356,COUNTRY,PUBLISHED,Life expectancy (at birth),India,MALE,68.87555599
90E2E48WHOSIS_000001,WHOSIS_000001,90E2E48,WHOSIS_000001,2018,YEAR,360,COUNTRY,PUBLISHED,Life expectancy (at birth),Indonesia,MALE,69.35762067
90E2E48WHOSIS_000001,WHOSIS_000001,90E2E48,WHOSIS_000001,2018,YEAR,364,COUNTRY,PUBLISHED,Life expectancy (at birth),Iran (Islamic Republic of),MALE,76.26902586
90E2E48WHOSIS_000001,WHOSIS_000001,90E2E48,WHOSIS_000001,2018,YEAR,368,COUNTRY,PUBLISHED,Life expectancy (at birth),Iraq,MALE,70.41628421
90E2E48WHOSIS_000001,WHOSIS_000001,90E2E48,WHOSIS_000001,2018,YEAR,380,COUNTRY,PUBLISHED,Life expectancy (at birth),Italy,MALE,80.658805
90E2E48WHOSIS_000001,WHOSIS_000001,90E2E48,WHOSIS_000001,2018,YEAR,388,COUNTRY,PUBLISHED,Life expectancy (at birth),Jamaica,MALE,69.62501596
90E2E48WHOSIS_000001,WHOSIS_000001,90E2E48,WHOSIS_000001,2015,YEAR,268,COUNTRY,PUBLISHED,Life expectancy (at birth),Georgia,MALE,68.34963094
90E2E48WHOSIS_000001,WHOSIS_000001,90E2E48,WHOSIS_000001,2015,YEAR,308,COUNTRY,PUBLISHED,Life expectancy (at birth),Grenada,MALE,70.07707431
90E2E48WHOSIS_000001,WHOSIS_000001,90E2E48,WHOSIS_000001,2015,YEAR,360,COUNTRY,PUBLISHED,Life expectancy (at birth),Indonesia,MALE,68.76075231
90E2E48WHOSIS_000001,WHOSIS_000001,90E2E48,WHOSIS_000001,2015,YEAR,364,COUNTRY,PUBLISHED,Life expectancy (at birth),Iran (Islamic Republic of),MALE,75.78006578
90E2E48WHOSIS_000001,WHOSIS_000001,90E2E48,WHOSIS_000001,2015,YEAR,368,COUNTRY,PUBLISHED,Life expectancy (at birth),Iraq,MALE,67.47106696
90E2E48WHOSIS_000001,WHOSIS_000001,90E2E48,WHOSIS_000001,2015,YEAR,356,COUNTRY,PUBLISHED,Life expectancy (at birth),India,MALE,67.89522503
90E2E48WHOSIS_000001,WHOSIS_000001,90E2E48,WHOSIS_000001,2015,YEAR,352,COUNTRY,PUBLISHED,Life expectancy (at birth),Iceland,MALE,80.65455941
90E2E48WHOSIS_000001,WHOSIS_000001,90E2E48,WHOSIS_000001,2015,YEAR,392,COUNTRY,PUBLISHED,Life expectancy (at birth),Japan,MALE,81.09401192
90E2E48WHOSIS_000001,WHOSIS_000001,90E2E48,WHOSIS_000001,2016,YEAR,364,COUNTRY,PUBLISHED,Life expectancy (at birth),Iran (Islamic Republic of),MALE,75.93732902
90E2E48WHOSIS_000001,WHOSIS_000001,90E2E48,WHOSIS_000001,2018,YEAR,372,COUNTRY,PUBLISHED,Life expectancy (at birth),Ireland,MALE,80.00370369
90E2E48WHOSIS_000001,WHOSIS_000001,90E2E48,WHOSIS_000001,2018,YEAR,376,COUNTRY,PUBLISHED,Life expectancy (at birth),Israel,MALE,80.66380567
90E2E48WHOSIS_000001,WHOSIS_000001,90E2E48,WHOSIS_000001,2016,YEAR,376,COUNTRY,PUBLISHED,Life expectancy (at birth),Israel,MALE,80.44277466
90E2E48WHOSIS_000001,WHOSIS_000001,90E2E48,WHOSIS_000001,2016,YEAR,380,COUNTRY,PUBLISHED,Life expectancy (at birth),Italy,MALE,80.70357826
90E2E48WHOSIS_000001,WHOSIS_000001,90E2E48,WHOSIS_000001,2016,YEAR,388,COUNTRY,PUBLISHED,Life expectancy (at birth),Jamaica,MALE,69.59322352
90E2E48WHOSIS_000001,WHOSIS_000001,90E2E48,WHOSIS_000001,2016,YEAR,368,COUNTRY,PUBLISHED,Life expectancy (at birth),Iraq,MALE,67.53510132
90E2E48WHOSIS_000001,WHOSIS_000001,90E2E48,WHOSIS_000001,2016,YEAR,372,COUNTRY,PUBLISHED,Life expectancy (at birth),Ireland,MALE,79.60073964
90E2E48WHOSIS_000001,WHOSIS_000001,90E2E48,WHOSIS_000001,2016,YEAR,400,COUNTRY,PUBLISHED,Life expectancy (at birth),Jordan,MALE,78.96538801
90E2E48WHOSIS_000001,WHOSIS_000001,90E2E48,WHOSIS_000001,2016,YEAR,404,COUNTRY,PUBLISHED,Life expectancy (at birth),Kenya,MALE,62.60123826
90E2E48WHOSIS_000001,WHOSIS_000001,90E2E48,WHOSIS_000001,2016,YEAR,410,COUNTRY,PUBLISHED,Life expectancy (at birth),Republic of Korea,MALE,79.52891431
90E2E48WHOSIS_000001,WHOSIS_000001,90E2E48,WHOSIS_000001,2016,YEAR,392,COUNTRY,PUBLISHED,Life expectancy (at birth),Japan,MALE,81.29287195
90E2E48WHOSIS_000001,WHOSIS_000001,90E2E48,WHOSIS_000001,2016,YEAR,398,COUNTRY,PUBLISHED,Life expectancy (at birth),Kazakhstan,MALE,67.9260475
90E2E48WHOSIS_000001,WHOSIS_000001,90E2E48,WHOSIS_000001,2015,YEAR,578,COUNTRY,PUBLISHED,Life expectancy (at birth),Norway,MALE,80.26976417
90E2E48WHOSIS_000001,WHOSIS_000001,90E2E48,WHOSIS_000001,2015,YEAR,586,COUNTRY,PUBLISHED,Life expectancy (at birth),Pakistan,MALE,64.90203666
90E2E48WHOSIS_000001,WHOSIS_000001,90E2E48,WHOSIS_000001,2015,YEAR,372,COUNTRY,PUBLISHED,Life expectancy (at birth),Ireland,MALE,79.33847643
90E2E48WHOSIS_000001,WHOSIS_000001,90E2E48,WHOSIS_000001,2015,YEAR,376,COUNTRY,PUBLISHED,Life expectancy (at birth),Israel,MALE,79.93658981
90E2E48WHOSIS_000001,WHOSIS_000001,90E2E48,WHOSIS_000001,2015,YEAR,380,COUNTRY,PUBLISHED,Life expectancy (at birth),Italy,MALE,80.00279151
90E2E48WHOSIS_000001,WHOSIS_000001,90E2E48,WHOSIS_000001,2015,YEAR,388,COUNTRY,PUBLISHED,Life expectancy (at birth),Jamaica,MALE,69.69239935
90E2E48WHOSIS_000001,WHOSIS_000001,90E2E48,WHOSIS_000001,2015,YEAR,634,COUNTRY,PUBLISHED,Life expectancy (at birth),Qatar,MALE,77.41321236
90E2E48WHOSIS_000001,WHOSIS_000001,90E2E48,WHOSIS_000001,2015,YEAR,642,COUNTRY,PUBLISHED,Life expectancy (at birth),Romania,MALE,71.37523244
90E2E48WHOSIS_000001,WHOSIS_000001,90E2E48,WHOSIS_000001,2014,YEAR,634,COUNTRY,PUBLISHED,Life expectancy (at birth),Qatar,FEMALE,78.07965998
90E2E48WHOSIS_000001,WHOSIS_000001,90E2E48,WHOSIS_000001,2014,YEAR,642,COUNTRY,PUBLISHED,Life expectancy (at birth),Romania,FEMALE,78.48985721
90E2E48WHOSIS_000001,WHOSIS_000001,90E2E48,WHOSIS_000001,2014,YEAR,643,COUNTRY,PUBLISHED,Life expectancy (at birth),Russian Federation,FEMALE,76.2667542
90E2E48WHOSIS_000001,WHOSIS_000001,90E2E48,WHOSIS_000001,2015,YEAR,682,COUNTRY,PUBLISHED,Life expectancy (at birth),Saudi Arabia,MALE,76.3618803
90E2E48WHOSIS_000001,WHOSIS_000001,90E2E48,WHOSIS_000001,2015,YEAR,604,COUNTRY,PUBLISHED,Life expectancy (at birth),Peru,MALE,78.71199495
90E2E48WHOSIS_000001,WHOSIS_000001,90E2E48,WHOSIS_000001,2015,YEAR,608,COUNTRY,PUBLISHED,Life expectancy (at birth),Philippines,MALE,65.80853734
90E2E48WHOSIS_000001,WHOSIS_000001,90E2E48,WHOSIS_000001,2015,YEAR,616,COUNTRY,PUBLISHED,Life expectancy (at birth),Poland,MALE,73.3650708
90E2E48WHOSIS_000001,WHOSIS_000001,90E2E48,WHOSIS_000001,2015,YEAR,620,COUNTRY,PUBLISHED,Life expectancy (at birth),Portugal,MALE,77.92082616
90E2E48WHOSIS_000001,WHOSIS_000001,90E2E48,WHOSIS_000001,2015,YEAR,643,COUNTRY,PUBLISHED,Life expectancy (at birth),Russian Federation,MALE,65.84297136
90E2E48WHOSIS_000001,WHOSIS_000001,90E2E48,WHOSIS_000001,2016,YEAR,484,COUNTRY,PUBLISHED,Life expectancy (at birth),Mexico,MALE,72.99738023
90E2E48WHOSIS_000001,WHOSIS_000001,90E2E48,WHOSIS_000001,2016,YEAR,496,COUNTRY,PUBLISHED,Life expectancy (at birth),Mongolia,MALE,65.53425557
90E2E48WHOSIS_000001,WHOSIS_000001,90E2E48,WHOSIS_000001,2017,YEAR,76,COUNTRY,PUBLISHED,Life expectancy (at birth),Brazil,MALE,71.53944945
90E2E48WHOSIS_000001,WHOSIS_000001,90E2E48,WHOSIS_000001,2017,YEAR,56,COUNTRY,PUBLISHED,Life expectancy (at birth),Belgium,MALE,78.90220538
90E2E48WHOSIS_000001,WHOSIS_000001,90E2E48,WHOSIS_000001,2016,YEAR,414,COUNTRY,PUBLISHED,Life expectancy (at birth),Kuwait,MALE,80.55739724
90E2E48WHOSIS_000001,WHOSIS_000001,90E2E48,WHOSIS_000001,2017,YEAR,144,COUNTRY,PUBLISHED,Life expectancy (at birth),Sri Lanka,MALE,73.75718966
90E2E48WHOSIS_000001,WHOSIS_000001,90E2E48,WHOSIS_000001,2016,YEAR,764,COUNTRY,PUBLISHED,Life expectancy (at birth),Thailand,MALE,73.56317676
90E2E48WHOSIS_000001,WHOSIS_000001,90E2E48,WHOSIS_000001,2015,YEAR,702,COUNTRY,PUBLISHED,Life expectancy (at birth),Singapore,MALE,80.74656874
90E2E48WHOSIS_000001,WHOSIS_000001,90E2E48,WHOSIS_000001,2014,YEAR,682,COUNTRY,PUBLISHED,Life expectancy (at birth),Saudi Arabia,MALE,76.61874614
90E2E48WHOSIS_000001,WHOSIS_000001,90E2E48,WHOSIS_000001,2016,YEAR,480,COUNTRY,PUBLISHED,Life expectancy (at birth),Mauritius,MALE,70.95621231
90E2E48WHOSIS_000001,WHOSIS_000001,90E2E48,WHOSIS_000001,2017,YEAR,104,COUNTRY,PUBLISHED,Life expectancy (at birth),Myanmar,MALE,64.76363796
90E2E48WHOSIS_000001,WHOSIS_000001,90E2E48,WHOSIS_000001,2017,YEAR,124,COUNTRY,PUBLISHED,Life expectancy (at birth),Canada,MALE,79.76316331
90E2E48WHOSIS_000001,WHOSIS_000001,90E2E48,WHOSIS_000001,2017,YEAR,156,COUNTRY,PUBLISHED,Life expectancy (at birth),China,MALE,74.15977494
90E2E48WHOSIS_000001,WHOSIS_000001,90E2E48,WHOSIS_000001,2017,YEAR,4,COUNTRY,PUBLISHED,Life expectancy (at birth),Afghanistan,MALE,59.83439393
90E2E48WHOSIS_000001,WHOSIS_000001,90E2E48,WHOSIS_000001,2007,YEAR,480,COUNTRY,PUBLISHED,Life expectancy (at birth),Mauritius,TOTAL,72.6045072
90E2E48WHOSIS_000001,WHOSIS_000001,90E2E48,WHOSIS_000001,2007,YEAR,484,COUNTRY,PUBLISHED,Life expectancy (at birth),Mexico,TOTAL,75.52454869
90E2E48WHOSIS_000001,WHOSIS_000001,90E2E48,WHOSIS_000001,2007,YEAR,634,COUNTRY,PUBLISHED,Life expectancy (at birth),Qatar,TOTAL,71.89910857
90E2E48WHOSIS_000001,WHOSIS_000001,90E2E48,WHOSIS_000001,2007,YEAR,642,COUNTRY,PUBLISHED,Life expectancy (at birth),Romania,TOTAL,73.13558178
90E2E48WHOSIS_000001,WHOSIS_000001,90E2E48,WHOSIS_000001,2007,YEAR,643,COUNTRY,PUBLISHED,Life expectancy (at birth),Russian Federation,TOTAL,67.42224647
90E2E48WHOSIS_000001,WHOSIS_000001,90E2E48,WHOSIS_000001,2007,YEAR,496,COUNTRY,PUBLISHED,Life expectancy (at birth),Mongolia,TOTAL,66.37749458
90E2E48WHOSIS_000001,WHOSIS_000001,90E2E48,WHOSIS_000001,2007,YEAR,682,COUNTRY,PUBLISHED,Life expectancy (at birth),Saudi Arabia,TOTAL,72.35473902
90E2E48WHOSIS_000001,WHOSIS_000001,90E2E48,WHOSIS_000001,2006,YEAR,76,COUNTRY,PUBLISHED,Life expectancy (at birth),Brazil,TOTAL,73.33073271
90E2E48WHOSIS_000001,WHOSIS_000001,90E2E48,WHOSIS_000001,2017,YEAR,512,COUNTRY,PUBLISHED,Life expectancy (at birth),Oman,MALE,72.01827359
90E2E48WHOSIS_000001,WHOSIS_000001,90E2E48,WHOSIS_000001,2017,YEAR,480,COUNTRY,PUBLISHED,Life expectancy (at birth),Mauritius,MALE,70.93443016
90E2E48WHOSIS_000001,WHOSIS_000001,90E2E48,WHOSIS_000001,2017,YEAR,484,COUNTRY,PUBLISHED,Life expectancy (at birth),Mexico,MALE,72.98208505
90E2E48WHOSIS_000001,WHOSIS_000001,90E2E48,WHOSIS_000001,2017,YEAR,496,COUNTRY,PUBLISHED,Life expectancy (at birth),Mongolia,MALE,65.87732497
90E2E48WHOSIS_000001,WHOSIS_000001,90E2E48,WHOSIS_000001,2006,YEAR,48,COUNTRY,PUBLISHED,Life expectancy (at birth),Bahrain,TOTAL,71.69627417
90E2E48WHOSIS_000001,WHOSIS_000001,90E2E48,WHOSIS_000001,2006,YEAR,56,COUNTRY,PUBLISHED,Life expectancy (at birth),Belgium,TOTAL,79.23388393
90E2E48WHOSIS_000001,WHOSIS_000001,90E2E48,WHOSIS_000001,2006,YEAR,50,COUNTRY,PUBLISHED,Life expectancy (at birth),Bangladesh,TOTAL,68.09324389
90E2E48WHOSIS_000001,WHOSIS_000001,90E2E48,WHOSIS_000001,2006,YEAR,104,COUNTRY,PUBLISHED,Life expectancy (at birth),Myanmar,TOTAL,62.15642058
90E2E48WHOSIS_000001,WHOSIS_000001,90E2E48,WHOSIS_000001,2006,YEAR,144,COUNTRY,PUBLISHED,Life expectancy (at birth),Sri Lanka,TOTAL,73.35813965
90E2E48WHOSIS_000001,WHOSIS_000001,90E2E48,WHOSIS_000001,2017,YEAR,764,COUNTRY,PUBLISHED,Life expectancy (at birth),Thailand,MALE,73.75229171
90E2E48WHOSIS_000001,WHOSIS_000001,90E2E48,WHOSIS_000001,2017,YEAR,784,COUNTRY,PUBLISHED,Life expectancy (at birth),United Arab Emirates,MALE,80.52881968
90E2E48WHOSIS_000001,WHOSIS_000001,90E2E48,WHOSIS_000001,2017,YEAR,392,COUNTRY,PUBLISHED,Life expectancy (at birth),Japan,MALE,81.40127035
90E2E48WHOSIS_000001,WHOSIS_000001,90E2E48,WHOSIS_000001,2017,YEAR,398,COUNTRY,PUBLISHED,Life expectancy (at birth),Kazakhstan,MALE,68.66785994
90E2E48WHOSIS_000001,WHOSIS_000001,90E2E48,WHOSIS_000001,2017,YEAR,400,COUNTRY,PUBLISHED,Life expectancy (at birth),Jordan,MALE,79.343833
90E2E48WHOSIS_000001,WHOSIS_000001,90E2E48,WHOSIS_000001,2017,YEAR,404,COUNTRY,PUBLISHED,Life expectancy (at birth),Kenya,MALE,63.14667616
90E2E48WHOSIS_000001,WHOSIS_000001,90E2E48,WHOSIS_000001,2006,YEAR,124,COUNTRY,PUBLISHED,Life expectancy (at birth),Canada,TOTAL,80.37081942
90E2E48WHOSIS_000001,WHOSIS_000001,90E2E48,WHOSIS_000001,2018,YEAR,710,COUNTRY,PUBLISHED,Life expectancy (at birth),South Africa,TOTAL,65.31532246
90E2E48WHOSIS_000001,WHOSIS_000001,90E2E48,WHOSIS_000001,2018,YEAR,716,COUNTRY,PUBLISHED,Life expectancy (at birth),Zimbabwe,TOTAL,58.69836684
90E2E48WHOSIS_000001,WHOSIS_000001,90E2E48,WHOSIS_000001,2006,YEAR,156,COUNTRY,PUBLISHED,Life expectancy (at birth),China,TOTAL,73.28900157
90E2E48WHOSIS_000001,WHOSIS_000001,90E2E48,WHOSIS_000001,2006,YEAR,170,COUNTRY,PUBLISHED,Life expectancy (at birth),Colombia,TOTAL,74.69666325
90E2E48WHOSIS_000001,WHOSIS_000001,90E2E48,WHOSIS_000001,2018,YEAR,752,COUNTRY,PUBLISHED,Life expectancy (at birth),Sweden,TOTAL,82.20163712
90E2E48WHOSIS_000001,WHOSIS_000001,90E2E48,WHOSIS_000001,2018,YEAR,724,COUNTRY,PUBLISHED,Life expectancy (at birth),Spain,TOTAL,82.76765981
90E2E48WHOSIS_000001,WHOSIS_000001,90E2E48,WHOSIS_000001,2017,YEAR,364,COUNTRY,PUBLISHED,Life expectancy (at birth),Iran (Islamic Republic of),MALE,76.07240319
90E2E48WHOSIS_000001,WHOSIS_000001,90E2E48,WHOSIS_000001,2017,YEAR,368,COUNTRY,PUBLISHED,Life expectancy (at birth),Iraq,MALE,68.16453706
90E2E48WHOSIS_000001,WHOSIS_000001,90E2E48,WHOSIS_000001,2017,YEAR,372,COUNTRY,PUBLISHED,Life expectancy (at birth),Ireland,MALE,79.84300114
90E2E48WHOSIS_000001,WHOSIS_000001,90E2E48,WHOSIS_000001,2017,YEAR,376,COUNTRY,PUBLISHED,Life expectancy (at birth),Israel,MALE,80.42485956
90E2E48WHOSIS_000001,WHOSIS_000001,90E2E48,WHOSIS_000001,2017,YEAR,380,COUNTRY,PUBLISHED,Life expectancy (at birth),Italy,MALE,80.39306635
90E2E48WHOSIS_000001,WHOSIS_000001,90E2E48,WHOSIS_000001,2017,YEAR,388,COUNTRY,PUBLISHED,Life expectancy (at birth),Jamaica,MALE,69.42373307
90E2E48WHOSIS_000001,WHOSIS_000001,90E2E48,WHOSIS_000001,2017,YEAR,434,COUNTRY,PUBLISHED,Life expectancy (at birth),Libya,MALE,71.04287399
90E2E48WHOSIS_000001,WHOSIS_000001,90E2E48,WHOSIS_000001,2017,YEAR,410,COUNTRY,PUBLISHED,Life expectancy (at birth),Republic of Korea,MALE,79.94279946
90E2E48WHOSIS_000001,WHOSIS_000001,90E2E48,WHOSIS_000001,2017,YEAR,414,COUNTRY,PUBLISHED,Life expectancy (at birth),Kuwait,MALE,80.38160915
90E2E48WHOSIS_000001,WHOSIS_000001,90E2E48,WHOSIS_000001,2015,YEAR,104,COUNTRY,PUBLISHED,Life expectancy (at birth),Myanmar,FEMALE,70.70610209
90E2E48WHOSIS_000001,WHOSIS_000001,90E2E48,WHOSIS_000001,2015,YEAR,192,COUNTRY,PUBLISHED,Life expectancy (at birth),Cuba,FEMALE,80.11058499
90E2E48WHOSIS_000001,WHOSIS_000001,90E2E48,WHOSIS_000001,2015,YEAR,480,COUNTRY,PUBLISHED,Life expectancy (at birth),Mauritius,FEMALE,77.46337652
90E2E48WHOSIS_000001,WHOSIS_000001,90E2E48,WHOSIS_000001,2015,YEAR,484,COUNTRY,PUBLISHED,Life expectancy (at birth),Mexico,FEMALE,78.5410638
90E2E48WHOSIS_000001,WHOSIS_000001,90E2E48,WHOSIS_000001,2015,YEAR,496,COUNTRY,PUBLISHED,Life expectancy (at birth),Mongolia,FEMALE,73.59778296
90E2E48WHOSIS_000001,WHOSIS_000001,90E2E48,WHOSIS_000001,2015,YEAR,512,COUNTRY,PUBLISHED,Life expectancy (at birth),Oman,FEMALE,77.43992598
90E2E48WHOSIS_000001,WHOSIS_000001,90E2E48,WHOSIS_000001,2004,YEAR,764,COUNTRY,PUBLISHED,Life expectancy (at birth),Thailand,FEMALE,75.49650246
90E2E48WHOSIS_000001,WHOSIS_000001,90E2E48,WHOSIS_000001,2018,YEAR,764,COUNTRY,PUBLISHED,Life expectancy (at birth),Thailand,TOTAL,77.14916132
90E2E48WHOSIS_000001,WHOSIS_000001,90E2E48,WHOSIS_000001,2018,YEAR,756,COUNTRY,PUBLISHED,Life expectancy (at birth),Switzerland,TOTAL,83.28963498
90E2E48WHOSIS_000001,WHOSIS_000001,90E2E48,WHOSIS_000001,2018,YEAR,784,COUNTRY,PUBLISHED,Life expectancy (at birth),United Arab Emirates,TOTAL,81.16639668
90E2E48WHOSIS_000001,WHOSIS_000001,90E2E48,WHOSIS_000001,2018,YEAR,818,COUNTRY,PUBLISHED,Life expectancy (at birth),Egypt,TOTAL,71.35791195
90E2E48WHOSIS_000001,WHOSIS_000001,90E2E48,WHOSIS_000001,2017,YEAR,702,COUNTRY,PUBLISHED,Life expectancy (at birth),Singapore,MALE,81.07523265
90E2E48WHOSIS_000001,WHOSIS_000001,90E2E48,WHOSIS_000001,2017,YEAR,682,COUNTRY,PUBLISHED,Life expectancy (at birth),Saudi Arabia,MALE,76.43989666
90E2E48WHOSIS_000001,WHOSIS_000001,90E2E48,WHOSIS_000001,2017,YEAR,724,COUNTRY,PUBLISHED,Life expectancy (at birth),Spain,MALE,80.07545191
90E2E48WHOSIS_000001,WHOSIS_000001,90E2E48,WHOSIS_000001,2018,YEAR,104,COUNTRY,PUBLISHED,Life expectancy (at birth),Myanmar,MALE,65.45431478
90E2E48WHOSIS_000001,WHOSIS_000001,90E2E48,WHOSIS_000001,2017,YEAR,706,COUNTRY,PUBLISHED,Life expectancy (at birth),Somalia,MALE,51.74155396
90E2E48WHOSIS_000001,WHOSIS_000001,90E2E48,WHOSIS_000001,2017,YEAR,710,COUNTRY,PUBLISHED,Life expectancy (at birth),South Africa,MALE,61.41356176
90E2E48WHOSIS_000001,WHOSIS_000001,90E2E48,WHOSIS_000001,2017,YEAR,716,COUNTRY,PUBLISHED,Life expectancy (at birth),Zimbabwe,MALE,56.09000452
90E2E48WHOSIS_000001,WHOSIS_000001,90E2E48,WHOSIS_000001,2016,YEAR,784,COUNTRY,PUBLISHED,Life expectancy (at birth),United Arab Emirates,MALE,80.42736068
90E2E48WHOSIS_000001,WHOSIS_000001,90E2E48,WHOSIS_000001,2006,YEAR,616,COUNTRY,PUBLISHED,Life expectancy (at birth),Poland,TOTAL,75.11534037
90E2E48WHOSIS_000001,WHOSIS_000001,90E2E48,WHOSIS_000001,2006,YEAR,620,COUNTRY,PUBLISHED,Life expectancy (at birth),Portugal,TOTAL,78.74114417
90E2E48WHOSIS_000001,WHOSIS_000001,90E2E48,WHOSIS_000001,2006,YEAR,604,COUNTRY,PUBLISHED,Life expectancy (at birth),Peru,TOTAL,78.10561579
90E2E48WHOSIS_000001,WHOSIS_000001,90E2E48,WHOSIS_000001,2006,YEAR,608,COUNTRY,PUBLISHED,Life expectancy (at birth),Philippines,TOTAL,69.22944541
90E2E48WHOSIS_000001,WHOSIS_000001,90E2E48,WHOSIS_000001,2006,YEAR,642,COUNTRY,PUBLISHED,Life expectancy (at birth),Romania,TOTAL,72.58593443
90E2E48WHOSIS_000001,WHOSIS_000001,90E2E48,WHOSIS_000001,2006,YEAR,643,COUNTRY,PUBLISHED,Life expectancy (at birth),Russian Federation,TOTAL,66.48842347
90E2E48WHOSIS_000001,WHOSIS_000001,90E2E48,WHOSIS_000001,2006,YEAR,634,COUNTRY,PUBLISHED,Life expectancy (at birth),Qatar,TOTAL,71.48490844
90E2E48WHOSIS_000001,WHOSIS_000001,90E2E48,WHOSIS_000001,2006,YEAR,682,COUNTRY,PUBLISHED,Life expectancy (at birth),Saudi Arabia,TOTAL,72.03628203
90E2E48WHOSIS_000001,WHOSIS_000001,90E2E48,WHOSIS_000001,2016,YEAR,887,COUNTRY,PUBLISHED,Life expectancy (at birth),Yemen,MALE,65.18287712
90E2E48WHOSIS_000001,WHOSIS_000001,90E2E48,WHOSIS_000001,2016,YEAR,894,COUNTRY,PUBLISHED,Life expectancy (at birth),Zambia,MALE,58.68048273
90E2E48WHOSIS_000001,WHOSIS_000001,90E2E48,WHOSIS_000001,2016,YEAR,840,COUNTRY,PUBLISHED,Life expectancy (at birth),United States of America,MALE,76.37167485
90E2E48WHOSIS_000001,WHOSIS_000001,90E2E48,WHOSIS_000001,2016,YEAR,818,COUNTRY,PUBLISHED,Life expectancy (at birth),Egypt,MALE,68.04467872
90E2E48WHOSIS_000001,WHOSIS_000001,90E2E48,WHOSIS_000001,2006,YEAR,706,COUNTRY,PUBLISHED,Life expectancy (at birth),Somalia,TOTAL,49.82524247
90E2E48WHOSIS_000001,WHOSIS_000001,90E2E48,WHOSIS_000001,2006,YEAR,702,COUNTRY,PUBLISHED,Life expectancy (at birth),Singapore,TOTAL,80.98074622
90E2E48WHOSIS_000001,WHOSIS_000001,90E2E48,WHOSIS_000001,2001,YEAR,364,COUNTRY,PUBLISHED,Life expectancy (at birth),Iran (Islamic Republic of),TOTAL,73.7597003
90E2E48WHOSIS_000001,WHOSIS_000001,90E2E48,WHOSIS_000001,2001,YEAR,388,COUNTRY,PUBLISHED,Life expectancy (at birth),Jamaica,TOTAL,72.14321688
90E2E48WHOSIS_000001,WHOSIS_000001,90E2E48,WHOSIS_000001,2001,YEAR,392,COUNTRY,PUBLISHED,Life expectancy (at birth),Japan,TOTAL,81.84225924
90E2E48WHOSIS_000001,WHOSIS_000001,90E2E48,WHOSIS_000001,2001,YEAR,398,COUNTRY,PUBLISHED,Life expectancy (at birth),Kazakhstan,TOTAL,64.70931637
90E2E48WHOSIS_000001,WHOSIS_000001,90E2E48,WHOSIS_000001,2001,YEAR,400,COUNTRY,PUBLISHED,Life expectancy (at birth),Jordan,TOTAL,72.6802332
90E2E48WHOSIS_000001,WHOSIS_000001,90E2E48,WHOSIS_000001,2001,YEAR,368,COUNTRY,PUBLISHED,Life expectancy (at birth),Iraq,TOTAL,69.81029867
90E2E48WHOSIS_000001,WHOSIS_000001,90E2E48,WHOSIS_000001,2016,YEAR,953,WHOREGION,PUBLISHED,Life expectancy (at birth),Africa,MALE,61.01339287
90E2E48WHOSIS_000001,WHOSIS_000001,90E2E48,WHOSIS_000001,2015,YEAR,954,WHOREGION,PUBLISHED,Life expectancy (at birth),Americas,MALE,74.13609065
90E2E48WHOSIS_000001,WHOSIS_000001,90E2E48,WHOSIS_000001,2017,YEAR,360,COUNTRY,PUBLISHED,Life expectancy (at birth),Indonesia,MALE,69.19758846
90E2E48WHOSIS_000001,WHOSIS_000001,90E2E48,WHOSIS_000001,2017,YEAR,524,COUNTRY,PUBLISHED,Life expectancy (at birth),Nepal,MALE,69.02413219
90E2E48WHOSIS_000001,WHOSIS_000001,90E2E48,WHOSIS_000001,2016,YEAR,955,WHOREGION,PUBLISHED,Life expectancy (at birth),South-East Asia,MALE,68.86960012
90E2E48WHOSIS_000001,WHOSIS_000001,90E2E48,WHOSIS_000001,2016,YEAR,956,WHOREGION,PUBLISHED,Life expectancy (at birth),Europe,MALE,74.08951449
90E2E48WHOSIS_000001,WHOSIS_000001,90E2E48,WHOSIS_000001,2017,YEAR,554,COUNTRY,PUBLISHED,Life expectancy (at birth),New Zealand,MALE,79.46431294
90E2E48WHOSIS_000001,WHOSIS_000001,90E2E48,WHOSIS_000001,2017,YEAR,586,COUNTRY,PUBLISHED,Life expectancy (at birth),Pakistan,MALE,65.62912396
90E2E48WHOSIS_000001,WHOSIS_000001,90E2E48,WHOSIS_000001,2001,YEAR,372,COUNTRY,PUBLISHED,Life expectancy (at birth),Ireland,TOTAL,77.04413457
90E2E48WHOSIS_000001,WHOSIS_000001,90E2E48,WHOSIS_000001,2001,YEAR,376,COUNTRY,PUBLISHED,Life expectancy (at birth),Israel,TOTAL,78.80591438
90E2E48WHOSIS_000001,WHOSIS_000001,90E2E48,WHOSIS_000001,2001,YEAR,380,COUNTRY,PUBLISHED,Life expectancy (at birth),Italy,TOTAL,79.67653939
90E2E48WHOSIS_000001,WHOSIS_000001,90E2E48,WHOSIS_000001,2006,YEAR,710,COUNTRY,PUBLISHED,Life expectancy (at birth),South Africa,TOTAL,52.10797353
90E2E48WHOSIS_000001,WHOSIS_000001,90E2E48,WHOSIS_000001,2006,YEAR,716,COUNTRY,PUBLISHED,Life expectancy (at birth),Zimbabwe,TOTAL,46.40915188
90E2E48WHOSIS_000001,WHOSIS_000001,90E2E48,WHOSIS_000001,2001,YEAR,404,COUNTRY,PUBLISHED,Life expectancy (at birth),Kenya,TOTAL,54.33283599
90E2E48WHOSIS_000001,WHOSIS_000001,90E2E48,WHOSIS_000001,2001,YEAR,434,COUNTRY,PUBLISHED,Life expectancy (at birth),Libya,TOTAL,73.7423441
90E2E48WHOSIS_000001,WHOSIS_000001,90E2E48,WHOSIS_000001,2001,YEAR,410,COUNTRY,PUBLISHED,Life expectancy (at birth),Republic of Korea,TOTAL,76.56907797
90E2E48WHOSIS_000001,WHOSIS_000001,90E2E48,WHOSIS_000001,2001,YEAR,414,COUNTRY,PUBLISHED,Life expectancy (at birth),Kuwait,TOTAL,78.81293796
90E2E48WHOSIS_000001,WHOSIS_000001,90E2E48,WHOSIS_000001,2017,YEAR,578,COUNTRY,PUBLISHED,Life expectancy (at birth),Norway,MALE,80.77622349
90E2E48WHOSIS_000001,WHOSIS_000001,90E2E48,WHOSIS_000001,2017,YEAR,604,COUNTRY,PUBLISHED,Life expectancy (at birth),Peru,MALE,77.8534967
90E2E48WHOSIS_000001,WHOSIS_000001,90E2E48,WHOSIS_000001,2017,YEAR,642,COUNTRY,PUBLISHED,Life expectancy (at birth),Romania,MALE,71.52198464
90E2E48WHOSIS_000001,WHOSIS_000001,90E2E48,WHOSIS_000001,2017,YEAR,643,COUNTRY,PUBLISHED,Life expectancy (at birth),Russian Federation,MALE,67.29712973
90E2E48WHOSIS_000001,WHOSIS_000001,90E2E48,WHOSIS_000001,2017,YEAR,608,COUNTRY,PUBLISHED,Life expectancy (at birth),Philippines,MALE,65.98689007
90E2E48WHOSIS_000001,WHOSIS_000001,90E2E48,WHOSIS_000001,2017,YEAR,616,COUNTRY,PUBLISHED,Life expectancy (at birth),Poland,MALE,73.7301524
90E2E48WHOSIS_000001,WHOSIS_000001,90E2E48,WHOSIS_000001,2017,YEAR,620,COUNTRY,PUBLISHED,Life expectancy (at birth),Portugal,MALE,78.11638146
90E2E48WHOSIS_000001,WHOSIS_000001,90E2E48,WHOSIS_000001,2002,YEAR,250,COUNTRY,PUBLISHED,Life expectancy (at birth),France,TOTAL,79.14448316
90E2E48WHOSIS_000001,WHOSIS_000001,90E2E48,WHOSIS_000001,2002,YEAR,276,COUNTRY,PUBLISHED,Life expectancy (at birth),Germany,TOTAL,78.46153264
90E2E48WHOSIS_000001,WHOSIS_000001,90E2E48,WHOSIS_000001,2002,YEAR,300,COUNTRY,PUBLISHED,Life expectancy (at birth),Greece,TOTAL,78.97253017
90E2E48WHOSIS_000001,WHOSIS_000001,90E2E48,WHOSIS_000001,2002,YEAR,268,COUNTRY,PUBLISHED,Life expectancy (at birth),Georgia,TOTAL,69.8928645
90E2E48WHOSIS_000001,WHOSIS_000001,90E2E48,WHOSIS_000001,2017,YEAR,634,COUNTRY,PUBLISHED,Life expectancy (at birth),Qatar,MALE,78.1817867
90E2E48WHOSIS_000001,WHOSIS_000001,90E2E48,WHOSIS_000001,2017,YEAR,955,WHOREGION,PUBLISHED,Life expectancy (at birth),South-East Asia,MALE,69.12916915
90E2E48WHOSIS_000001,WHOSIS_000001,90E2E48,WHOSIS_000001,2017,YEAR,956,WHOREGION,PUBLISHED,Life expectancy (at birth),Europe,MALE,74.45484928
90E2E48WHOSIS_000001,WHOSIS_000001,90E2E48,WHOSIS_000001,2002,YEAR,308,COUNTRY,PUBLISHED,Life expectancy (at birth),Grenada,TOTAL,71.12022945
90E2E48WHOSIS_000001,WHOSIS_000001,90E2E48,WHOSIS_000001,2002,YEAR,356,COUNTRY,PUBLISHED,Life expectancy (at birth),India,TOTAL,64.16827815
90E2E48WHOSIS_000001,WHOSIS_000001,90E2E48,WHOSIS_000001,2002,YEAR,360,COUNTRY,PUBLISHED,Life expectancy (at birth),Indonesia,TOTAL,67.65122104
90E2E48WHOSIS_000001,WHOSIS_000001,90E2E48,WHOSIS_000001,2002,YEAR,364,COUNTRY,PUBLISHED,Life expectancy (at birth),Iran (Islamic Republic of),TOTAL,74.01828515
90E2E48WHOSIS_000001,WHOSIS_000001,90E2E48,WHOSIS_000001,2002,YEAR,368,COUNTRY,PUBLISHED,Life expectancy (at birth),Iraq,TOTAL,70.04461594
90E2E48WHOSIS_000001,WHOSIS_000001,90E2E48,WHOSIS_000001,2002,YEAR,352,COUNTRY,PUBLISHED,Life expectancy (at birth),Iceland,TOTAL,80.30310703
90E2E48WHOSIS_000001,WHOSIS_000001,90E2E48,WHOSIS_000001,2005,YEAR,512,COUNTRY,PUBLISHED,Life expectancy (at birth),Oman,FEMALE,77.33246972
90E2E48WHOSIS_000001,WHOSIS_000001,90E2E48,WHOSIS_000001,2005,YEAR,578,COUNTRY,PUBLISHED,Life expectancy (at birth),Norway,FEMALE,82.2909127
90E2E48WHOSIS_000001,WHOSIS_000001,90E2E48,WHOSIS_000001,2005,YEAR,586,COUNTRY,PUBLISHED,Life expectancy (at birth),Pakistan,FEMALE,62.53406826
90E2E48WHOSIS_000001,WHOSIS_000001,90E2E48,WHOSIS_000001,2005,YEAR,524,COUNTRY,PUBLISHED,Life expectancy (at birth),Nepal,FEMALE,69.50226222
90E2E48WHOSIS_000001,WHOSIS_000001,90E2E48,WHOSIS_000001,2005,YEAR,554,COUNTRY,PUBLISHED,Life expectancy (at birth),New Zealand,FEMALE,81.92646063
90E2E48WHOSIS_000001,WHOSIS_000001,90E2E48,WHOSIS_000001,2018,YEAR,4,COUNTRY,PUBLISHED,Life expectancy (at birth),Afghanistan,MALE,59.01023641
90E2E48WHOSIS_000001,WHOSIS_000001,90E2E48,WHOSIS_000001,2007,YEAR,276,COUNTRY,PUBLISHED,Life expectancy (at birth),Germany,TOTAL,79.79113261
90E2E48WHOSIS_000001,WHOSIS_000001,90E2E48,WHOSIS_000001,2007,YEAR,246,COUNTRY,PUBLISHED,Life expectancy (at birth),Finland,TOTAL,79.26874907
90E2E48WHOSIS_000001,WHOSIS_000001,90E2E48,WHOSIS_000001,2007,YEAR,250,COUNTRY,PUBLISHED,Life expectancy (at birth),France,TOTAL,80.79627532
90E2E48WHOSIS_000001,WHOSIS_000001,90E2E48,WHOSIS_000001,2007,YEAR,268,COUNTRY,PUBLISHED,Life expectancy (at birth),Georgia,TOTAL,72.55257679
90E2E48WHOSIS_000001,WHOSIS_000001,90E2E48,WHOSIS_000001,2005,YEAR,604,COUNTRY,PUBLISHED,Life expectancy (at birth),Peru,FEMALE,78.94058416
90E2E48WHOSIS_000001,WHOSIS_000001,90E2E48,WHOSIS_000001,2005,YEAR,608,COUNTRY,PUBLISHED,Life expectancy (at birth),Philippines,FEMALE,73.7153227
90E2E48WHOSIS_000001,WHOSIS_000001,90E2E48,WHOSIS_000001,2005,YEAR,616,COUNTRY,PUBLISHED,Life expectancy (at birth),Poland,FEMALE,79.12257063
90E2E48WHOSIS_000001,WHOSIS_000001,90E2E48,WHOSIS_000001,2005,YEAR,620,COUNTRY,PUBLISHED,Life expectancy (at birth),Portugal,FEMALE,81.2138435
90E2E48WHOSIS_000001,WHOSIS_000001,90E2E48,WHOSIS_000001,2006,YEAR,352,COUNTRY,PUBLISHED,Life expectancy (at birth),Iceland,FEMALE,82.74124928
90E2E48WHOSIS_000001,WHOSIS_000001,90E2E48,WHOSIS_000001,2006,YEAR,356,COUNTRY,PUBLISHED,Life expectancy (at birth),India,FEMALE,67.32949731
90E2E48WHOSIS_000001,WHOSIS_000001,90E2E48,WHOSIS_000001,2006,YEAR,388,COUNTRY,PUBLISHED,Life expectancy (at birth),Jamaica,FEMALE,76.37982375
90E2E48WHOSIS_000001,WHOSIS_000001,90E2E48,WHOSIS_000001,2006,YEAR,360,COUNTRY,PUBLISHED,Life expectancy (at birth),Indonesia,FEMALE,69.88236492
90E2E48WHOSIS_000001,WHOSIS_000001,90E2E48,WHOSIS_000001,2006,YEAR,364,COUNTRY,PUBLISHED,Life expectancy (at birth),Iran (Islamic Republic of),FEMALE,77.35806057
90E2E48WHOSIS_000001,WHOSIS_000001,90E2E48,WHOSIS_000001,2002,YEAR,372,COUNTRY,PUBLISHED,Life expectancy (at birth),Ireland,TOTAL,77.48003704
90E2E48WHOSIS_000001,WHOSIS_000001,90E2E48,WHOSIS_000001,2002,YEAR,376,COUNTRY,PUBLISHED,Life expectancy (at birth),Israel,TOTAL,78.56218757
90E2E48WHOSIS_000001,WHOSIS_000001,90E2E48,WHOSIS_000001,2002,YEAR,380,COUNTRY,PUBLISHED,Life expectancy (at birth),Italy,TOTAL,79.95596277
90E2E48WHOSIS_000001,WHOSIS_000001,90E2E48,WHOSIS_000001,2006,YEAR,956,WHOREGION,PUBLISHED,Life expectancy (at birth),Europe,TOTAL,74.11279931
90E2E48WHOSIS_000001,WHOSIS_000001,90E2E48,WHOSIS_000001,2015,YEAR,954,WHOREGION,PUBLISHED,Life expectancy (at birth),Americas,FEMALE,79.46168065
90E2E48WHOSIS_000001,WHOSIS_000001,90E2E48,WHOSIS_000001,2003,YEAR,554,COUNTRY,PUBLISHED,Life expectancy (at birth),New Zealand,TOTAL,79.05551434
90E2E48WHOSIS_000001,WHOSIS_000001,90E2E48,WHOSIS_000001,2003,YEAR,434,COUNTRY,PUBLISHED,Life expectancy (at birth),Libya,TOTAL,73.51059338
90E2E48WHOSIS_000001,WHOSIS_000001,90E2E48,WHOSIS_000001,2007,YEAR,356,COUNTRY,PUBLISHED,Life expectancy (at birth),India,TOTAL,66.09434841
90E2E48WHOSIS_000001,WHOSIS_000001,90E2E48,WHOSIS_000001,2003,YEAR,496,COUNTRY,PUBLISHED,Life expectancy (at birth),Mongolia,TOTAL,64.44695031
90E2E48WHOSIS_000001,WHOSIS_000001,90E2E48,WHOSIS_000001,2003,YEAR,480,COUNTRY,PUBLISHED,Life expectancy (at birth),Mauritius,TOTAL,71.8438719
90E2E48WHOSIS_000001,WHOSIS_000001,90E2E48,WHOSIS_000001,2003,YEAR,484,COUNTRY,PUBLISHED,Life expectancy (at birth),Mexico,TOTAL,74.62788874
90E2E48WHOSIS_000001,WHOSIS_000001,90E2E48,WHOSIS_000001,2007,YEAR,352,COUNTRY,PUBLISHED,Life expectancy (at birth),Iceland,TOTAL,81.14698057
90E2E48WHOSIS_000001,WHOSIS_000001,90E2E48,WHOSIS_000001,2003,YEAR,512,COUNTRY,PUBLISHED,Life expectancy (at birth),Oman,TOTAL,72.75427676
90E2E48WHOSIS_000001,WHOSIS_000001,90E2E48,WHOSIS_000001,2002,YEAR,955,WHOREGION,PUBLISHED,Life expectancy (at birth),South-East Asia,TOTAL,64.96527953
90E2E48WHOSIS_000001,WHOSIS_000001,90E2E48,WHOSIS_000001,2003,YEAR,524,COUNTRY,PUBLISHED,Life expectancy (at birth),Nepal,TOTAL,67.3578409
90E2E48WHOSIS_000001,WHOSIS_000001,90E2E48,WHOSIS_000001,2002,YEAR,953,WHOREGION,PUBLISHED,Life expectancy (at birth),Africa,TOTAL,53.8387504
90E2E48WHOSIS_000001,WHOSIS_000001,90E2E48,WHOSIS_000001,2003,YEAR,578,COUNTRY,PUBLISHED,Life expectancy (at birth),Norway,TOTAL,79.39711298
90E2E48WHOSIS_000001,WHOSIS_000001,90E2E48,WHOSIS_000001,2003,YEAR,586,COUNTRY,PUBLISHED,Life expectancy (at birth),Pakistan,TOTAL,62.14630981
90E2E48WHOSIS_000001,WHOSIS_000001,90E2E48,WHOSIS_000001,2006,YEAR,376,COUNTRY,PUBLISHED,Life expectancy (at birth),Israel,FEMALE,81.88299036
90E2E48WHOSIS_000001,WHOSIS_000001,90E2E48,WHOSIS_000001,2006,YEAR,380,COUNTRY,PUBLISHED,Life expectancy (at birth),Italy,FEMALE,83.62385373
90E2E48WHOSIS_000001,WHOSIS_000001,90E2E48,WHOSIS_000001,2006,YEAR,368,COUNTRY,PUBLISHED,Life expectancy (at birth),Iraq,FEMALE,71.97892891
90E2E48WHOSIS_000001,WHOSIS_000001,90E2E48,WHOSIS_000001,2006,YEAR,372,COUNTRY,PUBLISHED,Life expectancy (at birth),Ireland,FEMALE,81.32021278
90E2E48WHOSIS_000001,WHOSIS_000001,90E2E48,WHOSIS_000001,2006,YEAR,404,COUNTRY,PUBLISHED,Life expectancy (at birth),Kenya,FEMALE,59.00871844
90E2E48WHOSIS_000001,WHOSIS_000001,90E2E48,WHOSIS_000001,2006,YEAR,410,COUNTRY,PUBLISHED,Life expectancy (at birth),Republic of Korea,FEMALE,82.11918241
90E2E48WHOSIS_000001,WHOSIS_000001,90E2E48,WHOSIS_000001,2006,YEAR,392,COUNTRY,PUBLISHED,Life expectancy (at birth),Japan,FEMALE,85.74646073
90E2E48WHOSIS_000001,WHOSIS_000001,90E2E48,WHOSIS_000001,2006,YEAR,398,COUNTRY,PUBLISHED,Life expectancy (at birth),Kazakhstan,FEMALE,71.2803285
90E2E48WHOSIS_000001,WHOSIS_000001,90E2E48,WHOSIS_000001,2006,YEAR,400,COUNTRY,PUBLISHED,Life expectancy (at birth),Jordan,FEMALE,73.20332116
90E2E48WHOSIS_000001,WHOSIS_000001,90E2E48,WHOSIS_000001,2006,YEAR,414,COUNTRY,PUBLISHED,Life expectancy (at birth),Kuwait,FEMALE,81.33235319
90E2E48WHOSIS_000001,WHOSIS_000001,90E2E48,WHOSIS_000001,2004,YEAR,360,COUNTRY,PUBLISHED,Life expectancy (at birth),Indonesia,TOTAL,66.25106515
90E2E48WHOSIS_000001,WHOSIS_000001,90E2E48,WHOSIS_000001,2004,YEAR,364,COUNTRY,PUBLISHED,Life expectancy (at birth),Iran (Islamic Republic of),TOTAL,74.56900109
90E2E48WHOSIS_000001,WHOSIS_000001,90E2E48,WHOSIS_000001,2004,YEAR,368,COUNTRY,PUBLISHED,Life expectancy (at birth),Iraq,TOTAL,69.06294468
90E2E48WHOSIS_000001,WHOSIS_000001,90E2E48,WHOSIS_000001,2003,YEAR,604,COUNTRY,PUBLISHED,Life expectancy (at birth),Peru,TOTAL,76.35423675
90E2E48WHOSIS_000001,WHOSIS_000001,90E2E48,WHOSIS_000001,2003,YEAR,608,COUNTRY,PUBLISHED,Life expectancy (at birth),Philippines,TOTAL,69.52481782
90E2E48WHOSIS_000001,WHOSIS_000001,90E2E48,WHOSIS_000001,2004,YEAR,352,COUNTRY,PUBLISHED,Life expectancy (at birth),Iceland,TOTAL,80.76637117
90E2E48WHOSIS_000001,WHOSIS_000001,90E2E48,WHOSIS_000001,2004,YEAR,356,COUNTRY,PUBLISHED,Life expectancy (at birth),India,TOTAL,65.06317912
90E2E48WHOSIS_000001,WHOSIS_000001,90E2E48,WHOSIS_000001,2004,YEAR,392,COUNTRY,PUBLISHED,Life expectancy (at birth),Japan,TOTAL,82.37003875
90E2E48WHOSIS_000001,WHOSIS_000001,90E2E48,WHOSIS_000001,2004,YEAR,372,COUNTRY,PUBLISHED,Life expectancy (at birth),Ireland,TOTAL,78.39305519
90E2E48WHOSIS_000001,WHOSIS_000001,90E2E48,WHOSIS_000001,2004,YEAR,376,COUNTRY,PUBLISHED,Life expectancy (at birth),Israel,TOTAL,79.54240915
90E2E48WHOSIS_000001,WHOSIS_000001,90E2E48,WHOSIS_000001,2004,YEAR,380,COUNTRY,PUBLISHED,Life expectancy (at birth),Italy,TOTAL,80.52668865
90E2E48WHOSIS_000001,WHOSIS_000001,90E2E48,WHOSIS_000001,2004,YEAR,192,COUNTRY,PUBLISHED,Life expectancy (at birth),Cuba,TOTAL,77.44558258
90E2E48WHOSIS_000001,WHOSIS_000001,90E2E48,WHOSIS_000001,2004,YEAR,268,COUNTRY,PUBLISHED,Life expectancy (at birth),Georgia,TOTAL,70.54094248
90E2E48WHOSIS_000001,WHOSIS_000001,90E2E48,WHOSIS_000001,2004,YEAR,246,COUNTRY,PUBLISHED,Life expectancy (at birth),Finland,TOTAL,78.7283427
90E2E48WHOSIS_000001,WHOSIS_000001,90E2E48,WHOSIS_000001,2004,YEAR,250,COUNTRY,PUBLISHED,Life expectancy (at birth),France,TOTAL,80.00018858
90E2E48WHOSIS_000001,WHOSIS_000001,90E2E48,WHOSIS_000001,2004,YEAR,388,COUNTRY,PUBLISHED,Life expectancy (at birth),Jamaica,TOTAL,73.7183442
90E2E48WHOSIS_000001,WHOSIS_000001,90E2E48,WHOSIS_000001,2004,YEAR,404,COUNTRY,PUBLISHED,Life expectancy (at birth),Kenya,TOTAL,55.51027953
90E2E48WHOSIS_000001,WHOSIS_000001,90E2E48,WHOSIS_000001,2004,YEAR,398,COUNTRY,PUBLISHED,Life expectancy (at birth),Kazakhstan,TOTAL,65.11633982
90E2E48WHOSIS_000001,WHOSIS_000001,90E2E48,WHOSIS_000001,2004,YEAR,400,COUNTRY,PUBLISHED,Life expectancy (at birth),Jordan,TOTAL,73.56285182
90E2E48WHOSIS_000001,WHOSIS_000001,90E2E48,WHOSIS_000001,2004,YEAR,410,COUNTRY,PUBLISHED,Life expectancy (at birth),Republic of Korea,TOTAL,77.92814417
90E2E48WHOSIS_000001,WHOSIS_000001,90E2E48,WHOSIS_000001,2004,YEAR,414,COUNTRY,PUBLISHED,Life expectancy (at birth),Kuwait,TOTAL,78.50276726
90E2E48WHOSIS_000001,WHOSIS_000001,90E2E48,WHOSIS_000001,2005,YEAR,144,COUNTRY,PUBLISHED,Life expectancy (at birth),Sri Lanka,TOTAL,73.48476487
90E2E48WHOSIS_000001,WHOSIS_000001,90E2E48,WHOSIS_000001,2005,YEAR,124,COUNTRY,PUBLISHED,Life expectancy (at birth),Canada,TOTAL,79.95094625
90E2E48WHOSIS_000001,WHOSIS_000001,90E2E48,WHOSIS_000001,2005,YEAR,170,COUNTRY,PUBLISHED,Life expectancy (at birth),Colombia,TOTAL,74.43998835
90E2E48WHOSIS_000001,WHOSIS_000001,90E2E48,WHOSIS_000001,2004,YEAR,276,COUNTRY,PUBLISHED,Life expectancy (at birth),Germany,TOTAL,79.02932323
90E2E48WHOSIS_000001,WHOSIS_000001,90E2E48,WHOSIS_000001,2004,YEAR,300,COUNTRY,PUBLISHED,Life expectancy (at birth),Greece,TOTAL,79.2117166
90E2E48WHOSIS_000001,WHOSIS_000001,90E2E48,WHOSIS_000001,2005,YEAR,4,COUNTRY,PUBLISHED,Life expectancy (at birth),Afghanistan,TOTAL,56.79050349
90E2E48WHOSIS_000001,WHOSIS_000001,90E2E48,WHOSIS_000001,2004,YEAR,308,COUNTRY,PUBLISHED,Life expectancy (at birth),Grenada,TOTAL,70.40655547
90E2E48WHOSIS_000001,WHOSIS_000001,90E2E48,WHOSIS_000001,2005,YEAR,32,COUNTRY,PUBLISHED,Life expectancy (at birth),Argentina,TOTAL,75.25530861
90E2E48WHOSIS_000001,WHOSIS_000001,90E2E48,WHOSIS_000001,2005,YEAR,156,COUNTRY,PUBLISHED,Life expectancy (at birth),China,TOTAL,72.44256077
90E2E48WHOSIS_000001,WHOSIS_000001,90E2E48,WHOSIS_000001,2005,YEAR,840,COUNTRY,PUBLISHED,Life expectancy (at birth),United States of America,TOTAL,77.38462128
90E2E48WHOSIS_000001,WHOSIS_000001,90E2E48,WHOSIS_000001,2005,YEAR,887,COUNTRY,PUBLISHED,Life expectancy (at birth),Yemen,TOTAL,65.75114077
90E2E48WHOSIS_000001,WHOSIS_000001,90E2E48,WHOSIS_000001,2005,YEAR,894,COUNTRY,PUBLISHED,Life expectancy (at birth),Zambia,TOTAL,50.2612912
90E2E48WHOSIS_000001,WHOSIS_000001,90E2E48,WHOSIS_000001,2005,YEAR,36,COUNTRY,PUBLISHED,Life expectancy (at birth),Australia,TOTAL,80.84134964
90E2E48WHOSIS_000001,WHOSIS_000001,90E2E48,WHOSIS_000001,2005,YEAR,48,COUNTRY,PUBLISHED,Life expectancy (at birth),Bahrain,TOTAL,71.32084892
90E2E48WHOSIS_000001,WHOSIS_000001,90E2E48,WHOSIS_000001,2005,YEAR,50,COUNTRY,PUBLISHED,Life expectancy (at birth),Bangladesh,TOTAL,67.78759761
90E2E48WHOSIS_000001,WHOSIS_000001,90E2E48,WHOSIS_000001,2005,YEAR,76,COUNTRY,PUBLISHED,Life expectancy (at birth),Brazil,TOTAL,73.14791265
90E2E48WHOSIS_000001,WHOSIS_000001,90E2E48,WHOSIS_000001,2005,YEAR,56,COUNTRY,PUBLISHED,Life expectancy (at birth),Belgium,TOTAL,78.85239236
90E2E48WHOSIS_000001,WHOSIS_000001,90E2E48,WHOSIS_000001,2005,YEAR,953,WHOREGION,PUBLISHED,Life expectancy (at birth),Africa,TOTAL,55.63713976
90E2E48WHOSIS_000001,WHOSIS_000001,90E2E48,WHOSIS_000001,2015,YEAR,954,WHOREGION,PUBLISHED,Life expectancy (at birth),Americas,TOTAL,76.79070798
90E2E48WHOSIS_000001,WHOSIS_000001,90E2E48,WHOSIS_000001,2005,YEAR,955,WHOREGION,PUBLISHED,Life expectancy (at birth),South-East Asia,TOTAL,66.31183727
90E2E48WHOSIS_000001,WHOSIS_000001,90E2E48,WHOSIS_000001,2005,YEAR,956,WHOREGION,PUBLISHED,Life expectancy (at birth),Europe,TOTAL,73.41416905
90E2E48WHOSIS_000001,WHOSIS_000001,90E2E48,WHOSIS_000001,2006,YEAR,4,COUNTRY,PUBLISHED,Life expectancy (at birth),Afghanistan,TOTAL,56.992143
90E2E48WHOSIS_000001,WHOSIS_000001,90E2E48,WHOSIS_000001,2006,YEAR,32,COUNTRY,PUBLISHED,Life expectancy (at birth),Argentina,TOTAL,75.5327089
90E2E48WHOSIS_000001,WHOSIS_000001,90E2E48,WHOSIS_000001,2006,YEAR,36,COUNTRY,PUBLISHED,Life expectancy (at birth),Australia,TOTAL,81.04245453
90E2E48WHOSIS_000001,WHOSIS_000001,90E2E48,WHOSIS_000001,2005,YEAR,104,COUNTRY,PUBLISHED,Life expectancy (at birth),Myanmar,TOTAL,61.61985762
90E2E48WHOSIS_000001,WHOSIS_000001,90E2E48,WHOSIS_000001,2005,YEAR,764,COUNTRY,PUBLISHED,Life expectancy (at birth),Thailand,TOTAL,72.83579766
90E2E48WHOSIS_000001,WHOSIS_000001,90E2E48,WHOSIS_000001,2007,YEAR,784,COUNTRY,PUBLISHED,Life expectancy (at birth),United Arab Emirates,TOTAL,80.5952165
90E2E48WHOSIS_000001,WHOSIS_000001,90E2E48,WHOSIS_000001,2008,YEAR,268,COUNTRY,PUBLISHED,Life expectancy (at birth),Georgia,FEMALE,76.73682966
90E2E48WHOSIS_000001,WHOSIS_000001,90E2E48,WHOSIS_000001,2008,YEAR,276,COUNTRY,PUBLISHED,Life expectancy (at birth),Germany,FEMALE,82.26449667
90E2E48WHOSIS_000001,WHOSIS_000001,90E2E48,WHOSIS_000001,2008,YEAR,246,COUNTRY,PUBLISHED,Life expectancy (at birth),Finland,FEMALE,82.77258948
90E2E48WHOSIS_000001,WHOSIS_000001,90E2E48,WHOSIS_000001,2008,YEAR,250,COUNTRY,PUBLISHED,Life expectancy (at birth),France,FEMALE,84.01120009
90E2E48WHOSIS_000001,WHOSIS_000001,90E2E48,WHOSIS_000001,2018,YEAR,887,COUNTRY,PUBLISHED,Life expectancy (at birth),Yemen,TOTAL,66.38937201
90E2E48WHOSIS_000001,WHOSIS_000001,90E2E48,WHOSIS_000001,2008,YEAR,512,COUNTRY,PUBLISHED,Life expectancy (at birth),Oman,TOTAL,73.35031827
90E2E48WHOSIS_000001,WHOSIS_000001,90E2E48,WHOSIS_000001,2008,YEAR,524,COUNTRY,PUBLISHED,Life expectancy (at birth),Nepal,TOTAL,69.03486842
90E2E48WHOSIS_000001,WHOSIS_000001,90E2E48,WHOSIS_000001,2018,YEAR,894,COUNTRY,PUBLISHED,Life expectancy (at birth),Zambia,TOTAL,61.41187871
90E2E48WHOSIS_000001,WHOSIS_000001,90E2E48,WHOSIS_000001,2008,YEAR,554,COUNTRY,PUBLISHED,Life expectancy (at birth),New Zealand,TOTAL,80.3067588
90E2E48WHOSIS_000001,WHOSIS_000001,90E2E48,WHOSIS_000001,2008,YEAR,586,COUNTRY,PUBLISHED,Life expectancy (at birth),Pakistan,TOTAL,63.66141289
90E2E48WHOSIS_000001,WHOSIS_000001,90E2E48,WHOSIS_000001,2008,YEAR,578,COUNTRY,PUBLISHED,Life expectancy (at birth),Norway,TOTAL,80.49471477
90E2E48WHOSIS_000001,WHOSIS_000001,90E2E48,WHOSIS_000001,2008,YEAR,616,COUNTRY,PUBLISHED,Life expectancy (at birth),Poland,TOTAL,75.43243412
90E2E48WHOSIS_000001,WHOSIS_000001,90E2E48,WHOSIS_000001,2008,YEAR,620,COUNTRY,PUBLISHED,Life expectancy (at birth),Portugal,TOTAL,79.19526814
90E2E48WHOSIS_000001,WHOSIS_000001,90E2E48,WHOSIS_000001,2008,YEAR,604,COUNTRY,PUBLISHED,Life expectancy (at birth),Peru,TOTAL,78.86141336
90E2E48WHOSIS_000001,WHOSIS_000001,90E2E48,WHOSIS_000001,2007,YEAR,818,COUNTRY,PUBLISHED,Life expectancy (at birth),Egypt,TOTAL,69.74814425
90E2E48WHOSIS_000001,WHOSIS_000001,90E2E48,WHOSIS_000001,2005,YEAR,784,COUNTRY,PUBLISHED,Life expectancy (at birth),United Arab Emirates,TOTAL,79.38497277
90E2E48WHOSIS_000001,WHOSIS_000001,90E2E48,WHOSIS_000001,2018,YEAR,642,COUNTRY,PUBLISHED,Life expectancy (at birth),Romania,TOTAL,75.12257592
90E2E48WHOSIS_000001,WHOSIS_000001,90E2E48,WHOSIS_000001,2018,YEAR,643,COUNTRY,PUBLISHED,Life expectancy (at birth),Russian Federation,TOTAL,72.66311936
90E2E48WHOSIS_000001,WHOSIS_000001,90E2E48,WHOSIS_000001,2008,YEAR,352,COUNTRY,PUBLISHED,Life expectancy (at birth),Iceland,FEMALE,83.00464044
90E2E48WHOSIS_000001,WHOSIS_000001,90E2E48,WHOSIS_000001,2008,YEAR,356,COUNTRY,PUBLISHED,Life expectancy (at birth),India,FEMALE,68.12797646
90E2E48WHOSIS_000001,WHOSIS_000001,90E2E48,WHOSIS_000001,2008,YEAR,300,COUNTRY,PUBLISHED,Life expectancy (at birth),Greece,FEMALE,82.41679181
90E2E48WHOSIS_000001,WHOSIS_000001,90E2E48,WHOSIS_000001,2008,YEAR,308,COUNTRY,PUBLISHED,Life expectancy (at birth),Grenada,FEMALE,76.27323138
90E2E48WHOSIS_000001,WHOSIS_000001,90E2E48,WHOSIS_000001,2008,YEAR,360,COUNTRY,PUBLISHED,Life expectancy (at birth),Indonesia,FEMALE,70.44770693
90E2E48WHOSIS_000001,WHOSIS_000001,90E2E48,WHOSIS_000001,2019,YEAR,616,COUNTRY,PUBLISHED,Life expectancy (at birth),Poland,FEMALE,81.49692483
90E2E48WHOSIS_000001,WHOSIS_000001,90E2E48,WHOSIS_000001,2019,YEAR,620,COUNTRY,PUBLISHED,Life expectancy (at birth),Portugal,FEMALE,84.14959418
90E2E48WHOSIS_000001,WHOSIS_000001,90E2E48,WHOSIS_000001,2008,YEAR,364,COUNTRY,PUBLISHED,Life expectancy (at birth),Iran (Islamic Republic of),FEMALE,78.1017685
90E2E48WHOSIS_000001,WHOSIS_000001,90E2E48,WHOSIS_000001,2008,YEAR,368,COUNTRY,PUBLISHED,Life expectancy (at birth),Iraq,FEMALE,72.89495859
90E2E48WHOSIS_000001,WHOSIS_000001,90E2E48,WHOSIS_000001,2005,YEAR,818,COUNTRY,PUBLISHED,Life expectancy (at birth),Egypt,TOTAL,69.52274009
90E2E48WHOSIS_000001,WHOSIS_000001,90E2E48,WHOSIS_000001,2007,YEAR,840,COUNTRY,PUBLISHED,Life expectancy (at birth),United States of America,TOTAL,77.94056193
90E2E48WHOSIS_000001,WHOSIS_000001,90E2E48,WHOSIS_000001,2018,YEAR,706,COUNTRY,PUBLISHED,Life expectancy (at birth),Somalia,TOTAL,54.6726292
90E2E48WHOSIS_000001,WHOSIS_000001,90E2E48,WHOSIS_000001,2008,YEAR,608,COUNTRY,PUBLISHED,Life expectancy (at birth),Philippines,TOTAL,69.54674107
90E2E48WHOSIS_000001,WHOSIS_000001,90E2E48,WHOSIS_000001,2020,YEAR,352,COUNTRY,PUBLISHED,Life expectancy (at birth),Iceland,TOTAL,82.56117418
90E2E48WHOSIS_000001,WHOSIS_000001,90E2E48,WHOSIS_000001,2017,YEAR,170,COUNTRY,PUBLISHED,Life expectancy (at birth),Colombia,TOTAL,77.7944403
90E2E48WHOSIS_000001,WHOSIS_000001,90E2E48,WHOSIS_000001,2016,YEAR,752,COUNTRY,PUBLISHED,Life expectancy (at birth),Sweden,TOTAL,82.00943962
90E2E48WHOSIS_000001,WHOSIS_000001,90E2E48,WHOSIS_000001,2018,YEAR,682,COUNTRY,PUBLISHED,Life expectancy (at birth),Saudi Arabia,TOTAL,76.81092084
90E2E48WHOSIS_000001,WHOSIS_000001,90E2E48,WHOSIS_000001,2018,YEAR,702,COUNTRY,PUBLISHED,Life expectancy (at birth),Singapore,TOTAL,83.50811882
90E2E48WHOSIS_000001,WHOSIS_000001,90E2E48,WHOSIS_000001,2000,YEAR,620,COUNTRY,PUBLISHED,Life expectancy (at birth),Portugal,TOTAL,76.58820219
90E2E48WHOSIS_000001,WHOSIS_000001,90E2E48,WHOSIS_000001,2000,YEAR,682,COUNTRY,PUBLISHED,Life expectancy (at birth),Saudi Arabia,TOTAL,70.56634565
90E2E48WHOSIS_000001,WHOSIS_000001,90E2E48,WHOSIS_000001,2000,YEAR,634,COUNTRY,PUBLISHED,Life expectancy (at birth),Qatar,TOTAL,70.38243907
90E2E48WHOSIS_000001,WHOSIS_000001,90E2E48,WHOSIS_000001,2016,YEAR,756,COUNTRY,PUBLISHED,Life expectancy (at birth),Switzerland,TOTAL,83.17109413
90E2E48WHOSIS_000001,WHOSIS_000001,90E2E48,WHOSIS_000001,2017,YEAR,192,COUNTRY,PUBLISHED,Life expectancy (at birth),Cuba,TOTAL,77.65330792
90E2E48WHOSIS_000001,WHOSIS_000001,90E2E48,WHOSIS_000001,2017,YEAR,276,COUNTRY,PUBLISHED,Life expectancy (at birth),Germany,TOTAL,80.75116875
90E2E48WHOSIS_000001,WHOSIS_000001,90E2E48,WHOSIS_000001,2017,YEAR,246,COUNTRY,PUBLISHED,Life expectancy (at birth),Finland,TOTAL,81.32143707
90E2E48WHOSIS_000001,WHOSIS_000001,90E2E48,WHOSIS_000001,2017,YEAR,250,COUNTRY,PUBLISHED,Life expectancy (at birth),France,TOTAL,82.17093951
90E2E48WHOSIS_000001,WHOSIS_000001,90E2E48,WHOSIS_000001,2017,YEAR,268,COUNTRY,PUBLISHED,Life expectancy (at birth),Georgia,TOTAL,73.50475808
90E2E48WHOSIS_000001,WHOSIS_000001,90E2E48,WHOSIS_000001,2018,YEAR,246,COUNTRY,PUBLISHED,Life expectancy (at birth),Finland,TOTAL,81.40768747
90E2E48WHOSIS_000001,WHOSIS_000001,90E2E48,WHOSIS_000001,2018,YEAR,250,COUNTRY,PUBLISHED,Life expectancy (at birth),France,TOTAL,82.37708106
90E2E48WHOSIS_000001,WHOSIS_000001,90E2E48,WHOSIS_000001,2017,YEAR,752,COUNTRY,PUBLISHED,Life expectancy (at birth),Sweden,TOTAL,82.0845963
90E2E48WHOSIS_000001,WHOSIS_000001,90E2E48,WHOSIS_000001,2000,YEAR,642,COUNTRY,PUBLISHED,Life expectancy (at birth),Romania,TOTAL,71.14174922
90E2E48WHOSIS_000001,WHOSIS_000001,90E2E48,WHOSIS_000001,2000,YEAR,643,COUNTRY,PUBLISHED,Life expectancy (at birth),Russian Federation,TOTAL,65.15997475
90E2E48WHOSIS_000001,WHOSIS_000001,90E2E48,WHOSIS_000001,2001,YEAR,246,COUNTRY,PUBLISHED,Life expectancy (at birth),Finland,TOTAL,78.01784738
90E2E48WHOSIS_000001,WHOSIS_000001,90E2E48,WHOSIS_000001,2001,YEAR,250,COUNTRY,PUBLISHED,Life expectancy (at birth),France,TOTAL,79.01103311
90E2E48WHOSIS_000001,WHOSIS_000001,90E2E48,WHOSIS_000001,2001,YEAR,268,COUNTRY,PUBLISHED,Life expectancy (at birth),Georgia,TOTAL,71.59125705
90E2E48WHOSIS_000001,WHOSIS_000001,90E2E48,WHOSIS_000001,2001,YEAR,276,COUNTRY,PUBLISHED,Life expectancy (at birth),Germany,TOTAL,78.44285248
90E2E48WHOSIS_000001,WHOSIS_000001,90E2E48,WHOSIS_000001,2002,YEAR,764,COUNTRY,PUBLISHED,Life expectancy (at birth),Thailand,TOTAL,71.71439141
90E2E48WHOSIS_000001,WHOSIS_000001,90E2E48,WHOSIS_000001,2002,YEAR,104,COUNTRY,PUBLISHED,Life expectancy (at birth),Myanmar,TOTAL,60.19994618
90E2E48WHOSIS_000001,WHOSIS_000001,90E2E48,WHOSIS_000001,2002,YEAR,784,COUNTRY,PUBLISHED,Life expectancy (at birth),United Arab Emirates,TOTAL,78.35124382
90E2E48WHOSIS_000001,WHOSIS_000001,90E2E48,WHOSIS_000001,2017,YEAR,756,COUNTRY,PUBLISHED,Life expectancy (at birth),Switzerland,TOTAL,83.13986197
90E2E48WHOSIS_000001,WHOSIS_000001,90E2E48,WHOSIS_000001,2018,YEAR,268,COUNTRY,PUBLISHED,Life expectancy (at birth),Georgia,TOTAL,73.81278834
90E2E48WHOSIS_000001,WHOSIS_000001,90E2E48,WHOSIS_000001,2018,YEAR,276,COUNTRY,PUBLISHED,Life expectancy (at birth),Germany,TOTAL,80.64820055
90E2E48WHOSIS_000001,WHOSIS_000001,90E2E48,WHOSIS_000001,2008,YEAR,372,COUNTRY,PUBLISHED,Life expectancy (at birth),Ireland,FEMALE,81.80356845
90E2E48WHOSIS_000001,WHOSIS_000001,90E2E48,WHOSIS_000001,2019,YEAR,604,COUNTRY,PUBLISHED,Life expectancy (at birth),Peru,FEMALE,79.88216077
90E2E48WHOSIS_000001,WHOSIS_000001,90E2E48,WHOSIS_000001,2019,YEAR,608,COUNTRY,PUBLISHED,Life expectancy (at birth),Philippines,FEMALE,73.21518621
90E2E48WHOSIS_000001,WHOSIS_000001,90E2E48,WHOSIS_000001,2019,YEAR,682,COUNTRY,PUBLISHED,Life expectancy (at birth),Saudi Arabia,FEMALE,77.74939572
90E2E48WHOSIS_000001,WHOSIS_000001,90E2E48,WHOSIS_000001,2019,YEAR,634,COUNTRY,PUBLISHED,Life expectancy (at birth),Qatar,FEMALE,79.8430653
90E2E48WHOSIS_000001,WHOSIS_000001,90E2E48,WHOSIS_000001,2019,YEAR,642,COUNTRY,PUBLISHED,Life expectancy (at birth),Romania,FEMALE,79.23492015
90E2E48WHOSIS_000001,WHOSIS_000001,90E2E48,WHOSIS_000001,2019,YEAR,643,COUNTRY,PUBLISHED,Life expectancy (at birth),Russian Federation,FEMALE,78.00425983
90E2E48WHOSIS_000001,WHOSIS_000001,90E2E48,WHOSIS_000001,2018,YEAR,300,COUNTRY,PUBLISHED,Life expectancy (at birth),Greece,TOTAL,81.05191982
90E2E48WHOSIS_000001,WHOSIS_000001,90E2E48,WHOSIS_000001,2018,YEAR,308,COUNTRY,PUBLISHED,Life expectancy (at birth),Grenada,TOTAL,72.78877041
90E2E48WHOSIS_000001,WHOSIS_000001,90E2E48,WHOSIS_000001,2018,YEAR,352,COUNTRY,PUBLISHED,Life expectancy (at birth),Iceland,TOTAL,82.37332681
90E2E48WHOSIS_000001,WHOSIS_000001,90E2E48,WHOSIS_000001,2018,YEAR,356,COUNTRY,PUBLISHED,Life expectancy (at birth),India,TOTAL,70.35439242
90E2E48WHOSIS_000001,WHOSIS_000001,90E2E48,WHOSIS_000001,2018,YEAR,360,COUNTRY,PUBLISHED,Life expectancy (at birth),Indonesia,TOTAL,71.1760389
90E2E48WHOSIS_000001,WHOSIS_000001,90E2E48,WHOSIS_000001,2018,YEAR,364,COUNTRY,PUBLISHED,Life expectancy (at birth),Iran (Islamic Republic of),TOTAL,77.69013655
90E2E48WHOSIS_000001,WHOSIS_000001,90E2E48,WHOSIS_000001,2018,YEAR,376,COUNTRY,PUBLISHED,Life expectancy (at birth),Israel,TOTAL,82.59262272
90E2E48WHOSIS_000001,WHOSIS_000001,90E2E48,WHOSIS_000001,2018,YEAR,380,COUNTRY,PUBLISHED,Life expectancy (at birth),Italy,TOTAL,82.77664183
90E2E48WHOSIS_000001,WHOSIS_000001,90E2E48,WHOSIS_000001,2016,YEAR,364,COUNTRY,PUBLISHED,Life expectancy (at birth),Iran (Islamic Republic of),TOTAL,77.37336206
90E2E48WHOSIS_000001,WHOSIS_000001,90E2E48,WHOSIS_000001,2018,YEAR,368,COUNTRY,PUBLISHED,Life expectancy (at birth),Iraq,TOTAL,73.06286041
90E2E48WHOSIS_000001,WHOSIS_000001,90E2E48,WHOSIS_000001,2018,YEAR,372,COUNTRY,PUBLISHED,Life expectancy (at birth),Ireland,TOTAL,81.71153553
90E2E48WHOSIS_000001,WHOSIS_000001,90E2E48,WHOSIS_000001,2016,YEAR,376,COUNTRY,PUBLISHED,Life expectancy (at birth),Israel,TOTAL,82.22430729
90E2E48WHOSIS_000001,WHOSIS_000001,90E2E48,WHOSIS_000001,2016,YEAR,380,COUNTRY,PUBLISHED,Life expectancy (at birth),Italy,TOTAL,82.86744999
90E2E48WHOSIS_000001,WHOSIS_000001,90E2E48,WHOSIS_000001,2007,YEAR,124,COUNTRY,PUBLISHED,Life expectancy (at birth),Canada,TOTAL,80.38195578
90E2E48WHOSIS_000001,WHOSIS_000001,90E2E48,WHOSIS_000001,2007,YEAR,156,COUNTRY,PUBLISHED,Life expectancy (at birth),China,TOTAL,73.8389379
90E2E48WHOSIS_000001,WHOSIS_000001,90E2E48,WHOSIS_000001,2002,YEAR,818,COUNTRY,PUBLISHED,Life expectancy (at birth),Egypt,TOTAL,68.85252001
90E2E48WHOSIS_000001,WHOSIS_000001,90E2E48,WHOSIS_000001,2007,YEAR,144,COUNTRY,PUBLISHED,Life expectancy (at birth),Sri Lanka,TOTAL,73.81640208
90E2E48WHOSIS_000001,WHOSIS_000001,90E2E48,WHOSIS_000001,2007,YEAR,170,COUNTRY,PUBLISHED,Life expectancy (at birth),Colombia,TOTAL,75.19865773
90E2E48WHOSIS_000001,WHOSIS_000001,90E2E48,WHOSIS_000001,2003,YEAR,300,COUNTRY,PUBLISHED,Life expectancy (at birth),Greece,TOTAL,79.0919372
90E2E48WHOSIS_000001,WHOSIS_000001,90E2E48,WHOSIS_000001,2003,YEAR,308,COUNTRY,PUBLISHED,Life expectancy (at birth),Grenada,TOTAL,70.832783
90E2E48WHOSIS_000001,WHOSIS_000001,90E2E48,WHOSIS_000001,2002,YEAR,840,COUNTRY,PUBLISHED,Life expectancy (at birth),United States of America,TOTAL,76.84998093
90E2E48WHOSIS_000001,WHOSIS_000001,90E2E48,WHOSIS_000001,2003,YEAR,276,COUNTRY,PUBLISHED,Life expectancy (at birth),Germany,TOTAL,78.45648391
90E2E48WHOSIS_000001,WHOSIS_000001,90E2E48,WHOSIS_000001,2003,YEAR,352,COUNTRY,PUBLISHED,Life expectancy (at birth),Iceland,TOTAL,80.56916041
90E2E48WHOSIS_000001,WHOSIS_000001,90E2E48,WHOSIS_000001,2003,YEAR,364,COUNTRY,PUBLISHED,Life expectancy (at birth),Iran (Islamic Republic of),TOTAL,73.34953209
90E2E48WHOSIS_000001,WHOSIS_000001,90E2E48,WHOSIS_000001,2016,YEAR,388,COUNTRY,PUBLISHED,Life expectancy (at birth),Jamaica,TOTAL,72.33025467
90E2E48WHOSIS_000001,WHOSIS_000001,90E2E48,WHOSIS_000001,2016,YEAR,368,COUNTRY,PUBLISHED,Life expectancy (at birth),Iraq,TOTAL,71.1253103
90E2E48WHOSIS_000001,WHOSIS_000001,90E2E48,WHOSIS_000001,2016,YEAR,372,COUNTRY,PUBLISHED,Life expectancy (at birth),Ireland,TOTAL,81.40605545
90E2E48WHOSIS_000001,WHOSIS_000001,90E2E48,WHOSIS_000001,2016,YEAR,400,COUNTRY,PUBLISHED,Life expectancy (at birth),Jordan,TOTAL,78.7600732
90E2E48WHOSIS_000001,WHOSIS_000001,90E2E48,WHOSIS_000001,2016,YEAR,404,COUNTRY,PUBLISHED,Life expectancy (at birth),Kenya,TOTAL,65.03249549
90E2E48WHOSIS_000001,WHOSIS_000001,90E2E48,WHOSIS_000001,2016,YEAR,410,COUNTRY,PUBLISHED,Life expectancy (at birth),Republic of Korea,TOTAL,82.73176167
90E2E48WHOSIS_000001,WHOSIS_000001,90E2E48,WHOSIS_000001,2016,YEAR,392,COUNTRY,PUBLISHED,Life expectancy (at birth),Japan,TOTAL,84.15707196
90E2E48WHOSIS_000001,WHOSIS_000001,90E2E48,WHOSIS_000001,2016,YEAR,398,COUNTRY,PUBLISHED,Life expectancy (at birth),Kazakhstan,TOTAL,72.39593644
90E2E48WHOSIS_000001,WHOSIS_000001,90E2E48,WHOSIS_000001,2017,YEAR,56,COUNTRY,PUBLISHED,Life expectancy (at birth),Belgium,TOTAL,81.1512532
90E2E48WHOSIS_000001,WHOSIS_000001,90E2E48,WHOSIS_000001,2016,YEAR,414,COUNTRY,PUBLISHED,Life expectancy (at birth),Kuwait,TOTAL,82.54800559
90E2E48WHOSIS_000001,WHOSIS_000001,90E2E48,WHOSIS_000001,2019,YEAR,716,COUNTRY,PUBLISHED,Life expectancy (at birth),Zimbabwe,FEMALE,61.01709079
90E2E48WHOSIS_000001,WHOSIS_000001,90E2E48,WHOSIS_000001,2019,YEAR,724,COUNTRY,PUBLISHED,Life expectancy (at birth),Spain,FEMALE,85.66031336
90E2E48WHOSIS_000001,WHOSIS_000001,90E2E48,WHOSIS_000001,2020,YEAR,124,COUNTRY,PUBLISHED,Life expectancy (at birth),Canada,FEMALE,83.32434559
90E2E48WHOSIS_000001,WHOSIS_000001,90E2E48,WHOSIS_000001,2019,YEAR,702,COUNTRY,PUBLISHED,Life expectancy (at birth),Singapore,FEMALE,85.97841677
90E2E48WHOSIS_000001,WHOSIS_000001,90E2E48,WHOSIS_000001,2019,YEAR,706,COUNTRY,PUBLISHED,Life expectancy (at birth),Somalia,FEMALE,57.74652687
90E2E48WHOSIS_000001,WHOSIS_000001,90E2E48,WHOSIS_000001,2019,YEAR,710,COUNTRY,PUBLISHED,Life expectancy (at birth),South Africa,FEMALE,68.84884833
90E2E48WHOSIS_000001,WHOSIS_000001,90E2E48,WHOSIS_000001,2020,YEAR,144,COUNTRY,PUBLISHED,Life expectancy (at birth),Sri Lanka,FEMALE,83.14918447
90E2E48WHOSIS_000001,WHOSIS_000001,90E2E48,WHOSIS_000001,2003,YEAR,368,COUNTRY,PUBLISHED,Life expectancy (at birth),Iraq,TOTAL,68.91366628
90E2E48WHOSIS_000001,WHOSIS_000001,90E2E48,WHOSIS_000001,2003,YEAR,372,COUNTRY,PUBLISHED,Life expectancy (at birth),Ireland,TOTAL,78.02379273
90E2E48WHOSIS_000001,WHOSIS_000001,90E2E48,WHOSIS_000001,2003,YEAR,376,COUNTRY,PUBLISHED,Life expectancy (at birth),Israel,TOTAL,79.09724844
90E2E48WHOSIS_000001,WHOSIS_000001,90E2E48,WHOSIS_000001,2003,YEAR,356,COUNTRY,PUBLISHED,Life expectancy (at birth),India,TOTAL,64.58440423
90E2E48WHOSIS_000001,WHOSIS_000001,90E2E48,WHOSIS_000001,2003,YEAR,360,COUNTRY,PUBLISHED,Life expectancy (at birth),Indonesia,TOTAL,67.84714276
90E2E48WHOSIS_000001,WHOSIS_000001,90E2E48,WHOSIS_000001,2003,YEAR,388,COUNTRY,PUBLISHED,Life expectancy (at birth),Jamaica,TOTAL,73.46076447
90E2E48WHOSIS_000001,WHOSIS_000001,90E2E48,WHOSIS_000001,2003,YEAR,410,COUNTRY,PUBLISHED,Life expectancy (at birth),Republic of Korea,TOTAL,77.4435747
90E2E48WHOSIS_000001,WHOSIS_000001,90E2E48,WHOSIS_000001,2003,YEAR,414,COUNTRY,PUBLISHED,Life expectancy (at birth),Kuwait,TOTAL,78.76242947
90E2E48WHOSIS_000001,WHOSIS_000001,90E2E48,WHOSIS_000001,2004,YEAR,48,COUNTRY,PUBLISHED,Life expectancy (at birth),Bahrain,TOTAL,70.9253368
90E2E48WHOSIS_000001,WHOSIS_000001,90E2E48,WHOSIS_000001,2003,YEAR,392,COUNTRY,PUBLISHED,Life expectancy (at birth),Japan,TOTAL,82.14025197
90E2E48WHOSIS_000001,WHOSIS_000001,90E2E48,WHOSIS_000001,2003,YEAR,398,COUNTRY,PUBLISHED,Life expectancy (at birth),Kazakhstan,TOTAL,64.77834271
90E2E48WHOSIS_000001,WHOSIS_000001,90E2E48,WHOSIS_000001,2003,YEAR,400,COUNTRY,PUBLISHED,Life expectancy (at birth),Jordan,TOTAL,73.51735567
90E2E48WHOSIS_000001,WHOSIS_000001,90E2E48,WHOSIS_000001,2003,YEAR,380,COUNTRY,PUBLISHED,Life expectancy (at birth),Italy,TOTAL,79.81728413
90E2E48WHOSIS_000001,WHOSIS_000001,90E2E48,WHOSIS_000001,2003,YEAR,404,COUNTRY,PUBLISHED,Life expectancy (at birth),Kenya,TOTAL,54.91168271
90E2E48WHOSIS_000001,WHOSIS_000001,90E2E48,WHOSIS_000001,2017,YEAR,76,COUNTRY,PUBLISHED,Life expectancy (at birth),Brazil,TOTAL,74.98912241
90E2E48WHOSIS_000001,WHOSIS_000001,90E2E48,WHOSIS_000001,2017,YEAR,104,COUNTRY,PUBLISHED,Life expectancy (at birth),Myanmar,TOTAL,67.95077876
90E2E48WHOSIS_000001,WHOSIS_000001,90E2E48,WHOSIS_000001,2017,YEAR,144,COUNTRY,PUBLISHED,Life expectancy (at birth),Sri Lanka,TOTAL,76.91196371
90E2E48WHOSIS_000001,WHOSIS_000001,90E2E48,WHOSIS_000001,2020,YEAR,192,COUNTRY,PUBLISHED,Life expectancy (at birth),Cuba,FEMALE,80.10316852
90E2E48WHOSIS_000001,WHOSIS_000001,90E2E48,WHOSIS_000001,2020,YEAR,156,COUNTRY,PUBLISHED,Life expectancy (at birth),China,FEMALE,80.74214242
90E2E48WHOSIS_000001,WHOSIS_000001,90E2E48,WHOSIS_000001,2020,YEAR,170,COUNTRY,PUBLISHED,Life expectancy (at birth),Colombia,FEMALE,79.28292183
90E2E48WHOSIS_000001,WHOSIS_000001,90E2E48,WHOSIS_000001,2004,YEAR,50,COUNTRY,PUBLISHED,Life expectancy (at birth),Bangladesh,TOTAL,67.36950715
90E2E48WHOSIS_000001,WHOSIS_000001,90E2E48,WHOSIS_000001,2004,YEAR,76,COUNTRY,PUBLISHED,Life expectancy (at birth),Brazil,TOTAL,72.50201054
90E2E48WHOSIS_000001,WHOSIS_000001,90E2E48,WHOSIS_000001,2004,YEAR,56,COUNTRY,PUBLISHED,Life expectancy (at birth),Belgium,TOTAL,78.79615664
90E2E48WHOSIS_000001,WHOSIS_000001,90E2E48,WHOSIS_000001,2004,YEAR,104,COUNTRY,PUBLISHED,Life expectancy (at birth),Myanmar,TOTAL,61.06960565
90E2E48WHOSIS_000001,WHOSIS_000001,90E2E48,WHOSIS_000001,2017,YEAR,124,COUNTRY,PUBLISHED,Life expectancy (at birth),Canada,TOTAL,81.70954318
90E2E48WHOSIS_000001,WHOSIS_000001,90E2E48,WHOSIS_000001,2017,YEAR,156,COUNTRY,PUBLISHED,Life expectancy (at birth),China,TOTAL,76.94625698
90E2E48WHOSIS_000001,WHOSIS_000001,90E2E48,WHOSIS_000001,2017,YEAR,480,COUNTRY,PUBLISHED,Life expectancy (at birth),Mauritius,TOTAL,74.11525101
90E2E48WHOSIS_000001,WHOSIS_000001,90E2E48,WHOSIS_000001,2017,YEAR,484,COUNTRY,PUBLISHED,Life expectancy (at birth),Mexico,TOTAL,75.87022362
90E2E48WHOSIS_000001,WHOSIS_000001,90E2E48,WHOSIS_000001,2017,YEAR,496,COUNTRY,PUBLISHED,Life expectancy (at birth),Mongolia,TOTAL,70.09899409
90E2E48WHOSIS_000001,WHOSIS_000001,90E2E48,WHOSIS_000001,2017,YEAR,4,COUNTRY,PUBLISHED,Life expectancy (at birth),Afghanistan,TOTAL,60.8752198
90E2E48WHOSIS_000001,WHOSIS_000001,90E2E48,WHOSIS_000001,2009,YEAR,76,COUNTRY,PUBLISHED,Life expectancy (at birth),Brazil,FEMALE,77.31740287
90E2E48WHOSIS_000001,WHOSIS_000001,90E2E48,WHOSIS_000001,2009,YEAR,104,COUNTRY,PUBLISHED,Life expectancy (at birth),Myanmar,FEMALE,66.94487828
90E2E48WHOSIS_000001,WHOSIS_000001,90E2E48,WHOSIS_000001,2009,YEAR,124,COUNTRY,PUBLISHED,Life expectancy (at birth),Canada,FEMALE,82.92366526
90E2E48WHOSIS_000001,WHOSIS_000001,90E2E48,WHOSIS_000001,2021,YEAR,480,COUNTRY,PUBLISHED,Life expectancy (at birth),Mauritius,FEMALE,76.90870079
90E2E48WHOSIS_000001,WHOSIS_000001,90E2E48,WHOSIS_000001,2021,YEAR,512,COUNTRY,PUBLISHED,Life expectancy (at birth),Oman,FEMALE,74.86314497
90E2E48WHOSIS_000001,WHOSIS_000001,90E2E48,WHOSIS_000001,2021,YEAR,524,COUNTRY,PUBLISHED,Life expectancy (at birth),Nepal,FEMALE,71.79351837
90E2E48WHOSIS_000001,WHOSIS_000001,90E2E48,WHOSIS_000001,2004,YEAR,144,COUNTRY,PUBLISHED,Life expectancy (at birth),Sri Lanka,TOTAL,69.11941478
90E2E48WHOSIS_000001,WHOSIS_000001,90E2E48,WHOSIS_000001,2004,YEAR,124,COUNTRY,PUBLISHED,Life expectancy (at birth),Canada,TOTAL,79.85004413
90E2E48WHOSIS_000001,WHOSIS_000001,90E2E48,WHOSIS_000001,2004,YEAR,156,COUNTRY,PUBLISHED,Life expectancy (at birth),China,TOTAL,71.93150989
90E2E48WHOSIS_000001,WHOSIS_000001,90E2E48,WHOSIS_000001,2004,YEAR,170,COUNTRY,PUBLISHED,Life expectancy (at birth),Colombia,TOTAL,73.98320442
90E2E48WHOSIS_000001,WHOSIS_000001,90E2E48,WHOSIS_000001,2017,YEAR,764,COUNTRY,PUBLISHED,Life expectancy (at birth),Thailand,TOTAL,77.22944399
90E2E48WHOSIS_000001,WHOSIS_000001,90E2E48,WHOSIS_000001,2017,YEAR,512,COUNTRY,PUBLISHED,Life expectancy (at birth),Oman,TOTAL,74.14573276
90E2E48WHOSIS_000001,WHOSIS_000001,90E2E48,WHOSIS_000001,2004,YEAR,784,COUNTRY,PUBLISHED,Life expectancy (at birth),United Arab Emirates,TOTAL,78.88949949
90E2E48WHOSIS_000001,WHOSIS_000001,90E2E48,WHOSIS_000001,2004,YEAR,840,COUNTRY,PUBLISHED,Life expectancy (at birth),United States of America,TOTAL,77.3972613
90E2E48WHOSIS_000001,WHOSIS_000001,90E2E48,WHOSIS_000001,2004,YEAR,818,COUNTRY,PUBLISHED,Life expectancy (at birth),Egypt,TOTAL,69.18228637
90E2E48WHOSIS_000001,WHOSIS_000001,90E2E48,WHOSIS_000001,2017,YEAR,784,COUNTRY,PUBLISHED,Life expectancy (at birth),United Arab Emirates,TOTAL,80.92702059
90E2E48WHOSIS_000001,WHOSIS_000001,90E2E48,WHOSIS_000001,2017,YEAR,364,COUNTRY,PUBLISHED,Life expectancy (at birth),Iran (Islamic Republic of),TOTAL,77.47896726
90E2E48WHOSIS_000001,WHOSIS_000001,90E2E48,WHOSIS_000001,2017,YEAR,368,COUNTRY,PUBLISHED,Life expectancy (at birth),Iraq,TOTAL,71.60611249
90E2E48WHOSIS_000001,WHOSIS_000001,90E2E48,WHOSIS_000001,2017,YEAR,372,COUNTRY,PUBLISHED,Life expectancy (at birth),Ireland,TOTAL,81.60361469
90E2E48WHOSIS_000001,WHOSIS_000001,90E2E48,WHOSIS_000001,2017,YEAR,376,COUNTRY,PUBLISHED,Life expectancy (at birth),Israel,TOTAL,82.38134543
90E2E48WHOSIS_000001,WHOSIS_000001,90E2E48,WHOSIS_000001,2017,YEAR,380,COUNTRY,PUBLISHED,Life expectancy (at birth),Italy,TOTAL,82.52191209
90E2E48WHOSIS_000001,WHOSIS_000001,90E2E48,WHOSIS_000001,2017,YEAR,410,COUNTRY,PUBLISHED,Life expectancy (at birth),Republic of Korea,TOTAL,83.09217588
90E2E48WHOSIS_000001,WHOSIS_000001,90E2E48,WHOSIS_000001,2017,YEAR,414,COUNTRY,PUBLISHED,Life expectancy (at birth),Kuwait,TOTAL,82.62315795
90E2E48WHOSIS_000001,WHOSIS_000001,90E2E48,WHOSIS_000001,2016,YEAR,954,WHOREGION,PUBLISHED,Life expectancy (at birth),Americas,FEMALE,79.434621
90E2E48WHOSIS_000001,WHOSIS_000001,90E2E48,WHOSIS_000001,2020,YEAR,955,WHOREGION,PUBLISHED,Life expectancy (at birth),South-East Asia,TOTAL,70.72011705
90E2E48WHOSIS_000001,WHOSIS_000001,90E2E48,WHOSIS_000001,2020,YEAR,356,COUNTRY,PUBLISHED,Life expectancy (at birth),India,TOTAL,70.1869093
90E2E48WHOSIS_000001,WHOSIS_000001,90E2E48,WHOSIS_000001,2020,YEAR,360,COUNTRY,PUBLISHED,Life expectancy (at birth),Indonesia,TOTAL,69.70367312
90E2E48WHOSIS_000001,WHOSIS_000001,90E2E48,WHOSIS_000001,2020,YEAR,364,COUNTRY,PUBLISHED,Life expectancy (at birth),Iran (Islamic Republic of),TOTAL,75.18860837
90E2E48WHOSIS_000001,WHOSIS_000001,90E2E48,WHOSIS_000001,2020,YEAR,368,COUNTRY,PUBLISHED,Life expectancy (at birth),Iraq,TOTAL,70.41410059
90E2E48WHOSIS_000001,WHOSIS_000001,90E2E48,WHOSIS_000001,2021,YEAR,4,COUNTRY,PUBLISHED,Life expectancy (at birth),Afghanistan,TOTAL,59.12690224
90E2E48WHOSIS_000001,WHOSIS_000001,90E2E48,WHOSIS_000001,2020,YEAR,956,WHOREGION,PUBLISHED,Life expectancy (at birth),Europe,TOTAL,76.92095687
90E2E48WHOSIS_000001,WHOSIS_000001,90E2E48,WHOSIS_000001,2021,YEAR,32,COUNTRY,PUBLISHED,Life expectancy (at birth),Argentina,TOTAL,74.56898059
90E2E48WHOSIS_000001,WHOSIS_000001,90E2E48,WHOSIS_000001,2021,YEAR,36,COUNTRY,PUBLISHED,Life expectancy (at birth),Australia,TOTAL,83.10183853
90E2E48WHOSIS_000001,WHOSIS_000001,90E2E48,WHOSIS_000001,2017,YEAR,388,COUNTRY,PUBLISHED,Life expectancy (at birth),Jamaica,TOTAL,72.33086714
90E2E48WHOSIS_000001,WHOSIS_000001,90E2E48,WHOSIS_000001,2017,YEAR,392,COUNTRY,PUBLISHED,Life expectancy (at birth),Japan,TOTAL,84.25809871
90E2E48WHOSIS_000001,WHOSIS_000001,90E2E48,WHOSIS_000001,2017,YEAR,398,COUNTRY,PUBLISHED,Life expectancy (at birth),Kazakhstan,TOTAL,72.96750185
90E2E48WHOSIS_000001,WHOSIS_000001,90E2E48,WHOSIS_000001,2017,YEAR,400,COUNTRY,PUBLISHED,Life expectancy (at birth),Jordan,TOTAL,79.14251842
90E2E48WHOSIS_000001,WHOSIS_000001,90E2E48,WHOSIS_000001,2017,YEAR,404,COUNTRY,PUBLISHED,Life expectancy (at birth),Kenya,TOTAL,65.61126491
90E2E48WHOSIS_000001,WHOSIS_000001,90E2E48,WHOSIS_000001,2017,YEAR,434,COUNTRY,PUBLISHED,Life expectancy (at birth),Libya,TOTAL,73.15169822
90E2E48WHOSIS_000001,WHOSIS_000001,90E2E48,WHOSIS_000001,2021,YEAR,48,COUNTRY,PUBLISHED,Life expectancy (at birth),Bahrain,TOTAL,74.38371772
90E2E48WHOSIS_000001,WHOSIS_000001,90E2E48,WHOSIS_000001,2021,YEAR,50,COUNTRY,PUBLISHED,Life expectancy (at birth),Bangladesh,TOTAL,73.10251672
90E2E48WHOSIS_000001,WHOSIS_000001,90E2E48,WHOSIS_000001,2021,YEAR,76,COUNTRY,PUBLISHED,Life expectancy (at birth),Brazil,TOTAL,72.38840694
90E2E48WHOSIS_000001,WHOSIS_000001,90E2E48,WHOSIS_000001,2021,YEAR,56,COUNTRY,PUBLISHED,Life expectancy (at birth),Belgium,TOTAL,81.5059627
90E2E48WHOSIS_000001,WHOSIS_000001,90E2E48,WHOSIS_000001,2021,YEAR,682,COUNTRY,PUBLISHED,Life expectancy (at birth),Saudi Arabia,TOTAL,76.42921259
90E2E48WHOSIS_000001,WHOSIS_000001,90E2E48,WHOSIS_000001,2017,YEAR,682,COUNTRY,PUBLISHED,Life expectancy (at birth),Saudi Arabia,TOTAL,76.74293531
90E2E48WHOSIS_000001,WHOSIS_000001,90E2E48,WHOSIS_000001,2017,YEAR,706,COUNTRY,PUBLISHED,Life expectancy (at birth),Somalia,TOTAL,54.18246164
90E2E48WHOSIS_000001,WHOSIS_000001,90E2E48,WHOSIS_000001,2017,YEAR,702,COUNTRY,PUBLISHED,Life expectancy (at birth),Singapore,TOTAL,83.22151158
90E2E48WHOSIS_000001,WHOSIS_000001,90E2E48,WHOSIS_000001,2021,YEAR,484,COUNTRY,PUBLISHED,Life expectancy (at birth),Mexico,FEMALE,74.68952145
90E2E48WHOSIS_000001,WHOSIS_000001,90E2E48,WHOSIS_000001,2021,YEAR,496,COUNTRY,PUBLISHED,Life expectancy (at birth),Mongolia,FEMALE,73.85828108
90E2E48WHOSIS_000001,WHOSIS_000001,90E2E48,WHOSIS_000001,2009,YEAR,554,COUNTRY,PUBLISHED,Life expectancy (at birth),New Zealand,FEMALE,82.34074291
90E2E48WHOSIS_000001,WHOSIS_000001,90E2E48,WHOSIS_000001,2021,YEAR,706,COUNTRY,PUBLISHED,Life expectancy (at birth),Somalia,TOTAL,53.95143945
90E2E48WHOSIS_000001,WHOSIS_000001,90E2E48,WHOSIS_000001,2021,YEAR,710,COUNTRY,PUBLISHED,Life expectancy (at birth),South Africa,TOTAL,61.49918805
90E2E48WHOSIS_000001,WHOSIS_000001,90E2E48,WHOSIS_000001,2021,YEAR,716,COUNTRY,PUBLISHED,Life expectancy (at birth),Zimbabwe,TOTAL,58.48102238
90E2E48WHOSIS_000001,WHOSIS_000001,90E2E48,WHOSIS_000001,2021,YEAR,724,COUNTRY,PUBLISHED,Life expectancy (at birth),Spain,TOTAL,82.66267258
90E2E48WHOSIS_000001,WHOSIS_000001,90E2E48,WHOSIS_000001,2021,YEAR,702,COUNTRY,PUBLISHED,Life expectancy (at birth),Singapore,TOTAL,83.85708962
90E2E48WHOSIS_000001,WHOSIS_000001,90E2E48,WHOSIS_000001,2017,YEAR,710,COUNTRY,PUBLISHED,Life expectancy (at birth),South Africa,TOTAL,64.74836762
90E2E48WHOSIS_000001,WHOSIS_000001,90E2E48,WHOSIS_000001,2016,YEAR,784,COUNTRY,PUBLISHED,Life expectancy (at birth),United Arab Emirates,TOTAL,80.78348374
90E2E48WHOSIS_000001,WHOSIS_000001,90E2E48,WHOSIS_000001,2017,YEAR,716,COUNTRY,PUBLISHED,Life expectancy (at birth),Zimbabwe,TOTAL,58.23863624
90E2E48WHOSIS_000001,WHOSIS_000001,90E2E48,WHOSIS_000001,2017,YEAR,724,COUNTRY,PUBLISHED,Life expectancy (at birth),Spain,TOTAL,82.67579627
90E2E48WHOSIS_000001,WHOSIS_000001,90E2E48,WHOSIS_000001,2018,YEAR,104,COUNTRY,PUBLISHED,Life expectancy (at birth),Myanmar,TOTAL,68.55999093
90E2E48WHOSIS_000001,WHOSIS_000001,90E2E48,WHOSIS_000001,2016,YEAR,818,COUNTRY,PUBLISHED,Life expectancy (at birth),Egypt,TOTAL,70.7024138
90E2E48WHOSIS_000001,WHOSIS_000001,90E2E48,WHOSIS_000001,2010,YEAR,192,COUNTRY,PUBLISHED,Life expectancy (at birth),Cuba,FEMALE,79.90236783
90E2E48WHOSIS_000001,WHOSIS_000001,90E2E48,WHOSIS_000001,2010,YEAR,246,COUNTRY,PUBLISHED,Life expectancy (at birth),Finland,FEMALE,83.01933361
90E2E48WHOSIS_000001,WHOSIS_000001,90E2E48,WHOSIS_000001,2005,YEAR,634,COUNTRY,PUBLISHED,Life expectancy (at birth),Qatar,TOTAL,71.03950228
90E2E48WHOSIS_000001,WHOSIS_000001,90E2E48,WHOSIS_000001,2005,YEAR,642,COUNTRY,PUBLISHED,Life expectancy (at birth),Romania,TOTAL,72.09847343
90E2E48WHOSIS_000001,WHOSIS_000001,90E2E48,WHOSIS_000001,2021,YEAR,752,COUNTRY,PUBLISHED,Life expectancy (at birth),Sweden,TOTAL,82.6649092
90E2E48WHOSIS_000001,WHOSIS_000001,90E2E48,WHOSIS_000001,2021,YEAR,756,COUNTRY,PUBLISHED,Life expectancy (at birth),Switzerland,TOTAL,83.32795777
90E2E48WHOSIS_000001,WHOSIS_000001,90E2E48,WHOSIS_000001,2005,YEAR,682,COUNTRY,PUBLISHED,Life expectancy (at birth),Saudi Arabia,TOTAL,71.81634573
90E2E48WHOSIS_000001,WHOSIS_000001,90E2E48,WHOSIS_000001,2005,YEAR,643,COUNTRY,PUBLISHED,Life expectancy (at birth),Russian Federation,TOTAL,65.18978014
90E2E48WHOSIS_000001,WHOSIS_000001,90E2E48,WHOSIS_000001,2005,YEAR,702,COUNTRY,PUBLISHED,Life expectancy (at birth),Singapore,TOTAL,80.54232367
90E2E48WHOSIS_000001,WHOSIS_000001,90E2E48,WHOSIS_000001,2016,YEAR,840,COUNTRY,PUBLISHED,Life expectancy (at birth),United States of America,TOTAL,78.55677254
90E2E48WHOSIS_000001,WHOSIS_000001,90E2E48,WHOSIS_000001,2016,YEAR,887,COUNTRY,PUBLISHED,Life expectancy (at birth),Yemen,TOTAL,67.6890605
90E2E48WHOSIS_000001,WHOSIS_000001,90E2E48,WHOSIS_000001,2016,YEAR,894,COUNTRY,PUBLISHED,Life expectancy (at birth),Zambia,TOTAL,60.96146792
90E2E48WHOSIS_000001,WHOSIS_000001,90E2E48,WHOSIS_000001,2016,YEAR,955,WHOREGION,PUBLISHED,Life expectancy (at birth),South-East Asia,TOTAL,70.51674285
90E2E48WHOSIS_000001,WHOSIS_000001,90E2E48,WHOSIS_000001,2005,YEAR,706,COUNTRY,PUBLISHED,Life expectancy (at birth),Somalia,TOTAL,49.79233436
90E2E48WHOSIS_000001,WHOSIS_000001,90E2E48,WHOSIS_000001,2005,YEAR,710,COUNTRY,PUBLISHED,Life expectancy (at birth),South Africa,TOTAL,52.03156981
90E2E48WHOSIS_000001,WHOSIS_000001,90E2E48,WHOSIS_000001,2005,YEAR,716,COUNTRY,PUBLISHED,Life expectancy (at birth),Zimbabwe,TOTAL,45.7065362
90E2E48WHOSIS_000001,WHOSIS_000001,90E2E48,WHOSIS_000001,2005,YEAR,724,COUNTRY,PUBLISHED,Life expectancy (at birth),Spain,TOTAL,80.00981734
90E2E48WHOSIS_000001,WHOSIS_000001,90E2E48,WHOSIS_000001,2005,YEAR,752,COUNTRY,PUBLISHED,Life expectancy (at birth),Sweden,TOTAL,80.4243719
90E2E48WHOSIS_000001,WHOSIS_000001,90E2E48,WHOSIS_000001,2005,YEAR,756,COUNTRY,PUBLISHED,Life expectancy (at birth),Switzerland,TOTAL,81.11493442
90E2E48WHOSIS_000001,WHOSIS_000001,90E2E48,WHOSIS_000001,2016,YEAR,956,WHOREGION,PUBLISHED,Life expectancy (at birth),Europe,TOTAL,77.3506962
90E2E48WHOSIS_000001,WHOSIS_000001,90E2E48,WHOSIS_000001,2017,YEAR,360,COUNTRY,PUBLISHED,Life expectancy (at birth),Indonesia,TOTAL,71.00063238
90E2E48WHOSIS_000001,WHOSIS_000001,90E2E48,WHOSIS_000001,2016,YEAR,953,WHOREGION,PUBLISHED,Life expectancy (at birth),Africa,TOTAL,62.92447284
90E2E48WHOSIS_000001,WHOSIS_000001,90E2E48,WHOSIS_000001,2016,YEAR,954,WHOREGION,PUBLISHED,Life expectancy (at birth),Americas,MALE,74.00936366
90E2E48WHOSIS_000001,WHOSIS_000001,90E2E48,WHOSIS_000001,2017,YEAR,554,COUNTRY,PUBLISHED,Life expectancy (at birth),New Zealand,TOTAL,81.16380852
90E2E48WHOSIS_000001,WHOSIS_000001,90E2E48,WHOSIS_000001,2017,YEAR,524,COUNTRY,PUBLISHED,Life expectancy (at birth),Nepal,TOTAL,70.84484004
90E2E48WHOSIS_000001,WHOSIS_000001,90E2E48,WHOSIS_000001,2017,YEAR,586,COUNTRY,PUBLISHED,Life expectancy (at birth),Pakistan,TOTAL,66.3818317
90E2E48WHOSIS_000001,WHOSIS_000001,90E2E48,WHOSIS_000001,2008,YEAR,32,COUNTRY,PUBLISHED,Life expectancy (at birth),Argentina,TOTAL,75.69496821
90E2E48WHOSIS_000001,WHOSIS_000001,90E2E48,WHOSIS_000001,2006,YEAR,434,COUNTRY,PUBLISHED,Life expectancy (at birth),Libya,TOTAL,74.61102298
90E2E48WHOSIS_000001,WHOSIS_000001,90E2E48,WHOSIS_000001,2007,YEAR,764,COUNTRY,PUBLISHED,Life expectancy (at birth),Thailand,TOTAL,73.93719029
90E2E48WHOSIS_000001,WHOSIS_000001,90E2E48,WHOSIS_000001,2008,YEAR,36,COUNTRY,PUBLISHED,Life expectancy (at birth),Australia,TOTAL,81.32192176
90E2E48WHOSIS_000001,WHOSIS_000001,90E2E48,WHOSIS_000001,2018,YEAR,604,COUNTRY,PUBLISHED,Life expectancy (at birth),Peru,TOTAL,78.99013811
90E2E48WHOSIS_000001,WHOSIS_000001,90E2E48,WHOSIS_000001,2017,YEAR,578,COUNTRY,PUBLISHED,Life expectancy (at birth),Norway,TOTAL,82.33383151
90E2E48WHOSIS_000001,WHOSIS_000001,90E2E48,WHOSIS_000001,2017,YEAR,608,COUNTRY,PUBLISHED,Life expectancy (at birth),Philippines,TOTAL,69.6392585
90E2E48WHOSIS_000001,WHOSIS_000001,90E2E48,WHOSIS_000001,2017,YEAR,616,COUNTRY,PUBLISHED,Life expectancy (at birth),Poland,TOTAL,77.56192606
90E2E48WHOSIS_000001,WHOSIS_000001,90E2E48,WHOSIS_000001,2017,YEAR,620,COUNTRY,PUBLISHED,Life expectancy (at birth),Portugal,TOTAL,81.14657369
90E2E48WHOSIS_000001,WHOSIS_000001,90E2E48,WHOSIS_000001,2017,YEAR,604,COUNTRY,PUBLISHED,Life expectancy (at birth),Peru,TOTAL,79.35847297
90E2E48WHOSIS_000001,WHOSIS_000001,90E2E48,WHOSIS_000001,2017,YEAR,634,COUNTRY,PUBLISHED,Life expectancy (at birth),Qatar,TOTAL,78.5144035
90E2E48WHOSIS_000001,WHOSIS_000001,90E2E48,WHOSIS_000001,2017,YEAR,642,COUNTRY,PUBLISHED,Life expectancy (at birth),Romania,TOTAL,75.11122981
90E2E48WHOSIS_000001,WHOSIS_000001,90E2E48,WHOSIS_000001,2017,YEAR,643,COUNTRY,PUBLISHED,Life expectancy (at birth),Russian Federation,TOTAL,72.49941608
90E2E48WHOSIS_000001,WHOSIS_000001,90E2E48,WHOSIS_000001,2017,YEAR,955,WHOREGION,PUBLISHED,Life expectancy (at birth),South-East Asia,TOTAL,70.7727814
90E2E48WHOSIS_000001,WHOSIS_000001,90E2E48,WHOSIS_000001,2008,YEAR,48,COUNTRY,PUBLISHED,Life expectancy (at birth),Bahrain,TOTAL,72.89097198
90E2E48WHOSIS_000001,WHOSIS_000001,90E2E48,WHOSIS_000001,2008,YEAR,50,COUNTRY,PUBLISHED,Life expectancy (at birth),Bangladesh,TOTAL,69.03267464
90E2E48WHOSIS_000001,WHOSIS_000001,90E2E48,WHOSIS_000001,2018,YEAR,608,COUNTRY,PUBLISHED,Life expectancy (at birth),Philippines,TOTAL,69.67627942
90E2E48WHOSIS_000001,WHOSIS_000001,90E2E48,WHOSIS_000001,2008,YEAR,380,COUNTRY,PUBLISHED,Life expectancy (at birth),Italy,TOTAL,81.37070791
90E2E48WHOSIS_000001,WHOSIS_000001,90E2E48,WHOSIS_000001,2018,YEAR,616,COUNTRY,PUBLISHED,Life expectancy (at birth),Poland,TOTAL,77.56054122
90E2E48WHOSIS_000001,WHOSIS_000001,90E2E48,WHOSIS_000001,2018,YEAR,620,COUNTRY,PUBLISHED,Life expectancy (at birth),Portugal,TOTAL,81.06316039
90E2E48WHOSIS_000001,WHOSIS_000001,90E2E48,WHOSIS_000001,2017,YEAR,956,WHOREGION,PUBLISHED,Life expectancy (at birth),Europe,TOTAL,77.62310671
90E2E48WHOSIS_000001,WHOSIS_000001,90E2E48,WHOSIS_000001,2018,YEAR,4,COUNTRY,PUBLISHED,Life expectancy (at birth),Afghanistan,TOTAL,60.48797975
90E2E48WHOSIS_000001,WHOSIS_000001,90E2E48,WHOSIS_000001,2018,YEAR,56,COUNTRY,PUBLISHED,Life expectancy (at birth),Belgium,TOTAL,81.2494226
90E2E48WHOSIS_000001,WHOSIS_000001,90E2E48,WHOSIS_000001,2018,YEAR,32,COUNTRY,PUBLISHED,Life expectancy (at birth),Argentina,TOTAL,76.88825006
90E2E48WHOSIS_000001,WHOSIS_000001,90E2E48,WHOSIS_000001,2010,YEAR,953,WHOREGION,PUBLISHED,Life expectancy (at birth),Africa,FEMALE,61.17017528
90E2E48WHOSIS_000001,WHOSIS_000001,90E2E48,WHOSIS_000001,2016,YEAR,954,WHOREGION,PUBLISHED,Life expectancy (at birth),Americas,TOTAL,76.70935415
90E2E48WHOSIS_000001,WHOSIS_000001,90E2E48,WHOSIS_000001,2010,YEAR,955,WHOREGION,PUBLISHED,Life expectancy (at birth),South-East Asia,FEMALE,70.18415954
90E2E48WHOSIS_000001,WHOSIS_000001,90E2E48,WHOSIS_000001,2010,YEAR,956,WHOREGION,PUBLISHED,Life expectancy (at birth),Europe,FEMALE,79.18001445
90E2E48WHOSIS_000001,WHOSIS_000001,90E2E48,WHOSIS_000001,2010,YEAR,887,COUNTRY,PUBLISHED,Life expectancy (at birth),Yemen,FEMALE,69.63564203
90E2E48WHOSIS_000001,WHOSIS_000001,90E2E48,WHOSIS_000001,2010,YEAR,894,COUNTRY,PUBLISHED,Life expectancy (at birth),Zambia,FEMALE,59.56145958
90E2E48WHOSIS_000001,WHOSIS_000001,90E2E48,WHOSIS_000001,2018,YEAR,36,COUNTRY,PUBLISHED,Life expectancy (at birth),Australia,TOTAL,83.02313357
90E2E48WHOSIS_000001,WHOSIS_000001,90E2E48,WHOSIS_000001,2018,YEAR,76,COUNTRY,PUBLISHED,Life expectancy (at birth),Brazil,TOTAL,75.31944699
90E2E48WHOSIS_000001,WHOSIS_000001,90E2E48,WHOSIS_000001,2018,YEAR,48,COUNTRY,PUBLISHED,Life expectancy (at birth),Bahrain,TOTAL,75.93620907
90E2E48WHOSIS_000001,WHOSIS_000001,90E2E48,WHOSIS_000001,2018,YEAR,50,COUNTRY,PUBLISHED,Life expectancy (at birth),Bangladesh,TOTAL,73.67380343
90E2E48WHOSIS_000001,WHOSIS_000001,90E2E48,WHOSIS_000001,2017,YEAR,308,COUNTRY,PUBLISHED,Life expectancy (at birth),Grenada,TOTAL,72.61647079
90E2E48WHOSIS_000001,WHOSIS_000001,90E2E48,WHOSIS_000001,2018,YEAR,634,COUNTRY,PUBLISHED,Life expectancy (at birth),Qatar,TOTAL,78.6332828
90E2E48WHOSIS_000001,WHOSIS_000001,90E2E48,WHOSIS_000001,2008,YEAR,376,COUNTRY,PUBLISHED,Life expectancy (at birth),Israel,TOTAL,80.42212771
90E2E48WHOSIS_000001,WHOSIS_000001,90E2E48,WHOSIS_000001,2018,YEAR,840,COUNTRY,PUBLISHED,Life expectancy (at birth),United States of America,TOTAL,78.62912526
90E2E48WHOSIS_000001,WHOSIS_000001,90E2E48,WHOSIS_000001,2008,YEAR,434,COUNTRY,PUBLISHED,Life expectancy (at birth),Libya,TOTAL,74.20131986
90E2E48WHOSIS_000001,WHOSIS_000001,90E2E48,WHOSIS_000001,2017,YEAR,300,COUNTRY,PUBLISHED,Life expectancy (at birth),Greece,TOTAL,80.69403193
90E2E48WHOSIS_000001,WHOSIS_000001,90E2E48,WHOSIS_000001,2018,YEAR,496,COUNTRY,PUBLISHED,Life expectancy (at birth),Mongolia,TOTAL,70.47775442
90E2E48WHOSIS_000001,WHOSIS_000001,90E2E48,WHOSIS_000001,2018,YEAR,512,COUNTRY,PUBLISHED,Life expectancy (at birth),Oman,TOTAL,74.96470035
90E2E48WHOSIS_000001,WHOSIS_000001,90E2E48,WHOSIS_000001,2019,YEAR,756,COUNTRY,PUBLISHED,Life expectancy (at birth),Switzerland,TOTAL,83.47957563
90E2E48WHOSIS_000001,WHOSIS_000001,90E2E48,WHOSIS_000001,2019,YEAR,784,COUNTRY,PUBLISHED,Life expectancy (at birth),United Arab Emirates,TOTAL,81.41096307
90E2E48WHOSIS_000001,WHOSIS_000001,90E2E48,WHOSIS_000001,2019,YEAR,764,COUNTRY,PUBLISHED,Life expectancy (at birth),Thailand,TOTAL,76.92495279
90E2E48WHOSIS_000001,WHOSIS_000001,90E2E48,WHOSIS_000001,2019,YEAR,840,COUNTRY,PUBLISHED,Life expectancy (at birth),United States of America,TOTAL,78.73923827
90E2E48WHOSIS_000001,WHOSIS_000001,90E2E48,WHOSIS_000001,2008,YEAR,496,COUNTRY,PUBLISHED,Life expectancy (at birth),Mongolia,TOTAL,66.90211117
90E2E48WHOSIS_000001,WHOSIS_000001,90E2E48,WHOSIS_000001,2019,YEAR,752,COUNTRY,PUBLISHED,Life expectancy (at birth),Sweden,TOTAL,82.71414637
90E2E48WHOSIS_000001,WHOSIS_000001,90E2E48,WHOSIS_000001,2020,YEAR,246,COUNTRY,PUBLISHED,Life expectancy (at birth),Finland,TOTAL,81.54461744
90E2E48WHOSIS_000001,WHOSIS_000001,90E2E48,WHOSIS_000001,2020,YEAR,250,COUNTRY,PUBLISHED,Life expectancy (at birth),France,TOTAL,81.87409035
90E2E48WHOSIS_000001,WHOSIS_000001,90E2E48,WHOSIS_000001,2019,YEAR,818,COUNTRY,PUBLISHED,Life expectancy (at birth),Egypt,TOTAL,71.58973358
90E2E48WHOSIS_000001,WHOSIS_000001,90E2E48,WHOSIS_000001,2020,YEAR,268,COUNTRY,PUBLISHED,Life expectancy (at birth),Georgia,TOTAL,73.10852232
90E2E48WHOSIS_000001,WHOSIS_000001,90E2E48,WHOSIS_000001,2020,YEAR,276,COUNTRY,PUBLISHED,Life expectancy (at birth),Germany,TOTAL,80.79637728
90E2E48WHOSIS_000001,WHOSIS_000001,90E2E48,WHOSIS_000001,2020,YEAR,300,COUNTRY,PUBLISHED,Life expectancy (at birth),Greece,TOTAL,80.6317386
90E2E48WHOSIS_000001,WHOSIS_000001,90E2E48,WHOSIS_000001,2020,YEAR,953,WHOREGION,PUBLISHED,Life expectancy (at birth),Africa,TOTAL,63.96143556
90E2E48WHOSIS_000001,WHOSIS_000001,90E2E48,WHOSIS_000001,2021,YEAR,554,COUNTRY,PUBLISHED,Life expectancy (at birth),New Zealand,TOTAL,82.20149177
90E2E48WHOSIS_000001,WHOSIS_000001,90E2E48,WHOSIS_000001,2020,YEAR,308,COUNTRY,PUBLISHED,Life expectancy (at birth),Grenada,TOTAL,75.35142309
90E2E48WHOSIS_000001,WHOSIS_000001,90E2E48,WHOSIS_000001,2009,YEAR,192,COUNTRY,PUBLISHED,Life expectancy (at birth),Cuba,TOTAL,78.01983317
90E2E48WHOSIS_000001,WHOSIS_000001,90E2E48,WHOSIS_000001,2021,YEAR,578,COUNTRY,PUBLISHED,Life expectancy (at birth),Norway,TOTAL,82.88199872
90E2E48WHOSIS_000001,WHOSIS_000001,90E2E48,WHOSIS_000001,2020,YEAR,887,COUNTRY,PUBLISHED,Life expectancy (at birth),Yemen,TOTAL,66.51267259
90E2E48WHOSIS_000001,WHOSIS_000001,90E2E48,WHOSIS_000001,2020,YEAR,894,COUNTRY,PUBLISHED,Life expectancy (at birth),Zambia,TOTAL,61.83164861
90E2E48WHOSIS_000001,WHOSIS_000001,90E2E48,WHOSIS_000001,2021,YEAR,620,COUNTRY,PUBLISHED,Life expectancy (at birth),Portugal,TOTAL,81.17961003
90E2E48WHOSIS_000001,WHOSIS_000001,90E2E48,WHOSIS_000001,2021,YEAR,586,COUNTRY,PUBLISHED,Life expectancy (at birth),Pakistan,TOTAL,65.99092295
90E2E48WHOSIS_000001,WHOSIS_000001,90E2E48,WHOSIS_000001,2021,YEAR,604,COUNTRY,PUBLISHED,Life expectancy (at birth),Peru,TOTAL,71.66727055
90E2E48WHOSIS_000001,WHOSIS_000001,90E2E48,WHOSIS_000001,2021,YEAR,608,COUNTRY,PUBLISHED,Life expectancy (at birth),Philippines,TOTAL,66.40834182
90E2E48WHOSIS_000001,WHOSIS_000001,90E2E48,WHOSIS_000001,2021,YEAR,616,COUNTRY,PUBLISHED,Life expectancy (at birth),Poland,TOTAL,75.4021086
90E2E48WHOSIS_000001,WHOSIS_000001,90E2E48,WHOSIS_000001,2021,YEAR,634,COUNTRY,PUBLISHED,Life expectancy (at birth),Qatar,TOTAL,76.7101384
90E2E48WHOSIS_000001,WHOSIS_000001,90E2E48,WHOSIS_000001,2021,YEAR,642,COUNTRY,PUBLISHED,Life expectancy (at birth),Romania,TOTAL,72.76430945
90E2E48WHOSIS_000001,WHOSIS_000001,90E2E48,WHOSIS_000001,2021,YEAR,643,COUNTRY,PUBLISHED,Life expectancy (at birth),Russian Federation,TOTAL,70.017337
90E2E48WHOSIS_000001,WHOSIS_000001,90E2E48,WHOSIS_000001,2008,YEAR,192,COUNTRY,PUBLISHED,Life expectancy (at birth),Cuba,TOTAL,77.87743841
90E2E48WHOSIS_000001,WHOSIS_000001,90E2E48,WHOSIS_000001,2019,YEAR,554,COUNTRY,PUBLISHED,Life expectancy (at birth),New Zealand,TOTAL,81.81181567
90E2E48WHOSIS_000001,WHOSIS_000001,90E2E48,WHOSIS_000001,2019,YEAR,512,COUNTRY,PUBLISHED,Life expectancy (at birth),Oman,TOTAL,75.28986006
90E2E48WHOSIS_000001,WHOSIS_000001,90E2E48,WHOSIS_000001,2019,YEAR,524,COUNTRY,PUBLISHED,Life expectancy (at birth),Nepal,TOTAL,71.36142995
90E2E48WHOSIS_000001,WHOSIS_000001,90E2E48,WHOSIS_000001,2019,YEAR,578,COUNTRY,PUBLISHED,Life expectancy (at birth),Norway,TOTAL,82.65752051
90E2E48WHOSIS_000001,WHOSIS_000001,90E2E48,WHOSIS_000001,2008,YEAR,887,COUNTRY,PUBLISHED,Life expectancy (at birth),Yemen,TOTAL,67.19372426
90E2E48WHOSIS_000001,WHOSIS_000001,90E2E48,WHOSIS_000001,2008,YEAR,894,COUNTRY,PUBLISHED,Life expectancy (at birth),Zambia,TOTAL,55.35570144
90E2E48WHOSIS_000001,WHOSIS_000001,90E2E48,WHOSIS_000001,2019,YEAR,586,COUNTRY,PUBLISHED,Life expectancy (at birth),Pakistan,TOTAL,67.02931501
90E2E48WHOSIS_000001,WHOSIS_000001,90E2E48,WHOSIS_000001,2020,YEAR,756,COUNTRY,PUBLISHED,Life expectancy (at birth),Switzerland,TOTAL,82.73602492
90E2E48WHOSIS_000001,WHOSIS_000001,90E2E48,WHOSIS_000001,2020,YEAR,764,COUNTRY,PUBLISHED,Life expectancy (at birth),Thailand,TOTAL,76.50524949
90E2E48WHOSIS_000001,WHOSIS_000001,90E2E48,WHOSIS_000001,2011,YEAR,4,COUNTRY,PUBLISHED,Life expectancy (at birth),Afghanistan,FEMALE,60.04935162
90E2E48WHOSIS_000001,WHOSIS_000001,90E2E48,WHOSIS_000001,2020,YEAR,752,COUNTRY,PUBLISHED,Life expectancy (at birth),Sweden,TOTAL,82.08200836
90E2E48WHOSIS_000001,WHOSIS_000001,90E2E48,WHOSIS_000001,2020,YEAR,784,COUNTRY,PUBLISHED,Life expectancy (at birth),United Arab Emirates,TOTAL,80.1312721
90E2E48WHOSIS_000001,WHOSIS_000001,90E2E48,WHOSIS_000001,2021,YEAR,434,COUNTRY,PUBLISHED,Life expectancy (at birth),Libya,TOTAL,72.17844009
90E2E48WHOSIS_000001,WHOSIS_000001,90E2E48,WHOSIS_000001,2011,YEAR,818,COUNTRY,PUBLISHED,Life expectancy (at birth),Egypt,FEMALE,73.05741217
90E2E48WHOSIS_000001,WHOSIS_000001,90E2E48,WHOSIS_000001,2011,YEAR,840,COUNTRY,PUBLISHED,Life expectancy (at birth),United States of America,FEMALE,80.79712163
90E2E48WHOSIS_000001,WHOSIS_000001,90E2E48,WHOSIS_000001,2011,YEAR,887,COUNTRY,PUBLISHED,Life expectancy (at birth),Yemen,FEMALE,69.90307004
90E2E48WHOSIS_000001,WHOSIS_000001,90E2E48,WHOSIS_000001,2011,YEAR,955,WHOREGION,PUBLISHED,Life expectancy (at birth),South-East Asia,FEMALE,70.60912028
90E2E48WHOSIS_000001,WHOSIS_000001,90E2E48,WHOSIS_000001,2011,YEAR,956,WHOREGION,PUBLISHED,Life expectancy (at birth),Europe,FEMALE,79.60880156
90E2E48WHOSIS_000001,WHOSIS_000001,90E2E48,WHOSIS_000001,2020,YEAR,818,COUNTRY,PUBLISHED,Life expectancy (at birth),Egypt,TOTAL,70.12068297
90E2E48WHOSIS_000001,WHOSIS_000001,90E2E48,WHOSIS_000001,2020,YEAR,840,COUNTRY,PUBLISHED,Life expectancy (at birth),United States of America,TOTAL,76.89250856
90E2E48WHOSIS_000001,WHOSIS_000001,90E2E48,WHOSIS_000001,2011,YEAR,604,COUNTRY,PUBLISHED,Life expectancy (at birth),Peru,TOTAL,78.64438915
90E2E48WHOSIS_000001,WHOSIS_000001,90E2E48,WHOSIS_000001,2009,YEAR,410,COUNTRY,PUBLISHED,Life expectancy (at birth),Republic of Korea,TOTAL,80.36278413
90E2E48WHOSIS_000001,WHOSIS_000001,90E2E48,WHOSIS_000001,2009,YEAR,414,COUNTRY,PUBLISHED,Life expectancy (at birth),Kuwait,TOTAL,79.20188159
90E2E48WHOSIS_000001,WHOSIS_000001,90E2E48,WHOSIS_000001,2011,YEAR,608,COUNTRY,PUBLISHED,Life expectancy (at birth),Philippines,TOTAL,69.78448284
90E2E48WHOSIS_000001,WHOSIS_000001,90E2E48,WHOSIS_000001,2011,YEAR,643,COUNTRY,PUBLISHED,Life expectancy (at birth),Russian Federation,TOTAL,69.77052933
90E2E48WHOSIS_000001,WHOSIS_000001,90E2E48,WHOSIS_000001,2011,YEAR,616,COUNTRY,PUBLISHED,Life expectancy (at birth),Poland,TOTAL,76.56402189
90E2E48WHOSIS_000001,WHOSIS_000001,90E2E48,WHOSIS_000001,2011,YEAR,620,COUNTRY,PUBLISHED,Life expectancy (at birth),Portugal,TOTAL,80.24005801
90E2E48WHOSIS_000001,WHOSIS_000001,90E2E48,WHOSIS_000001,2011,YEAR,634,COUNTRY,PUBLISHED,Life expectancy (at birth),Qatar,TOTAL,74.27799506
90E2E48WHOSIS_000001,WHOSIS_000001,90E2E48,WHOSIS_000001,2011,YEAR,642,COUNTRY,PUBLISHED,Life expectancy (at birth),Romania,TOTAL,74.44084112
90E2E48WHOSIS_000001,WHOSIS_000001,90E2E48,WHOSIS_000001,2011,YEAR,784,COUNTRY,PUBLISHED,Life expectancy (at birth),United Arab Emirates,TOTAL,80.25767057
90E2E48WHOSIS_000001,WHOSIS_000001,90E2E48,WHOSIS_000001,2012,YEAR,496,COUNTRY,PUBLISHED,Life expectancy (at birth),Mongolia,TOTAL,67.84058521
90E2E48WHOSIS_000001,WHOSIS_000001,90E2E48,WHOSIS_000001,2012,YEAR,682,COUNTRY,PUBLISHED,Life expectancy (at birth),Saudi Arabia,TOTAL,77.02520885
90E2E48WHOSIS_000001,WHOSIS_000001,90E2E48,WHOSIS_000001,2012,YEAR,710,COUNTRY,PUBLISHED,Life expectancy (at birth),South Africa,TOTAL,60.81522121
90E2E48WHOSIS_000001,WHOSIS_000001,90E2E48,WHOSIS_000001,2010,YEAR,480,COUNTRY,PUBLISHED,Life expectancy (at birth),Mauritius,TOTAL,73.34550791
90E2E48WHOSIS_000001,WHOSIS_000001,90E2E48,WHOSIS_000001,2010,YEAR,484,COUNTRY,PUBLISHED,Life expectancy (at birth),Mexico,TOTAL,74.95254484
90E2E48WHOSIS_000001,WHOSIS_000001,90E2E48,WHOSIS_000001,2012,YEAR,702,COUNTRY,PUBLISHED,Life expectancy (at birth),Singapore,TOTAL,82.21523479
90E2E48WHOSIS_000001,WHOSIS_000001,90E2E48,WHOSIS_000001,2012,YEAR,706,COUNTRY,PUBLISHED,Life expectancy (at birth),Somalia,TOTAL,50.10797443
90E2E48WHOSIS_000001,WHOSIS_000001,90E2E48,WHOSIS_000001,2010,YEAR,496,COUNTRY,PUBLISHED,Life expectancy (at birth),Mongolia,TOTAL,67.10227644
90E2E48WHOSIS_000001,WHOSIS_000001,90E2E48,WHOSIS_000001,2011,YEAR,434,COUNTRY,PUBLISHED,Life expectancy (at birth),Libya,TOTAL,71.43952101
90E2E48WHOSIS_000001,WHOSIS_000001,90E2E48,WHOSIS_000001,2011,YEAR,484,COUNTRY,PUBLISHED,Life expectancy (at birth),Mexico,TOTAL,75.42631561
90E2E48WHOSIS_000001,WHOSIS_000001,90E2E48,WHOSIS_000001,2011,YEAR,512,COUNTRY,PUBLISHED,Life expectancy (at birth),Oman,TOTAL,73.21785366
90E2E48WHOSIS_000001,WHOSIS_000001,90E2E48,WHOSIS_000001,2011,YEAR,524,COUNTRY,PUBLISHED,Life expectancy (at birth),Nepal,TOTAL,69.60828031
90E2E48WHOSIS_000001,WHOSIS_000001,90E2E48,WHOSIS_000001,2011,YEAR,496,COUNTRY,PUBLISHED,Life expectancy (at birth),Mongolia,TOTAL,67.30366439
90E2E48WHOSIS_000001,WHOSIS_000001,90E2E48,WHOSIS_000001,2011,YEAR,480,COUNTRY,PUBLISHED,Life expectancy (at birth),Mauritius,TOTAL,73.5157206
90E2E48WHOSIS_000001,WHOSIS_000001,90E2E48,WHOSIS_000001,2012,YEAR,156,COUNTRY,PUBLISHED,Life expectancy (at birth),China,TOTAL,75.48068539
90E2E48WHOSIS_000001,WHOSIS_000001,90E2E48,WHOSIS_000001,2012,YEAR,170,COUNTRY,PUBLISHED,Life expectancy (at birth),Colombia,TOTAL,76.94484313
90E2E48WHOSIS_000001,WHOSIS_000001,90E2E48,WHOSIS_000001,2011,YEAR,554,COUNTRY,PUBLISHED,Life expectancy (at birth),New Zealand,TOTAL,80.74980096
90E2E48WHOSIS_000001,WHOSIS_000001,90E2E48,WHOSIS_000001,2011,YEAR,578,COUNTRY,PUBLISHED,Life expectancy (at birth),Norway,TOTAL,80.96925391
90E2E48WHOSIS_000001,WHOSIS_000001,90E2E48,WHOSIS_000001,2012,YEAR,192,COUNTRY,PUBLISHED,Life expectancy (at birth),Cuba,TOTAL,78.42125643
90E2E48WHOSIS_000001,WHOSIS_000001,90E2E48,WHOSIS_000001,2011,YEAR,144,COUNTRY,PUBLISHED,Life expectancy (at birth),Sri Lanka,TOTAL,74.95837466
90E2E48WHOSIS_000001,WHOSIS_000001,90E2E48,WHOSIS_000001,2011,YEAR,156,COUNTRY,PUBLISHED,Life expectancy (at birth),China,TOTAL,75.03511843
90E2E48WHOSIS_000001,WHOSIS_000001,90E2E48,WHOSIS_000001,2011,YEAR,170,COUNTRY,PUBLISHED,Life expectancy (at birth),Colombia,TOTAL,76.68552906
90E2E48WHOSIS_000001,WHOSIS_000001,90E2E48,WHOSIS_000001,2011,YEAR,894,COUNTRY,PUBLISHED,Life expectancy (at birth),Zambia,FEMALE,60.1907987
90E2E48WHOSIS_000001,WHOSIS_000001,90E2E48,WHOSIS_000001,2011,YEAR,953,WHOREGION,PUBLISHED,Life expectancy (at birth),Africa,FEMALE,61.95111871
90E2E48WHOSIS_000001,WHOSIS_000001,90E2E48,WHOSIS_000001,2017,YEAR,954,WHOREGION,PUBLISHED,Life expectancy (at birth),Americas,MALE,74.15393516
90E2E48WHOSIS_000001,WHOSIS_000001,90E2E48,WHOSIS_000001,2012,YEAR,246,COUNTRY,PUBLISHED,Life expectancy (at birth),Finland,FEMALE,83.22345733
90E2E48WHOSIS_000001,WHOSIS_000001,90E2E48,WHOSIS_000001,2012,YEAR,250,COUNTRY,PUBLISHED,Life expectancy (at birth),France,FEMALE,84.52986176
90E2E48WHOSIS_000001,WHOSIS_000001,90E2E48,WHOSIS_000001,2012,YEAR,4,COUNTRY,PUBLISHED,Life expectancy (at birth),Afghanistan,FEMALE,60.50475078
90E2E48WHOSIS_000001,WHOSIS_000001,90E2E48,WHOSIS_000001,2011,YEAR,380,COUNTRY,PUBLISHED,Life expectancy (at birth),Italy,TOTAL,81.82897949
90E2E48WHOSIS_000001,WHOSIS_000001,90E2E48,WHOSIS_000001,2011,YEAR,388,COUNTRY,PUBLISHED,Life expectancy (at birth),Jamaica,TOTAL,72.86139713
90E2E48WHOSIS_000001,WHOSIS_000001,90E2E48,WHOSIS_000001,2011,YEAR,192,COUNTRY,PUBLISHED,Life expectancy (at birth),Cuba,TOTAL,78.52888871
90E2E48WHOSIS_000001,WHOSIS_000001,90E2E48,WHOSIS_000001,2011,YEAR,376,COUNTRY,PUBLISHED,Life expectancy (at birth),Israel,TOTAL,81.64888794
90E2E48WHOSIS_000001,WHOSIS_000001,90E2E48,WHOSIS_000001,2011,YEAR,372,COUNTRY,PUBLISHED,Life expectancy (at birth),Ireland,TOTAL,80.38545702
90E2E48WHOSIS_000001,WHOSIS_000001,90E2E48,WHOSIS_000001,2011,YEAR,410,COUNTRY,PUBLISHED,Life expectancy (at birth),Republic of Korea,TOTAL,80.95337202
90E2E48WHOSIS_000001,WHOSIS_000001,90E2E48,WHOSIS_000001,2012,YEAR,300,COUNTRY,PUBLISHED,Life expectancy (at birth),Greece,FEMALE,82.62755373
90E2E48WHOSIS_000001,WHOSIS_000001,90E2E48,WHOSIS_000001,2012,YEAR,308,COUNTRY,PUBLISHED,Life expectancy (at birth),Grenada,FEMALE,75.62767758
90E2E48WHOSIS_000001,WHOSIS_000001,90E2E48,WHOSIS_000001,2012,YEAR,268,COUNTRY,PUBLISHED,Life expectancy (at birth),Georgia,FEMALE,76.63888884
90E2E48WHOSIS_000001,WHOSIS_000001,90E2E48,WHOSIS_000001,2012,YEAR,276,COUNTRY,PUBLISHED,Life expectancy (at birth),Germany,FEMALE,82.8418436
90E2E48WHOSIS_000001,WHOSIS_000001,90E2E48,WHOSIS_000001,2011,YEAR,392,COUNTRY,PUBLISHED,Life expectancy (at birth),Japan,TOTAL,82.82691604
90E2E48WHOSIS_000001,WHOSIS_000001,90E2E48,WHOSIS_000001,2011,YEAR,398,COUNTRY,PUBLISHED,Life expectancy (at birth),Kazakhstan,TOTAL,69.12835849
90E2E48WHOSIS_000001,WHOSIS_000001,90E2E48,WHOSIS_000001,2011,YEAR,400,COUNTRY,PUBLISHED,Life expectancy (at birth),Jordan,TOTAL,76.9077149
90E2E48WHOSIS_000001,WHOSIS_000001,90E2E48,WHOSIS_000001,2011,YEAR,404,COUNTRY,PUBLISHED,Life expectancy (at birth),Kenya,TOTAL,61.98126671
90E2E48WHOSIS_000001,WHOSIS_000001,90E2E48,WHOSIS_000001,2011,YEAR,414,COUNTRY,PUBLISHED,Life expectancy (at birth),Kuwait,TOTAL,81.44805413
90E2E48WHOSIS_000001,WHOSIS_000001,90E2E48,WHOSIS_000001,2012,YEAR,32,COUNTRY,PUBLISHED,Life expectancy (at birth),Argentina,TOTAL,76.1760553
90E2E48WHOSIS_000001,WHOSIS_000001,90E2E48,WHOSIS_000001,2012,YEAR,36,COUNTRY,PUBLISHED,Life expectancy (at birth),Australia,TOTAL,82.27247326
90E2E48WHOSIS_000001,WHOSIS_000001,90E2E48,WHOSIS_000001,2012,YEAR,48,COUNTRY,PUBLISHED,Life expectancy (at birth),Bahrain,TOTAL,74.57322126
90E2E48WHOSIS_000001,WHOSIS_000001,90E2E48,WHOSIS_000001,2012,YEAR,50,COUNTRY,PUBLISHED,Life expectancy (at birth),Bangladesh,TOTAL,72.09310158
90E2E48WHOSIS_000001,WHOSIS_000001,90E2E48,WHOSIS_000001,2012,YEAR,56,COUNTRY,PUBLISHED,Life expectancy (at birth),Belgium,TOTAL,80.07118579
90E2E48WHOSIS_000001,WHOSIS_000001,90E2E48,WHOSIS_000001,2012,YEAR,76,COUNTRY,PUBLISHED,Life expectancy (at birth),Brazil,TOTAL,74.28196582
90E2E48WHOSIS_000001,WHOSIS_000001,90E2E48,WHOSIS_000001,2012,YEAR,124,COUNTRY,PUBLISHED,Life expectancy (at birth),Canada,TOTAL,81.49329928
90E2E48WHOSIS_000001,WHOSIS_000001,90E2E48,WHOSIS_000001,2012,YEAR,104,COUNTRY,PUBLISHED,Life expectancy (at birth),Myanmar,TOTAL,65.86631653
90E2E48WHOSIS_000001,WHOSIS_000001,90E2E48,WHOSIS_000001,2012,YEAR,144,COUNTRY,PUBLISHED,Life expectancy (at birth),Sri Lanka,TOTAL,75.63306733
90E2E48WHOSIS_000001,WHOSIS_000001,90E2E48,WHOSIS_000001,2011,YEAR,764,COUNTRY,PUBLISHED,Life expectancy (at birth),Thailand,TOTAL,75.71879745
90E2E48WHOSIS_000001,WHOSIS_000001,90E2E48,WHOSIS_000001,2011,YEAR,706,COUNTRY,PUBLISHED,Life expectancy (at birth),Somalia,TOTAL,43.81163424
90E2E48WHOSIS_000001,WHOSIS_000001,90E2E48,WHOSIS_000001,2011,YEAR,710,COUNTRY,PUBLISHED,Life expectancy (at birth),South Africa,TOTAL,59.100348
90E2E48WHOSIS_000001,WHOSIS_000001,90E2E48,WHOSIS_000001,2011,YEAR,702,COUNTRY,PUBLISHED,Life expectancy (at birth),Singapore,TOTAL,81.96030215
90E2E48WHOSIS_000001,WHOSIS_000001,90E2E48,WHOSIS_000001,2011,YEAR,682,COUNTRY,PUBLISHED,Life expectancy (at birth),Saudi Arabia,TOTAL,76.13164239
90E2E48WHOSIS_000001,WHOSIS_000001,90E2E48,WHOSIS_000001,2011,YEAR,716,COUNTRY,PUBLISHED,Life expectancy (at birth),Zimbabwe,TOTAL,53.27755042
90E2E48WHOSIS_000001,WHOSIS_000001,90E2E48,WHOSIS_000001,2012,YEAR,634,COUNTRY,PUBLISHED,Life expectancy (at birth),Qatar,TOTAL,74.98566602
90E2E48WHOSIS_000001,WHOSIS_000001,90E2E48,WHOSIS_000001,2012,YEAR,642,COUNTRY,PUBLISHED,Life expectancy (at birth),Romania,TOTAL,74.34204624
90E2E48WHOSIS_000001,WHOSIS_000001,90E2E48,WHOSIS_000001,2012,YEAR,643,COUNTRY,PUBLISHED,Life expectancy (at birth),Russian Federation,TOTAL,70.1880117
90E2E48WHOSIS_000001,WHOSIS_000001,90E2E48,WHOSIS_000001,2011,YEAR,724,COUNTRY,PUBLISHED,Life expectancy (at birth),Spain,TOTAL,81.81256597
90E2E48WHOSIS_000001,WHOSIS_000001,90E2E48,WHOSIS_000001,2011,YEAR,752,COUNTRY,PUBLISHED,Life expectancy (at birth),Sweden,TOTAL,81.52274171
90E2E48WHOSIS_000001,WHOSIS_000001,90E2E48,WHOSIS_000001,2011,YEAR,756,COUNTRY,PUBLISHED,Life expectancy (at birth),Switzerland,TOTAL,82.36855875
90E2E48WHOSIS_000001,WHOSIS_000001,90E2E48,WHOSIS_000001,2013,YEAR,268,COUNTRY,PUBLISHED,Life expectancy (at birth),Georgia,TOTAL,72.60327856
90E2E48WHOSIS_000001,WHOSIS_000001,90E2E48,WHOSIS_000001,2013,YEAR,276,COUNTRY,PUBLISHED,Life expectancy (at birth),Germany,TOTAL,80.28874618
90E2E48WHOSIS_000001,WHOSIS_000001,90E2E48,WHOSIS_000001,2013,YEAR,300,COUNTRY,PUBLISHED,Life expectancy (at birth),Greece,TOTAL,80.77961776
90E2E48WHOSIS_000001,WHOSIS_000001,90E2E48,WHOSIS_000001,2013,YEAR,352,COUNTRY,PUBLISHED,Life expectancy (at birth),Iceland,TOTAL,82.07380529
90E2E48WHOSIS_000001,WHOSIS_000001,90E2E48,WHOSIS_000001,2014,YEAR,356,COUNTRY,PUBLISHED,Life expectancy (at birth),India,TOTAL,68.91972988
90E2E48WHOSIS_000001,WHOSIS_000001,90E2E48,WHOSIS_000001,2013,YEAR,308,COUNTRY,PUBLISHED,Life expectancy (at birth),Grenada,TOTAL,72.62189848
90E2E48WHOSIS_000001,WHOSIS_000001,90E2E48,WHOSIS_000001,2014,YEAR,360,COUNTRY,PUBLISHED,Life expectancy (at birth),Indonesia,TOTAL,70.30298584
90E2E48WHOSIS_000001,WHOSIS_000001,90E2E48,WHOSIS_000001,2014,YEAR,392,COUNTRY,PUBLISHED,Life expectancy (at birth),Japan,TOTAL,83.79493082
90E2E48WHOSIS_000001,WHOSIS_000001,90E2E48,WHOSIS_000001,2014,YEAR,398,COUNTRY,PUBLISHED,Life expectancy (at birth),Kazakhstan,TOTAL,71.47528342
90E2E48WHOSIS_000001,WHOSIS_000001,90E2E48,WHOSIS_000001,2014,YEAR,400,COUNTRY,PUBLISHED,Life expectancy (at birth),Jordan,TOTAL,77.96984738
90E2E48WHOSIS_000001,WHOSIS_000001,90E2E48,WHOSIS_000001,2014,YEAR,404,COUNTRY,PUBLISHED,Life expectancy (at birth),Kenya,TOTAL,63.63694431
90E2E48WHOSIS_000001,WHOSIS_000001,90E2E48,WHOSIS_000001,2014,YEAR,364,COUNTRY,PUBLISHED,Life expectancy (at birth),Iran (Islamic Republic of),TOTAL,77.29855084
90E2E48WHOSIS_000001,WHOSIS_000001,90E2E48,WHOSIS_000001,2014,YEAR,368,COUNTRY,PUBLISHED,Life expectancy (at birth),Iraq,TOTAL,70.22637913
90E2E48WHOSIS_000001,WHOSIS_000001,90E2E48,WHOSIS_000001,2014,YEAR,372,COUNTRY,PUBLISHED,Life expectancy (at birth),Ireland,TOTAL,81.05218065
90E2E48WHOSIS_000001,WHOSIS_000001,90E2E48,WHOSIS_000001,2014,YEAR,376,COUNTRY,PUBLISHED,Life expectancy (at birth),Israel,TOTAL,81.37964957
90E2E48WHOSIS_000001,WHOSIS_000001,90E2E48,WHOSIS_000001,2014,YEAR,380,COUNTRY,PUBLISHED,Life expectancy (at birth),Italy,TOTAL,82.61004631
90E2E48WHOSIS_000001,WHOSIS_000001,90E2E48,WHOSIS_000001,2012,YEAR,368,COUNTRY,PUBLISHED,Life expectancy (at birth),Iraq,FEMALE,74.25905369
90E2E48WHOSIS_000001,WHOSIS_000001,90E2E48,WHOSIS_000001,2012,YEAR,372,COUNTRY,PUBLISHED,Life expectancy (at birth),Ireland,FEMALE,82.56634433
90E2E48WHOSIS_000001,WHOSIS_000001,90E2E48,WHOSIS_000001,2012,YEAR,512,COUNTRY,PUBLISHED,Life expectancy (at birth),Oman,FEMALE,77.21611988
90E2E48WHOSIS_000001,WHOSIS_000001,90E2E48,WHOSIS_000001,2012,YEAR,352,COUNTRY,PUBLISHED,Life expectancy (at birth),Iceland,FEMALE,83.50025421
90E2E48WHOSIS_000001,WHOSIS_000001,90E2E48,WHOSIS_000001,2012,YEAR,356,COUNTRY,PUBLISHED,Life expectancy (at birth),India,FEMALE,69.95960732
90E2E48WHOSIS_000001,WHOSIS_000001,90E2E48,WHOSIS_000001,2012,YEAR,360,COUNTRY,PUBLISHED,Life expectancy (at birth),Indonesia,FEMALE,71.52119122
90E2E48WHOSIS_000001,WHOSIS_000001,90E2E48,WHOSIS_000001,2012,YEAR,364,COUNTRY,PUBLISHED,Life expectancy (at birth),Iran (Islamic Republic of),FEMALE,78.90295723
90E2E48WHOSIS_000001,WHOSIS_000001,90E2E48,WHOSIS_000001,2012,YEAR,524,COUNTRY,PUBLISHED,Life expectancy (at birth),Nepal,FEMALE,71.49801732
90E2E48WHOSIS_000001,WHOSIS_000001,90E2E48,WHOSIS_000001,2012,YEAR,586,COUNTRY,PUBLISHED,Life expectancy (at birth),Pakistan,FEMALE,65.65725265
90E2E48WHOSIS_000001,WHOSIS_000001,90E2E48,WHOSIS_000001,2014,YEAR,388,COUNTRY,PUBLISHED,Life expectancy (at birth),Jamaica,TOTAL,73.23854714
90E2E48WHOSIS_000001,WHOSIS_000001,90E2E48,WHOSIS_000001,2014,YEAR,434,COUNTRY,PUBLISHED,Life expectancy (at birth),Libya,TOTAL,72.6011445
90E2E48WHOSIS_000001,WHOSIS_000001,90E2E48,WHOSIS_000001,2014,YEAR,410,COUNTRY,PUBLISHED,Life expectancy (at birth),Republic of Korea,TOTAL,82.15999534
90E2E48WHOSIS_000001,WHOSIS_000001,90E2E48,WHOSIS_000001,2014,YEAR,414,COUNTRY,PUBLISHED,Life expectancy (at birth),Kuwait,TOTAL,81.88077916
90E2E48WHOSIS_000001,WHOSIS_000001,90E2E48,WHOSIS_000001,2012,YEAR,554,COUNTRY,PUBLISHED,Life expectancy (at birth),New Zealand,FEMALE,82.77296523
90E2E48WHOSIS_000001,WHOSIS_000001,90E2E48,WHOSIS_000001,2005,YEAR,956,WHOREGION,PUBLISHED,Life expectancy (at birth),Europe,MALE,69.40745712
90E2E48WHOSIS_000001,WHOSIS_000001,90E2E48,WHOSIS_000001,2012,YEAR,578,COUNTRY,PUBLISHED,Life expectancy (at birth),Norway,FEMALE,83.0623702
90E2E48WHOSIS_000001,WHOSIS_000001,90E2E48,WHOSIS_000001,2013,YEAR,512,COUNTRY,PUBLISHED,Life expectancy (at birth),Oman,TOTAL,73.91615999
90E2E48WHOSIS_000001,WHOSIS_000001,90E2E48,WHOSIS_000001,2012,YEAR,784,COUNTRY,PUBLISHED,Life expectancy (at birth),United Arab Emirates,TOTAL,80.30618497
90E2E48WHOSIS_000001,WHOSIS_000001,90E2E48,WHOSIS_000001,2013,YEAR,192,COUNTRY,PUBLISHED,Life expectancy (at birth),Cuba,TOTAL,78.31147223
90E2E48WHOSIS_000001,WHOSIS_000001,90E2E48,WHOSIS_000001,2013,YEAR,524,COUNTRY,PUBLISHED,Life expectancy (at birth),Nepal,TOTAL,69.97888467
90E2E48WHOSIS_000001,WHOSIS_000001,90E2E48,WHOSIS_000001,2013,YEAR,586,COUNTRY,PUBLISHED,Life expectancy (at birth),Pakistan,TOTAL,65.10777782
90E2E48WHOSIS_000001,WHOSIS_000001,90E2E48,WHOSIS_000001,2012,YEAR,604,COUNTRY,PUBLISHED,Life expectancy (at birth),Peru,FEMALE,80.56538556
90E2E48WHOSIS_000001,WHOSIS_000001,90E2E48,WHOSIS_000001,2012,YEAR,724,COUNTRY,PUBLISHED,Life expectancy (at birth),Spain,FEMALE,84.71018414
90E2E48WHOSIS_000001,WHOSIS_000001,90E2E48,WHOSIS_000001,2006,YEAR,4,COUNTRY,PUBLISHED,Life expectancy (at birth),Afghanistan,MALE,56.5892561
90E2E48WHOSIS_000001,WHOSIS_000001,90E2E48,WHOSIS_000001,2006,YEAR,32,COUNTRY,PUBLISHED,Life expectancy (at birth),Argentina,MALE,72.09256341
90E2E48WHOSIS_000001,WHOSIS_000001,90E2E48,WHOSIS_000001,2018,YEAR,887,COUNTRY,PUBLISHED,Life expectancy (at birth),Yemen,MALE,63.16208768
90E2E48WHOSIS_000001,WHOSIS_000001,90E2E48,WHOSIS_000001,2018,YEAR,894,COUNTRY,PUBLISHED,Life expectancy (at birth),Zambia,MALE,59.07181004
90E2E48WHOSIS_000001,WHOSIS_000001,90E2E48,WHOSIS_000001,2006,YEAR,36,COUNTRY,PUBLISHED,Life expectancy (at birth),Australia,MALE,78.78668914
90E2E48WHOSIS_000001,WHOSIS_000001,90E2E48,WHOSIS_000001,2013,YEAR,554,COUNTRY,PUBLISHED,Life expectancy (at birth),New Zealand,TOTAL,81.36359879
90E2E48WHOSIS_000001,WHOSIS_000001,90E2E48,WHOSIS_000001,2013,YEAR,578,COUNTRY,PUBLISHED,Life expectancy (at birth),Norway,TOTAL,81.43412297
90E2E48WHOSIS_000001,WHOSIS_000001,90E2E48,WHOSIS_000001,2013,YEAR,604,COUNTRY,PUBLISHED,Life expectancy (at birth),Peru,TOTAL,79.48260244
90E2E48WHOSIS_000001,WHOSIS_000001,90E2E48,WHOSIS_000001,2013,YEAR,608,COUNTRY,PUBLISHED,Life expectancy (at birth),Philippines,TOTAL,69.44796065
90E2E48WHOSIS_000001,WHOSIS_000001,90E2E48,WHOSIS_000001,2013,YEAR,616,COUNTRY,PUBLISHED,Life expectancy (at birth),Poland,TOTAL,76.86531254
90E2E48WHOSIS_000001,WHOSIS_000001,90E2E48,WHOSIS_000001,2013,YEAR,620,COUNTRY,PUBLISHED,Life expectancy (at birth),Portugal,TOTAL,80.52727852
90E2E48WHOSIS_000001,WHOSIS_000001,90E2E48,WHOSIS_000001,2013,YEAR,642,COUNTRY,PUBLISHED,Life expectancy (at birth),Romania,TOTAL,75.00346495
90E2E48WHOSIS_000001,WHOSIS_000001,90E2E48,WHOSIS_000001,2013,YEAR,643,COUNTRY,PUBLISHED,Life expectancy (at birth),Russian Federation,TOTAL,70.69584464
90E2E48WHOSIS_000001,WHOSIS_000001,90E2E48,WHOSIS_000001,2008,YEAR,578,COUNTRY,PUBLISHED,Life expectancy (at birth),Norway,MALE,78.24886933
90E2E48WHOSIS_000001,WHOSIS_000001,90E2E48,WHOSIS_000001,2008,YEAR,512,COUNTRY,PUBLISHED,Life expectancy (at birth),Oman,MALE,70.79719929
90E2E48WHOSIS_000001,WHOSIS_000001,90E2E48,WHOSIS_000001,2008,YEAR,524,COUNTRY,PUBLISHED,Life expectancy (at birth),Nepal,MALE,67.57890602
90E2E48WHOSIS_000001,WHOSIS_000001,90E2E48,WHOSIS_000001,2013,YEAR,634,COUNTRY,PUBLISHED,Life expectancy (at birth),Qatar,TOTAL,75.79521614
90E2E48WHOSIS_000001,WHOSIS_000001,90E2E48,WHOSIS_000001,2013,YEAR,682,COUNTRY,PUBLISHED,Life expectancy (at birth),Saudi Arabia,TOTAL,77.33139242
90E2E48WHOSIS_000001,WHOSIS_000001,90E2E48,WHOSIS_000001,2013,YEAR,50,COUNTRY,PUBLISHED,Life expectancy (at birth),Bangladesh,TOTAL,72.59072924
90E2E48WHOSIS_000001,WHOSIS_000001,90E2E48,WHOSIS_000001,2013,YEAR,56,COUNTRY,PUBLISHED,Life expectancy (at birth),Belgium,TOTAL,80.32474948
90E2E48WHOSIS_000001,WHOSIS_000001,90E2E48,WHOSIS_000001,2013,YEAR,48,COUNTRY,PUBLISHED,Life expectancy (at birth),Bahrain,TOTAL,75.02710867
90E2E48WHOSIS_000001,WHOSIS_000001,90E2E48,WHOSIS_000001,2013,YEAR,76,COUNTRY,PUBLISHED,Life expectancy (at birth),Brazil,TOTAL,74.42169527
90E2E48WHOSIS_000001,WHOSIS_000001,90E2E48,WHOSIS_000001,2017,YEAR,352,COUNTRY,PUBLISHED,Life expectancy (at birth),Iceland,TOTAL,82.27340584
90E2E48WHOSIS_000001,WHOSIS_000001,90E2E48,WHOSIS_000001,2017,YEAR,356,COUNTRY,PUBLISHED,Life expectancy (at birth),India,TOTAL,70.06082604
90E2E48WHOSIS_000001,WHOSIS_000001,90E2E48,WHOSIS_000001,2017,YEAR,840,COUNTRY,PUBLISHED,Life expectancy (at birth),United States of America,TOTAL,78.50077044
90E2E48WHOSIS_000001,WHOSIS_000001,90E2E48,WHOSIS_000001,2013,YEAR,104,COUNTRY,PUBLISHED,Life expectancy (at birth),Myanmar,TOTAL,66.44771624
90E2E48WHOSIS_000001,WHOSIS_000001,90E2E48,WHOSIS_000001,2017,YEAR,887,COUNTRY,PUBLISHED,Life expectancy (at birth),Yemen,TOTAL,67.67597451
90E2E48WHOSIS_000001,WHOSIS_000001,90E2E48,WHOSIS_000001,2018,YEAR,392,COUNTRY,PUBLISHED,Life expectancy (at birth),Japan,TOTAL,84.35134487
90E2E48WHOSIS_000001,WHOSIS_000001,90E2E48,WHOSIS_000001,2018,YEAR,398,COUNTRY,PUBLISHED,Life expectancy (at birth),Kazakhstan,TOTAL,73.16779578
90E2E48WHOSIS_000001,WHOSIS_000001,90E2E48,WHOSIS_000001,2018,YEAR,400,COUNTRY,PUBLISHED,Life expectancy (at birth),Jordan,TOTAL,79.63154866
90E2E48WHOSIS_000001,WHOSIS_000001,90E2E48,WHOSIS_000001,2018,YEAR,404,COUNTRY,PUBLISHED,Life expectancy (at birth),Kenya,TOTAL,66.06922549
90E2E48WHOSIS_000001,WHOSIS_000001,90E2E48,WHOSIS_000001,2017,YEAR,894,COUNTRY,PUBLISHED,Life expectancy (at birth),Zambia,TOTAL,61.28533224
90E2E48WHOSIS_000001,WHOSIS_000001,90E2E48,WHOSIS_000001,2018,YEAR,388,COUNTRY,PUBLISHED,Life expectancy (at birth),Jamaica,TOTAL,72.51790169
90E2E48WHOSIS_000001,WHOSIS_000001,90E2E48,WHOSIS_000001,2018,YEAR,414,COUNTRY,PUBLISHED,Life expectancy (at birth),Kuwait,TOTAL,82.93662831
90E2E48WHOSIS_000001,WHOSIS_000001,90E2E48,WHOSIS_000001,2018,YEAR,410,COUNTRY,PUBLISHED,Life expectancy (at birth),Republic of Korea,TOTAL,83.15048365
90E2E48WHOSIS_000001,WHOSIS_000001,90E2E48,WHOSIS_000001,2018,YEAR,434,COUNTRY,PUBLISHED,Life expectancy (at birth),Libya,TOTAL,73.52909525
90E2E48WHOSIS_000001,WHOSIS_000001,90E2E48,WHOSIS_000001,2018,YEAR,484,COUNTRY,PUBLISHED,Life expectancy (at birth),Mexico,TOTAL,75.91673747
90E2E48WHOSIS_000001,WHOSIS_000001,90E2E48,WHOSIS_000001,2018,YEAR,480,COUNTRY,PUBLISHED,Life expectancy (at birth),Mauritius,TOTAL,74.02503816
90E2E48WHOSIS_000001,WHOSIS_000001,90E2E48,WHOSIS_000001,2018,YEAR,192,COUNTRY,PUBLISHED,Life expectancy (at birth),Cuba,TOTAL,77.85421876
90E2E48WHOSIS_000001,WHOSIS_000001,90E2E48,WHOSIS_000001,2018,YEAR,586,COUNTRY,PUBLISHED,Life expectancy (at birth),Pakistan,TOTAL,66.73689511
90E2E48WHOSIS_000001,WHOSIS_000001,90E2E48,WHOSIS_000001,2000,YEAR,480,COUNTRY,PUBLISHED,Life expectancy (at birth),Mauritius,TOTAL,71.13541086
90E2E48WHOSIS_000001,WHOSIS_000001,90E2E48,WHOSIS_000001,2000,YEAR,484,COUNTRY,PUBLISHED,Life expectancy (at birth),Mexico,TOTAL,74.21831002
90E2E48WHOSIS_000001,WHOSIS_000001,90E2E48,WHOSIS_000001,2000,YEAR,496,COUNTRY,PUBLISHED,Life expectancy (at birth),Mongolia,TOTAL,63.19839599
90E2E48WHOSIS_000001,WHOSIS_000001,90E2E48,WHOSIS_000001,2000,YEAR,512,COUNTRY,PUBLISHED,Life expectancy (at birth),Oman,TOTAL,71.65888476
90E2E48WHOSIS_000001,WHOSIS_000001,90E2E48,WHOSIS_000001,2000,YEAR,554,COUNTRY,PUBLISHED,Life expectancy (at birth),New Zealand,TOTAL,78.57519182
90E2E48WHOSIS_000001,WHOSIS_000001,90E2E48,WHOSIS_000001,2000,YEAR,524,COUNTRY,PUBLISHED,Life expectancy (at birth),Nepal,TOTAL,65.36598722
90E2E48WHOSIS_000001,WHOSIS_000001,90E2E48,WHOSIS_000001,2000,YEAR,578,COUNTRY,PUBLISHED,Life expectancy (at birth),Norway,TOTAL,78.53510862
90E2E48WHOSIS_000001,WHOSIS_000001,90E2E48,WHOSIS_000001,2000,YEAR,586,COUNTRY,PUBLISHED,Life expectancy (at birth),Pakistan,TOTAL,61.40857442
90E2E48WHOSIS_000001,WHOSIS_000001,90E2E48,WHOSIS_000001,2000,YEAR,604,COUNTRY,PUBLISHED,Life expectancy (at birth),Peru,TOTAL,75.12364237
90E2E48WHOSIS_000001,WHOSIS_000001,90E2E48,WHOSIS_000001,2000,YEAR,608,COUNTRY,PUBLISHED,Life expectancy (at birth),Philippines,TOTAL,69.97452897
90E2E48WHOSIS_000001,WHOSIS_000001,90E2E48,WHOSIS_000001,2000,YEAR,616,COUNTRY,PUBLISHED,Life expectancy (at birth),Poland,TOTAL,73.69538073
90E2E48WHOSIS_000001,WHOSIS_000001,90E2E48,WHOSIS_000001,2000,YEAR,840,COUNTRY,PUBLISHED,Life expectancy (at birth),United States of America,TOTAL,76.65847648
90E2E48WHOSIS_000001,WHOSIS_000001,90E2E48,WHOSIS_000001,2000,YEAR,894,COUNTRY,PUBLISHED,Life expectancy (at birth),Zambia,TOTAL,44.52713939
90E2E48WHOSIS_000001,WHOSIS_000001,90E2E48,WHOSIS_000001,2000,YEAR,887,COUNTRY,PUBLISHED,Life expectancy (at birth),Yemen,TOTAL,63.08164608
90E2E48WHOSIS_000001,WHOSIS_000001,90E2E48,WHOSIS_000001,2017,YEAR,954,WHOREGION,PUBLISHED,Life expectancy (at birth),Americas,FEMALE,79.55112715
90E2E48WHOSIS_000001,WHOSIS_000001,90E2E48,WHOSIS_000001,2000,YEAR,955,WHOREGION,PUBLISHED,Life expectancy (at birth),South-East Asia,TOTAL,64.06863574
90E2E48WHOSIS_000001,WHOSIS_000001,90E2E48,WHOSIS_000001,2000,YEAR,956,WHOREGION,PUBLISHED,Life expectancy (at birth),Europe,TOTAL,72.39957333
90E2E48WHOSIS_000001,WHOSIS_000001,90E2E48,WHOSIS_000001,2000,YEAR,953,WHOREGION,PUBLISHED,Life expectancy (at birth),Africa,TOTAL,52.98151168
90E2E48WHOSIS_000001,WHOSIS_000001,90E2E48,WHOSIS_000001,2001,YEAR,4,COUNTRY,PUBLISHED,Life expectancy (at birth),Afghanistan,TOTAL,53.91018761
90E2E48WHOSIS_000001,WHOSIS_000001,90E2E48,WHOSIS_000001,2008,YEAR,554,COUNTRY,PUBLISHED,Life expectancy (at birth),New Zealand,MALE,78.33132458
90E2E48WHOSIS_000001,WHOSIS_000001,90E2E48,WHOSIS_000001,2008,YEAR,586,COUNTRY,PUBLISHED,Life expectancy (at birth),Pakistan,MALE,62.91081338
90E2E48WHOSIS_000001,WHOSIS_000001,90E2E48,WHOSIS_000001,2020,YEAR,352,COUNTRY,PUBLISHED,Life expectancy (at birth),Iceland,MALE,81.27024511
90E2E48WHOSIS_000001,WHOSIS_000001,90E2E48,WHOSIS_000001,2020,YEAR,356,COUNTRY,PUBLISHED,Life expectancy (at birth),India,MALE,68.40590232
90E2E48WHOSIS_000001,WHOSIS_000001,90E2E48,WHOSIS_000001,2020,YEAR,360,COUNTRY,PUBLISHED,Life expectancy (at birth),Indonesia,MALE,67.60184694
90E2E48WHOSIS_000001,WHOSIS_000001,90E2E48,WHOSIS_000001,2020,YEAR,364,COUNTRY,PUBLISHED,Life expectancy (at birth),Iran (Islamic Republic of),MALE,73.32479191
90E2E48WHOSIS_000001,WHOSIS_000001,90E2E48,WHOSIS_000001,2001,YEAR,170,COUNTRY,PUBLISHED,Life expectancy (at birth),Colombia,TOTAL,72.62895792
90E2E48WHOSIS_000001,WHOSIS_000001,90E2E48,WHOSIS_000001,2001,YEAR,192,COUNTRY,PUBLISHED,Life expectancy (at birth),Cuba,TOTAL,76.71378311
90E2E48WHOSIS_000001,WHOSIS_000001,90E2E48,WHOSIS_000001,2002,YEAR,634,COUNTRY,PUBLISHED,Life expectancy (at birth),Qatar,TOTAL,70.33186981
90E2E48WHOSIS_000001,WHOSIS_000001,90E2E48,WHOSIS_000001,2002,YEAR,642,COUNTRY,PUBLISHED,Life expectancy (at birth),Romania,TOTAL,70.90278508
90E2E48WHOSIS_000001,WHOSIS_000001,90E2E48,WHOSIS_000001,2002,YEAR,643,COUNTRY,PUBLISHED,Life expectancy (at birth),Russian Federation,TOTAL,64.86108252
90E2E48WHOSIS_000001,WHOSIS_000001,90E2E48,WHOSIS_000001,2006,YEAR,953,WHOREGION,PUBLISHED,Life expectancy (at birth),Africa,TOTAL,56.4398241
90E2E48WHOSIS_000001,WHOSIS_000001,90E2E48,WHOSIS_000001,2017,YEAR,954,WHOREGION,PUBLISHED,Life expectancy (at birth),Americas,TOTAL,76.8394961
90E2E48WHOSIS_000001,WHOSIS_000001,90E2E48,WHOSIS_000001,2006,YEAR,955,WHOREGION,PUBLISHED,Life expectancy (at birth),South-East Asia,TOTAL,66.65395623
90E2E48WHOSIS_000001,WHOSIS_000001,90E2E48,WHOSIS_000001,2002,YEAR,702,COUNTRY,PUBLISHED,Life expectancy (at birth),Singapore,TOTAL,79.33785577
90E2E48WHOSIS_000001,WHOSIS_000001,90E2E48,WHOSIS_000001,2002,YEAR,682,COUNTRY,PUBLISHED,Life expectancy (at birth),Saudi Arabia,TOTAL,71.0757645
90E2E48WHOSIS_000001,WHOSIS_000001,90E2E48,WHOSIS_000001,2002,YEAR,752,COUNTRY,PUBLISHED,Life expectancy (at birth),Sweden,TOTAL,79.75650347
90E2E48WHOSIS_000001,WHOSIS_000001,90E2E48,WHOSIS_000001,2002,YEAR,756,COUNTRY,PUBLISHED,Life expectancy (at birth),Switzerland,TOTAL,80.41025592
90E2E48WHOSIS_000001,WHOSIS_000001,90E2E48,WHOSIS_000001,2002,YEAR,706,COUNTRY,PUBLISHED,Life expectancy (at birth),Somalia,TOTAL,49.39676377
90E2E48WHOSIS_000001,WHOSIS_000001,90E2E48,WHOSIS_000001,2002,YEAR,710,COUNTRY,PUBLISHED,Life expectancy (at birth),South Africa,TOTAL,54.31987896
90E2E48WHOSIS_000001,WHOSIS_000001,90E2E48,WHOSIS_000001,2002,YEAR,716,COUNTRY,PUBLISHED,Life expectancy (at birth),Zimbabwe,TOTAL,45.11250007
90E2E48WHOSIS_000001,WHOSIS_000001,90E2E48,WHOSIS_000001,2002,YEAR,724,COUNTRY,PUBLISHED,Life expectancy (at birth),Spain,TOTAL,79.48845207
90E2E48WHOSIS_000001,WHOSIS_000001,90E2E48,WHOSIS_000001,2003,YEAR,246,COUNTRY,PUBLISHED,Life expectancy (at birth),Finland,TOTAL,78.41020069
90E2E48WHOSIS_000001,WHOSIS_000001,90E2E48,WHOSIS_000001,2003,YEAR,250,COUNTRY,PUBLISHED,Life expectancy (at birth),France,TOTAL,79.09102734
90E2E48WHOSIS_000001,WHOSIS_000001,90E2E48,WHOSIS_000001,2003,YEAR,268,COUNTRY,PUBLISHED,Life expectancy (at birth),Georgia,TOTAL,70.79663901
90E2E48WHOSIS_000001,WHOSIS_000001,90E2E48,WHOSIS_000001,2003,YEAR,894,COUNTRY,PUBLISHED,Life expectancy (at birth),Zambia,TOTAL,47.10240747
90E2E48WHOSIS_000001,WHOSIS_000001,90E2E48,WHOSIS_000001,2018,YEAR,954,WHOREGION,PUBLISHED,Life expectancy (at birth),Americas,MALE,74.29790567
90E2E48WHOSIS_000001,WHOSIS_000001,90E2E48,WHOSIS_000001,2003,YEAR,955,WHOREGION,PUBLISHED,Life expectancy (at birth),South-East Asia,TOTAL,65.44284512
90E2E48WHOSIS_000001,WHOSIS_000001,90E2E48,WHOSIS_000001,2003,YEAR,956,WHOREGION,PUBLISHED,Life expectancy (at birth),Europe,TOTAL,72.7931665
90E2E48WHOSIS_000001,WHOSIS_000001,90E2E48,WHOSIS_000001,2003,YEAR,887,COUNTRY,PUBLISHED,Life expectancy (at birth),Yemen,TOTAL,64.67397283
90E2E48WHOSIS_000001,WHOSIS_000001,90E2E48,WHOSIS_000001,2003,YEAR,953,WHOREGION,PUBLISHED,Life expectancy (at birth),Africa,TOTAL,54.27104176
90E2E48WHOSIS_000001,WHOSIS_000001,90E2E48,WHOSIS_000001,2004,YEAR,32,COUNTRY,PUBLISHED,Life expectancy (at birth),Argentina,TOTAL,74.90566583
90E2E48WHOSIS_000001,WHOSIS_000001,90E2E48,WHOSIS_000001,2004,YEAR,36,COUNTRY,PUBLISHED,Life expectancy (at birth),Australia,TOTAL,80.75565777
90E2E48WHOSIS_000001,WHOSIS_000001,90E2E48,WHOSIS_000001,2004,YEAR,4,COUNTRY,PUBLISHED,Life expectancy (at birth),Afghanistan,TOTAL,56.47652053
90E2E48WHOSIS_000001,WHOSIS_000001,90E2E48,WHOSIS_000001,2008,YEAR,604,COUNTRY,PUBLISHED,Life expectancy (at birth),Peru,MALE,77.33939747
90E2E48WHOSIS_000001,WHOSIS_000001,90E2E48,WHOSIS_000001,2008,YEAR,608,COUNTRY,PUBLISHED,Life expectancy (at birth),Philippines,MALE,65.62685705
90E2E48WHOSIS_000001,WHOSIS_000001,90E2E48,WHOSIS_000001,2008,YEAR,616,COUNTRY,PUBLISHED,Life expectancy (at birth),Poland,MALE,71.16781499
90E2E48WHOSIS_000001,WHOSIS_000001,90E2E48,WHOSIS_000001,2008,YEAR,620,COUNTRY,PUBLISHED,Life expectancy (at birth),Portugal,MALE,76.00351533
90E2E48WHOSIS_000001,WHOSIS_000001,90E2E48,WHOSIS_000001,2020,YEAR,368,COUNTRY,PUBLISHED,Life expectancy (at birth),Iraq,MALE,67.09464015
90E2E48WHOSIS_000001,WHOSIS_000001,90E2E48,WHOSIS_000001,2021,YEAR,4,COUNTRY,PUBLISHED,Life expectancy (at birth),Afghanistan,MALE,57.40378236
90E2E48WHOSIS_000001,WHOSIS_000001,90E2E48,WHOSIS_000001,2020,YEAR,372,COUNTRY,PUBLISHED,Life expectancy (at birth),Ireland,MALE,79.92957461
90E2E48WHOSIS_000001,WHOSIS_000001,90E2E48,WHOSIS_000001,2018,YEAR,954,WHOREGION,PUBLISHED,Life expectancy (at birth),Americas,FEMALE,79.69618482
90E2E48WHOSIS_000001,WHOSIS_000001,90E2E48,WHOSIS_000001,2020,YEAR,955,WHOREGION,PUBLISHED,Life expectancy (at birth),South-East Asia,MALE,68.74875179
90E2E48WHOSIS_000001,WHOSIS_000001,90E2E48,WHOSIS_000001,2020,YEAR,956,WHOREGION,PUBLISHED,Life expectancy (at birth),Europe,MALE,73.70769867
90E2E48WHOSIS_000001,WHOSIS_000001,90E2E48,WHOSIS_000001,2004,YEAR,752,COUNTRY,PUBLISHED,Life expectancy (at birth),Sweden,TOTAL,80.35214323
90E2E48WHOSIS_000001,WHOSIS_000001,90E2E48,WHOSIS_000001,2004,YEAR,756,COUNTRY,PUBLISHED,Life expectancy (at birth),Switzerland,TOTAL,80.94173199
90E2E48WHOSIS_000001,WHOSIS_000001,90E2E48,WHOSIS_000001,2004,YEAR,764,COUNTRY,PUBLISHED,Life expectancy (at birth),Thailand,TOTAL,72.04096222
90E2E48WHOSIS_000001,WHOSIS_000001,90E2E48,WHOSIS_000001,2005,YEAR,524,COUNTRY,PUBLISHED,Life expectancy (at birth),Nepal,TOTAL,68.18944823
90E2E48WHOSIS_000001,WHOSIS_000001,90E2E48,WHOSIS_000001,2005,YEAR,578,COUNTRY,PUBLISHED,Life expectancy (at birth),Norway,TOTAL,80.05177352
90E2E48WHOSIS_000001,WHOSIS_000001,90E2E48,WHOSIS_000001,2005,YEAR,586,COUNTRY,PUBLISHED,Life expectancy (at birth),Pakistan,TOTAL,61.99158191
90E2E48WHOSIS_000001,WHOSIS_000001,90E2E48,WHOSIS_000001,2005,YEAR,554,COUNTRY,PUBLISHED,Life expectancy (at birth),New Zealand,TOTAL,79.93637338
90E2E48WHOSIS_000001,WHOSIS_000001,90E2E48,WHOSIS_000001,2005,YEAR,512,COUNTRY,PUBLISHED,Life expectancy (at birth),Oman,TOTAL,73.361458
90E2E48WHOSIS_000001,WHOSIS_000001,90E2E48,WHOSIS_000001,2005,YEAR,604,COUNTRY,PUBLISHED,Life expectancy (at birth),Peru,TOTAL,77.53672089
90E2E48WHOSIS_000001,WHOSIS_000001,90E2E48,WHOSIS_000001,2005,YEAR,608,COUNTRY,PUBLISHED,Life expectancy (at birth),Philippines,TOTAL,69.36187224
90E2E48WHOSIS_000001,WHOSIS_000001,90E2E48,WHOSIS_000001,2005,YEAR,616,COUNTRY,PUBLISHED,Life expectancy (at birth),Poland,TOTAL,74.89551806
90E2E48WHOSIS_000001,WHOSIS_000001,90E2E48,WHOSIS_000001,2005,YEAR,620,COUNTRY,PUBLISHED,Life expectancy (at birth),Portugal,TOTAL,77.99178078
90E2E48WHOSIS_000001,WHOSIS_000001,90E2E48,WHOSIS_000001,2006,YEAR,352,COUNTRY,PUBLISHED,Life expectancy (at birth),Iceland,TOTAL,81.03602001
90E2E48WHOSIS_000001,WHOSIS_000001,90E2E48,WHOSIS_000001,2006,YEAR,356,COUNTRY,PUBLISHED,Life expectancy (at birth),India,TOTAL,65.87842362
90E2E48WHOSIS_000001,WHOSIS_000001,90E2E48,WHOSIS_000001,2006,YEAR,360,COUNTRY,PUBLISHED,Life expectancy (at birth),Indonesia,TOTAL,68.40129097
90E2E48WHOSIS_000001,WHOSIS_000001,90E2E48,WHOSIS_000001,2006,YEAR,372,COUNTRY,PUBLISHED,Life expectancy (at birth),Ireland,TOTAL,79.06563288
90E2E48WHOSIS_000001,WHOSIS_000001,90E2E48,WHOSIS_000001,2006,YEAR,376,COUNTRY,PUBLISHED,Life expectancy (at birth),Israel,TOTAL,79.95901874
90E2E48WHOSIS_000001,WHOSIS_000001,90E2E48,WHOSIS_000001,2006,YEAR,380,COUNTRY,PUBLISHED,Life expectancy (at birth),Italy,TOTAL,81.06442613
90E2E48WHOSIS_000001,WHOSIS_000001,90E2E48,WHOSIS_000001,2006,YEAR,364,COUNTRY,PUBLISHED,Life expectancy (at birth),Iran (Islamic Republic of),TOTAL,75.20305104
90E2E48WHOSIS_000001,WHOSIS_000001,90E2E48,WHOSIS_000001,2006,YEAR,368,COUNTRY,PUBLISHED,Life expectancy (at birth),Iraq,TOTAL,67.66517621
90E2E48WHOSIS_000001,WHOSIS_000001,90E2E48,WHOSIS_000001,2006,YEAR,398,COUNTRY,PUBLISHED,Life expectancy (at birth),Kazakhstan,TOTAL,65.42456634
90E2E48WHOSIS_000001,WHOSIS_000001,90E2E48,WHOSIS_000001,2006,YEAR,400,COUNTRY,PUBLISHED,Life expectancy (at birth),Jordan,TOTAL,73.85308999
90E2E48WHOSIS_000001,WHOSIS_000001,90E2E48,WHOSIS_000001,2006,YEAR,404,COUNTRY,PUBLISHED,Life expectancy (at birth),Kenya,TOTAL,57.46429328
90E2E48WHOSIS_000001,WHOSIS_000001,90E2E48,WHOSIS_000001,2006,YEAR,388,COUNTRY,PUBLISHED,Life expectancy (at birth),Jamaica,TOTAL,74.44972953
90E2E48WHOSIS_000001,WHOSIS_000001,90E2E48,WHOSIS_000001,2006,YEAR,392,COUNTRY,PUBLISHED,Life expectancy (at birth),Japan,TOTAL,82.59216336
90E2E48WHOSIS_000001,WHOSIS_000001,90E2E48,WHOSIS_000001,2006,YEAR,410,COUNTRY,PUBLISHED,Life expectancy (at birth),Republic of Korea,TOTAL,78.96689178
90E2E48WHOSIS_000001,WHOSIS_000001,90E2E48,WHOSIS_000001,2006,YEAR,414,COUNTRY,PUBLISHED,Life expectancy (at birth),Kuwait,TOTAL,78.57389835
90E2E48WHOSIS_000001,WHOSIS_000001,90E2E48,WHOSIS_000001,2008,YEAR,268,COUNTRY,PUBLISHED,Life expectancy (at birth),Georgia,TOTAL,71.71817156
90E2E48WHOSIS_000001,WHOSIS_000001,90E2E48,WHOSIS_000001,2008,YEAR,246,COUNTRY,PUBLISHED,Life expectancy (at birth),Finland,TOTAL,79.5834765
90E2E48WHOSIS_000001,WHOSIS_000001,90E2E48,WHOSIS_000001,2008,YEAR,250,COUNTRY,PUBLISHED,Life expectancy (at birth),France,TOTAL,80.87497757
90E2E48WHOSIS_000001,WHOSIS_000001,90E2E48,WHOSIS_000001,2008,YEAR,276,COUNTRY,PUBLISHED,Life expectancy (at birth),Germany,TOTAL,79.87792037
90E2E48WHOSIS_000001,WHOSIS_000001,90E2E48,WHOSIS_000001,2008,YEAR,300,COUNTRY,PUBLISHED,Life expectancy (at birth),Greece,TOTAL,79.9292479
90E2E48WHOSIS_000001,WHOSIS_000001,90E2E48,WHOSIS_000001,2008,YEAR,308,COUNTRY,PUBLISHED,Life expectancy (at birth),Grenada,TOTAL,70.92544169
90E2E48WHOSIS_000001,WHOSIS_000001,90E2E48,WHOSIS_000001,2008,YEAR,352,COUNTRY,PUBLISHED,Life expectancy (at birth),Iceland,TOTAL,81.29367071
90E2E48WHOSIS_000001,WHOSIS_000001,90E2E48,WHOSIS_000001,2008,YEAR,364,COUNTRY,PUBLISHED,Life expectancy (at birth),Iran (Islamic Republic of),TOTAL,75.92719356
90E2E48WHOSIS_000001,WHOSIS_000001,90E2E48,WHOSIS_000001,2008,YEAR,368,COUNTRY,PUBLISHED,Life expectancy (at birth),Iraq,TOTAL,69.80976267
90E2E48WHOSIS_000001,WHOSIS_000001,90E2E48,WHOSIS_000001,2008,YEAR,372,COUNTRY,PUBLISHED,Life expectancy (at birth),Ireland,TOTAL,79.58286978
90E2E48WHOSIS_000001,WHOSIS_000001,90E2E48,WHOSIS_000001,2008,YEAR,356,COUNTRY,PUBLISHED,Life expectancy (at birth),India,TOTAL,66.42718453
90E2E48WHOSIS_000001,WHOSIS_000001,90E2E48,WHOSIS_000001,2008,YEAR,360,COUNTRY,PUBLISHED,Life expectancy (at birth),Indonesia,TOTAL,68.84079087
90E2E48WHOSIS_000001,WHOSIS_000001,90E2E48,WHOSIS_000001,2021,YEAR,56,COUNTRY,PUBLISHED,Life expectancy (at birth),Belgium,MALE,79.28523112
90E2E48WHOSIS_000001,WHOSIS_000001,90E2E48,WHOSIS_000001,2021,YEAR,32,COUNTRY,PUBLISHED,Life expectancy (at birth),Argentina,MALE,71.59453095
90E2E48WHOSIS_000001,WHOSIS_000001,90E2E48,WHOSIS_000001,2021,YEAR,36,COUNTRY,PUBLISHED,Life expectancy (at birth),Australia,MALE,81.3088329
90E2E48WHOSIS_000001,WHOSIS_000001,90E2E48,WHOSIS_000001,2021,YEAR,48,COUNTRY,PUBLISHED,Life expectancy (at birth),Bahrain,MALE,73.81989739
90E2E48WHOSIS_000001,WHOSIS_000001,90E2E48,WHOSIS_000001,2021,YEAR,50,COUNTRY,PUBLISHED,Life expectancy (at birth),Bangladesh,MALE,71.64660725
90E2E48WHOSIS_000001,WHOSIS_000001,90E2E48,WHOSIS_000001,2021,YEAR,702,COUNTRY,PUBLISHED,Life expectancy (at birth),Singapore,MALE,81.57605503
90E2E48WHOSIS_000001,WHOSIS_000001,90E2E48,WHOSIS_000001,2021,YEAR,76,COUNTRY,PUBLISHED,Life expectancy (at birth),Brazil,MALE,69.04410946
90E2E48WHOSIS_000001,WHOSIS_000001,90E2E48,WHOSIS_000001,2021,YEAR,682,COUNTRY,PUBLISHED,Life expectancy (at birth),Saudi Arabia,MALE,75.7321027
90E2E48WHOSIS_000001,WHOSIS_000001,90E2E48,WHOSIS_000001,2021,YEAR,752,COUNTRY,PUBLISHED,Life expectancy (at birth),Sweden,MALE,81.02212976
90E2E48WHOSIS_000001,WHOSIS_000001,90E2E48,WHOSIS_000001,2021,YEAR,706,COUNTRY,PUBLISHED,Life expectancy (at birth),Somalia,MALE,51.74982512
90E2E48WHOSIS_000001,WHOSIS_000001,90E2E48,WHOSIS_000001,2021,YEAR,710,COUNTRY,PUBLISHED,Life expectancy (at birth),South Africa,MALE,58.90287177
90E2E48WHOSIS_000001,WHOSIS_000001,90E2E48,WHOSIS_000001,2021,YEAR,716,COUNTRY,PUBLISHED,Life expectancy (at birth),Zimbabwe,MALE,56.19460869
90E2E48WHOSIS_000001,WHOSIS_000001,90E2E48,WHOSIS_000001,2021,YEAR,724,COUNTRY,PUBLISHED,Life expectancy (at birth),Spain,MALE,79.98630023
90E2E48WHOSIS_000001,WHOSIS_000001,90E2E48,WHOSIS_000001,2021,YEAR,756,COUNTRY,PUBLISHED,Life expectancy (at birth),Switzerland,MALE,81.48440921
90E2E48WHOSIS_000001,WHOSIS_000001,90E2E48,WHOSIS_000001,2005,YEAR,682,COUNTRY,PUBLISHED,Life expectancy (at birth),Saudi Arabia,MALE,70.90168006
90E2E48WHOSIS_000001,WHOSIS_000001,90E2E48,WHOSIS_000001,2005,YEAR,634,COUNTRY,PUBLISHED,Life expectancy (at birth),Qatar,MALE,70.1695272
90E2E48WHOSIS_000001,WHOSIS_000001,90E2E48,WHOSIS_000001,2005,YEAR,642,COUNTRY,PUBLISHED,Life expectancy (at birth),Romania,MALE,68.64666021
90E2E48WHOSIS_000001,WHOSIS_000001,90E2E48,WHOSIS_000001,2005,YEAR,643,COUNTRY,PUBLISHED,Life expectancy (at birth),Russian Federation,MALE,58.80102016
90E2E48WHOSIS_000001,WHOSIS_000001,90E2E48,WHOSIS_000001,2005,YEAR,702,COUNTRY,PUBLISHED,Life expectancy (at birth),Singapore,MALE,78.23380842
90E2E48WHOSIS_000001,WHOSIS_000001,90E2E48,WHOSIS_000001,2005,YEAR,716,COUNTRY,PUBLISHED,Life expectancy (at birth),Zimbabwe,MALE,45.30671747
90E2E48WHOSIS_000001,WHOSIS_000001,90E2E48,WHOSIS_000001,2005,YEAR,724,COUNTRY,PUBLISHED,Life expectancy (at birth),Spain,MALE,76.80478776
90E2E48WHOSIS_000001,WHOSIS_000001,90E2E48,WHOSIS_000001,2005,YEAR,706,COUNTRY,PUBLISHED,Life expectancy (at birth),Somalia,MALE,47.68505982
90E2E48WHOSIS_000001,WHOSIS_000001,90E2E48,WHOSIS_000001,2005,YEAR,710,COUNTRY,PUBLISHED,Life expectancy (at birth),South Africa,MALE,50.40167314
90E2E48WHOSIS_000001,WHOSIS_000001,90E2E48,WHOSIS_000001,2005,YEAR,752,COUNTRY,PUBLISHED,Life expectancy (at birth),Sweden,MALE,78.31471805
90E2E48WHOSIS_000001,WHOSIS_000001,90E2E48,WHOSIS_000001,2006,YEAR,434,COUNTRY,PUBLISHED,Life expectancy (at birth),Libya,MALE,73.1793874
90E2E48WHOSIS_000001,WHOSIS_000001,90E2E48,WHOSIS_000001,2005,YEAR,756,COUNTRY,PUBLISHED,Life expectancy (at birth),Switzerland,MALE,78.57479849
90E2E48WHOSIS_000001,WHOSIS_000001,90E2E48,WHOSIS_000001,2007,YEAR,764,COUNTRY,PUBLISHED,Life expectancy (at birth),Thailand,MALE,70.73365645
90E2E48WHOSIS_000001,WHOSIS_000001,90E2E48,WHOSIS_000001,2008,YEAR,48,COUNTRY,PUBLISHED,Life expectancy (at birth),Bahrain,MALE,72.09018098
90E2E48WHOSIS_000001,WHOSIS_000001,90E2E48,WHOSIS_000001,2008,YEAR,50,COUNTRY,PUBLISHED,Life expectancy (at birth),Bangladesh,MALE,67.2234524
90E2E48WHOSIS_000001,WHOSIS_000001,90E2E48,WHOSIS_000001,2008,YEAR,32,COUNTRY,PUBLISHED,Life expectancy (at birth),Argentina,MALE,72.22337402
90E2E48WHOSIS_000001,WHOSIS_000001,90E2E48,WHOSIS_000001,2008,YEAR,36,COUNTRY,PUBLISHED,Life expectancy (at birth),Australia,MALE,79.18099974
90E2E48WHOSIS_000001,WHOSIS_000001,90E2E48,WHOSIS_000001,2018,YEAR,620,COUNTRY,PUBLISHED,Life expectancy (at birth),Portugal,MALE,78.02010294
90E2E48WHOSIS_000001,WHOSIS_000001,90E2E48,WHOSIS_000001,2018,YEAR,604,COUNTRY,PUBLISHED,Life expectancy (at birth),Peru,MALE,77.50992049
90E2E48WHOSIS_000001,WHOSIS_000001,90E2E48,WHOSIS_000001,2018,YEAR,608,COUNTRY,PUBLISHED,Life expectancy (at birth),Philippines,MALE,66.27631845
90E2E48WHOSIS_000001,WHOSIS_000001,90E2E48,WHOSIS_000001,2018,YEAR,616,COUNTRY,PUBLISHED,Life expectancy (at birth),Poland,MALE,73.73561922
90E2E48WHOSIS_000001,WHOSIS_000001,90E2E48,WHOSIS_000001,2018,YEAR,634,COUNTRY,PUBLISHED,Life expectancy (at birth),Qatar,MALE,78.23394922
90E2E48WHOSIS_000001,WHOSIS_000001,90E2E48,WHOSIS_000001,2018,YEAR,642,COUNTRY,PUBLISHED,Life expectancy (at birth),Romania,MALE,71.46308707
90E2E48WHOSIS_000001,WHOSIS_000001,90E2E48,WHOSIS_000001,2008,YEAR,376,COUNTRY,PUBLISHED,Life expectancy (at birth),Israel,MALE,78.32843201
90E2E48WHOSIS_000001,WHOSIS_000001,90E2E48,WHOSIS_000001,2008,YEAR,380,COUNTRY,PUBLISHED,Life expectancy (at birth),Italy,MALE,78.75230903
90E2E48WHOSIS_000001,WHOSIS_000001,90E2E48,WHOSIS_000001,2018,YEAR,840,COUNTRY,PUBLISHED,Life expectancy (at birth),United States of America,MALE,76.43795287
90E2E48WHOSIS_000001,WHOSIS_000001,90E2E48,WHOSIS_000001,2008,YEAR,434,COUNTRY,PUBLISHED,Life expectancy (at birth),Libya,MALE,72.62082059
90E2E48WHOSIS_000001,WHOSIS_000001,90E2E48,WHOSIS_000001,2019,YEAR,756,COUNTRY,PUBLISHED,Life expectancy (at birth),Switzerland,MALE,81.75939761
90E2E48WHOSIS_000001,WHOSIS_000001,90E2E48,WHOSIS_000001,2019,YEAR,764,COUNTRY,PUBLISHED,Life expectancy (at birth),Thailand,MALE,73.3049176
90E2E48WHOSIS_000001,WHOSIS_000001,90E2E48,WHOSIS_000001,2019,YEAR,752,COUNTRY,PUBLISHED,Life expectancy (at birth),Sweden,MALE,81.167954
90E2E48WHOSIS_000001,WHOSIS_000001,90E2E48,WHOSIS_000001,2019,YEAR,818,COUNTRY,PUBLISHED,Life expectancy (at birth),Egypt,MALE,68.97361605
90E2E48WHOSIS_000001,WHOSIS_000001,90E2E48,WHOSIS_000001,2019,YEAR,784,COUNTRY,PUBLISHED,Life expectancy (at birth),United Arab Emirates,MALE,80.97624201
90E2E48WHOSIS_000001,WHOSIS_000001,90E2E48,WHOSIS_000001,2019,YEAR,840,COUNTRY,PUBLISHED,Life expectancy (at birth),United States of America,MALE,76.53353103
90E2E48WHOSIS_000001,WHOSIS_000001,90E2E48,WHOSIS_000001,2020,YEAR,276,COUNTRY,PUBLISHED,Life expectancy (at birth),Germany,MALE,78.51577838
90E2E48WHOSIS_000001,WHOSIS_000001,90E2E48,WHOSIS_000001,2020,YEAR,300,COUNTRY,PUBLISHED,Life expectancy (at birth),Greece,MALE,78.49334594
90E2E48WHOSIS_000001,WHOSIS_000001,90E2E48,WHOSIS_000001,2020,YEAR,246,COUNTRY,PUBLISHED,Life expectancy (at birth),Finland,MALE,78.93672923
90E2E48WHOSIS_000001,WHOSIS_000001,90E2E48,WHOSIS_000001,2020,YEAR,250,COUNTRY,PUBLISHED,Life expectancy (at birth),France,MALE,79.06419181
90E2E48WHOSIS_000001,WHOSIS_000001,90E2E48,WHOSIS_000001,2020,YEAR,268,COUNTRY,PUBLISHED,Life expectancy (at birth),Georgia,MALE,68.32764147
90E2E48WHOSIS_000001,WHOSIS_000001,90E2E48,WHOSIS_000001,2020,YEAR,308,COUNTRY,PUBLISHED,Life expectancy (at birth),Grenada,MALE,72.85416597
90E2E48WHOSIS_000001,WHOSIS_000001,90E2E48,WHOSIS_000001,2020,YEAR,887,COUNTRY,PUBLISHED,Life expectancy (at birth),Yemen,MALE,63.72097686
90E2E48WHOSIS_000001,WHOSIS_000001,90E2E48,WHOSIS_000001,2020,YEAR,894,COUNTRY,PUBLISHED,Life expectancy (at birth),Zambia,MALE,59.46323371
90E2E48WHOSIS_000001,WHOSIS_000001,90E2E48,WHOSIS_000001,2020,YEAR,953,WHOREGION,PUBLISHED,Life expectancy (at birth),Africa,MALE,62.00152925
90E2E48WHOSIS_000001,WHOSIS_000001,90E2E48,WHOSIS_000001,2021,YEAR,554,COUNTRY,PUBLISHED,Life expectancy (at birth),New Zealand,MALE,80.36105381
90E2E48WHOSIS_000001,WHOSIS_000001,90E2E48,WHOSIS_000001,2009,YEAR,192,COUNTRY,PUBLISHED,Life expectancy (at birth),Cuba,MALE,76.08386617
90E2E48WHOSIS_000001,WHOSIS_000001,90E2E48,WHOSIS_000001,2021,YEAR,578,COUNTRY,PUBLISHED,Life expectancy (at birth),Norway,MALE,81.50302217
90E2E48WHOSIS_000001,WHOSIS_000001,90E2E48,WHOSIS_000001,2021,YEAR,604,COUNTRY,PUBLISHED,Life expectancy (at birth),Peru,MALE,68.81771054
90E2E48WHOSIS_000001,WHOSIS_000001,90E2E48,WHOSIS_000001,2021,YEAR,586,COUNTRY,PUBLISHED,Life expectancy (at birth),Pakistan,MALE,65.0767341
90E2E48WHOSIS_000001,WHOSIS_000001,90E2E48,WHOSIS_000001,2021,YEAR,620,COUNTRY,PUBLISHED,Life expectancy (at birth),Portugal,MALE,78.27280839
90E2E48WHOSIS_000001,WHOSIS_000001,90E2E48,WHOSIS_000001,2021,YEAR,643,COUNTRY,PUBLISHED,Life expectancy (at birth),Russian Federation,MALE,65.57146131
90E2E48WHOSIS_000001,WHOSIS_000001,90E2E48,WHOSIS_000001,2021,YEAR,634,COUNTRY,PUBLISHED,Life expectancy (at birth),Qatar,MALE,76.03086974
90E2E48WHOSIS_000001,WHOSIS_000001,90E2E48,WHOSIS_000001,2021,YEAR,642,COUNTRY,PUBLISHED,Life expectancy (at birth),Romania,MALE,69.20896236
90E2E48WHOSIS_000001,WHOSIS_000001,90E2E48,WHOSIS_000001,2021,YEAR,608,COUNTRY,PUBLISHED,Life expectancy (at birth),Philippines,MALE,63.397904
90E2E48WHOSIS_000001,WHOSIS_000001,90E2E48,WHOSIS_000001,2021,YEAR,616,COUNTRY,PUBLISHED,Life expectancy (at birth),Poland,MALE,71.5530382
90E2E48WHOSIS_000001,WHOSIS_000001,90E2E48,WHOSIS_000001,2019,YEAR,512,COUNTRY,PUBLISHED,Life expectancy (at birth),Oman,MALE,73.09120361
90E2E48WHOSIS_000001,WHOSIS_000001,90E2E48,WHOSIS_000001,2008,YEAR,192,COUNTRY,PUBLISHED,Life expectancy (at birth),Cuba,MALE,76.02503332
90E2E48WHOSIS_000001,WHOSIS_000001,90E2E48,WHOSIS_000001,2019,YEAR,578,COUNTRY,PUBLISHED,Life expectancy (at birth),Norway,MALE,81.12368172
90E2E48WHOSIS_000001,WHOSIS_000001,90E2E48,WHOSIS_000001,2019,YEAR,586,COUNTRY,PUBLISHED,Life expectancy (at birth),Pakistan,MALE,66.29626655
90E2E48WHOSIS_000001,WHOSIS_000001,90E2E48,WHOSIS_000001,2011,YEAR,250,COUNTRY,PUBLISHED,Life expectancy (at birth),France,MALE,78.35634992
90E2E48WHOSIS_000001,WHOSIS_000001,90E2E48,WHOSIS_000001,2011,YEAR,268,COUNTRY,PUBLISHED,Life expectancy (at birth),Georgia,MALE,67.57839371
90E2E48WHOSIS_000001,WHOSIS_000001,90E2E48,WHOSIS_000001,2019,YEAR,524,COUNTRY,PUBLISHED,Life expectancy (at birth),Nepal,MALE,69.55633104
90E2E48WHOSIS_000001,WHOSIS_000001,90E2E48,WHOSIS_000001,2019,YEAR,554,COUNTRY,PUBLISHED,Life expectancy (at birth),New Zealand,MALE,80.16043429
90E2E48WHOSIS_000001,WHOSIS_000001,90E2E48,WHOSIS_000001,2010,YEAR,604,COUNTRY,PUBLISHED,Life expectancy (at birth),Peru,MALE,76.66274247
90E2E48WHOSIS_000001,WHOSIS_000001,90E2E48,WHOSIS_000001,2011,YEAR,246,COUNTRY,PUBLISHED,Life expectancy (at birth),Finland,MALE,77.18588538
90E2E48WHOSIS_000001,WHOSIS_000001,90E2E48,WHOSIS_000001,2011,YEAR,276,COUNTRY,PUBLISHED,Life expectancy (at birth),Germany,MALE,78.13000152
90E2E48WHOSIS_000001,WHOSIS_000001,90E2E48,WHOSIS_000001,2011,YEAR,300,COUNTRY,PUBLISHED,Life expectancy (at birth),Greece,MALE,77.9644201
90E2E48WHOSIS_000001,WHOSIS_000001,90E2E48,WHOSIS_000001,2011,YEAR,308,COUNTRY,PUBLISHED,Life expectancy (at birth),Grenada,MALE,69.40242559
90E2E48WHOSIS_000001,WHOSIS_000001,90E2E48,WHOSIS_000001,2012,YEAR,380,COUNTRY,PUBLISHED,Life expectancy (at birth),Italy,MALE,79.4440715
90E2E48WHOSIS_000001,WHOSIS_000001,90E2E48,WHOSIS_000001,2012,YEAR,388,COUNTRY,PUBLISHED,Life expectancy (at birth),Jamaica,MALE,72.4255194
90E2E48WHOSIS_000001,WHOSIS_000001,90E2E48,WHOSIS_000001,2012,YEAR,392,COUNTRY,PUBLISHED,Life expectancy (at birth),Japan,MALE,80.27508688
90E2E48WHOSIS_000001,WHOSIS_000001,90E2E48,WHOSIS_000001,2011,YEAR,352,COUNTRY,PUBLISHED,Life expectancy (at birth),Iceland,MALE,80.24264858
90E2E48WHOSIS_000001,WHOSIS_000001,90E2E48,WHOSIS_000001,2011,YEAR,356,COUNTRY,PUBLISHED,Life expectancy (at birth),India,MALE,66.09357693
90E2E48WHOSIS_000001,WHOSIS_000001,90E2E48,WHOSIS_000001,2011,YEAR,360,COUNTRY,PUBLISHED,Life expectancy (at birth),Indonesia,MALE,67.81753714
90E2E48WHOSIS_000001,WHOSIS_000001,90E2E48,WHOSIS_000001,2011,YEAR,364,COUNTRY,PUBLISHED,Life expectancy (at birth),Iran (Islamic Republic of),MALE,75.17692796
90E2E48WHOSIS_000001,WHOSIS_000001,90E2E48,WHOSIS_000001,2011,YEAR,368,COUNTRY,PUBLISHED,Life expectancy (at birth),Iraq,MALE,68.63670078
90E2E48WHOSIS_000001,WHOSIS_000001,90E2E48,WHOSIS_000001,2011,YEAR,372,COUNTRY,PUBLISHED,Life expectancy (at birth),Ireland,MALE,78.30955762
90E2E48WHOSIS_000001,WHOSIS_000001,90E2E48,WHOSIS_000001,2012,YEAR,376,COUNTRY,PUBLISHED,Life expectancy (at birth),Israel,MALE,79.70269304
90E2E48WHOSIS_000001,WHOSIS_000001,90E2E48,WHOSIS_000001,2012,YEAR,398,COUNTRY,PUBLISHED,Life expectancy (at birth),Kazakhstan,MALE,64.81709716
90E2E48WHOSIS_000001,WHOSIS_000001,90E2E48,WHOSIS_000001,2010,YEAR,840,COUNTRY,PUBLISHED,Life expectancy (at birth),United States of America,MALE,76.37274162
90E2E48WHOSIS_000001,WHOSIS_000001,90E2E48,WHOSIS_000001,2012,YEAR,400,COUNTRY,PUBLISHED,Life expectancy (at birth),Jordan,MALE,77.51643041
90E2E48WHOSIS_000001,WHOSIS_000001,90E2E48,WHOSIS_000001,2012,YEAR,608,COUNTRY,PUBLISHED,Life expectancy (at birth),Philippines,MALE,65.75048194
90E2E48WHOSIS_000001,WHOSIS_000001,90E2E48,WHOSIS_000001,2012,YEAR,616,COUNTRY,PUBLISHED,Life expectancy (at birth),Poland,MALE,72.54592426
90E2E48WHOSIS_000001,WHOSIS_000001,90E2E48,WHOSIS_000001,2012,YEAR,620,COUNTRY,PUBLISHED,Life expectancy (at birth),Portugal,MALE,77.1225293
90E2E48WHOSIS_000001,WHOSIS_000001,90E2E48,WHOSIS_000001,2011,YEAR,586,COUNTRY,PUBLISHED,Life expectancy (at birth),Pakistan,MALE,63.76803379
90E2E48WHOSIS_000001,WHOSIS_000001,90E2E48,WHOSIS_000001,2011,YEAR,634,COUNTRY,PUBLISHED,Life expectancy (at birth),Qatar,MALE,73.38439037
90E2E48WHOSIS_000001,WHOSIS_000001,90E2E48,WHOSIS_000001,2011,YEAR,604,COUNTRY,PUBLISHED,Life expectancy (at birth),Peru,MALE,77.07948105
90E2E48WHOSIS_000001,WHOSIS_000001,90E2E48,WHOSIS_000001,2011,YEAR,608,COUNTRY,PUBLISHED,Life expectancy (at birth),Philippines,MALE,65.91201239
90E2E48WHOSIS_000001,WHOSIS_000001,90E2E48,WHOSIS_000001,2011,YEAR,616,COUNTRY,PUBLISHED,Life expectancy (at birth),Poland,MALE,72.4220703
90E2E48WHOSIS_000001,WHOSIS_000001,90E2E48,WHOSIS_000001,2011,YEAR,620,COUNTRY,PUBLISHED,Life expectancy (at birth),Portugal,MALE,77.05215317
90E2E48WHOSIS_000001,WHOSIS_000001,90E2E48,WHOSIS_000001,2011,YEAR,642,COUNTRY,PUBLISHED,Life expectancy (at birth),Romania,MALE,70.92045054
90E2E48WHOSIS_000001,WHOSIS_000001,90E2E48,WHOSIS_000001,2011,YEAR,784,COUNTRY,PUBLISHED,Life expectancy (at birth),United Arab Emirates,MALE,80.05557829
90E2E48WHOSIS_000001,WHOSIS_000001,90E2E48,WHOSIS_000001,2011,YEAR,643,COUNTRY,PUBLISHED,Life expectancy (at birth),Russian Federation,MALE,63.98568799
90E2E48WHOSIS_000001,WHOSIS_000001,90E2E48,WHOSIS_000001,2012,YEAR,682,COUNTRY,PUBLISHED,Life expectancy (at birth),Saudi Arabia,MALE,76.28317706
90E2E48WHOSIS_000001,WHOSIS_000001,90E2E48,WHOSIS_000001,2012,YEAR,706,COUNTRY,PUBLISHED,Life expectancy (at birth),Somalia,MALE,47.71723657
90E2E48WHOSIS_000001,WHOSIS_000001,90E2E48,WHOSIS_000001,2012,YEAR,710,COUNTRY,PUBLISHED,Life expectancy (at birth),South Africa,MALE,57.78488955
90E2E48WHOSIS_000001,WHOSIS_000001,90E2E48,WHOSIS_000001,2012,YEAR,716,COUNTRY,PUBLISHED,Life expectancy (at birth),Zimbabwe,MALE,52.56547076
90E2E48WHOSIS_000001,WHOSIS_000001,90E2E48,WHOSIS_000001,2010,YEAR,480,COUNTRY,PUBLISHED,Life expectancy (at birth),Mauritius,MALE,69.92552639
90E2E48WHOSIS_000001,WHOSIS_000001,90E2E48,WHOSIS_000001,2012,YEAR,702,COUNTRY,PUBLISHED,Life expectancy (at birth),Singapore,MALE,80.04081658
90E2E48WHOSIS_000001,WHOSIS_000001,90E2E48,WHOSIS_000001,2010,YEAR,484,COUNTRY,PUBLISHED,Life expectancy (at birth),Mexico,MALE,72.23453871
90E2E48WHOSIS_000001,WHOSIS_000001,90E2E48,WHOSIS_000001,2010,YEAR,496,COUNTRY,PUBLISHED,Life expectancy (at birth),Mongolia,MALE,63.09790053
90E2E48WHOSIS_000001,WHOSIS_000001,90E2E48,WHOSIS_000001,2011,YEAR,434,COUNTRY,PUBLISHED,Life expectancy (at birth),Libya,MALE,69.03550614
90E2E48WHOSIS_000001,WHOSIS_000001,90E2E48,WHOSIS_000001,2011,YEAR,512,COUNTRY,PUBLISHED,Life expectancy (at birth),Oman,MALE,71.00592734
90E2E48WHOSIS_000001,WHOSIS_000001,90E2E48,WHOSIS_000001,2011,YEAR,524,COUNTRY,PUBLISHED,Life expectancy (at birth),Nepal,MALE,67.93227148
90E2E48WHOSIS_000001,WHOSIS_000001,90E2E48,WHOSIS_000001,2011,YEAR,480,COUNTRY,PUBLISHED,Life expectancy (at birth),Mauritius,MALE,70.13577281
90E2E48WHOSIS_000001,WHOSIS_000001,90E2E48,WHOSIS_000001,2011,YEAR,484,COUNTRY,PUBLISHED,Life expectancy (at birth),Mexico,MALE,72.65967912
90E2E48WHOSIS_000001,WHOSIS_000001,90E2E48,WHOSIS_000001,2011,YEAR,496,COUNTRY,PUBLISHED,Life expectancy (at birth),Mongolia,MALE,63.1828367
90E2E48WHOSIS_000001,WHOSIS_000001,90E2E48,WHOSIS_000001,2012,YEAR,156,COUNTRY,PUBLISHED,Life expectancy (at birth),China,MALE,72.70466301
90E2E48WHOSIS_000001,WHOSIS_000001,90E2E48,WHOSIS_000001,2012,YEAR,170,COUNTRY,PUBLISHED,Life expectancy (at birth),Colombia,MALE,74.02559964
90E2E48WHOSIS_000001,WHOSIS_000001,90E2E48,WHOSIS_000001,2011,YEAR,554,COUNTRY,PUBLISHED,Life expectancy (at birth),New Zealand,MALE,79.08135937
90E2E48WHOSIS_000001,WHOSIS_000001,90E2E48,WHOSIS_000001,2011,YEAR,578,COUNTRY,PUBLISHED,Life expectancy (at birth),Norway,MALE,78.87452168
90E2E48WHOSIS_000001,WHOSIS_000001,90E2E48,WHOSIS_000001,2012,YEAR,192,COUNTRY,PUBLISHED,Life expectancy (at birth),Cuba,MALE,76.37091683
90E2E48WHOSIS_000001,WHOSIS_000001,90E2E48,WHOSIS_000001,2011,YEAR,192,COUNTRY,PUBLISHED,Life expectancy (at birth),Cuba,MALE,76.63740273
90E2E48WHOSIS_000001,WHOSIS_000001,90E2E48,WHOSIS_000001,2011,YEAR,144,COUNTRY,PUBLISHED,Life expectancy (at birth),Sri Lanka,MALE,71.42337784
90E2E48WHOSIS_000001,WHOSIS_000001,90E2E48,WHOSIS_000001,2011,YEAR,156,COUNTRY,PUBLISHED,Life expectancy (at birth),China,MALE,72.35101947
90E2E48WHOSIS_000001,WHOSIS_000001,90E2E48,WHOSIS_000001,2011,YEAR,170,COUNTRY,PUBLISHED,Life expectancy (at birth),Colombia,MALE,73.74155356
90E2E48WHOSIS_000001,WHOSIS_000001,90E2E48,WHOSIS_000001,2011,YEAR,388,COUNTRY,PUBLISHED,Life expectancy (at birth),Jamaica,MALE,70.10521087
90E2E48WHOSIS_000001,WHOSIS_000001,90E2E48,WHOSIS_000001,2011,YEAR,392,COUNTRY,PUBLISHED,Life expectancy (at birth),Japan,MALE,79.79847266
90E2E48WHOSIS_000001,WHOSIS_000001,90E2E48,WHOSIS_000001,2011,YEAR,398,COUNTRY,PUBLISHED,Life expectancy (at birth),Kazakhstan,MALE,64.23104579
90E2E48WHOSIS_000001,WHOSIS_000001,90E2E48,WHOSIS_000001,2011,YEAR,376,COUNTRY,PUBLISHED,Life expectancy (at birth),Israel,MALE,79.81021033
90E2E48WHOSIS_000001,WHOSIS_000001,90E2E48,WHOSIS_000001,2011,YEAR,380,COUNTRY,PUBLISHED,Life expectancy (at birth),Italy,MALE,79.35352131
90E2E48WHOSIS_000001,WHOSIS_000001,90E2E48,WHOSIS_000001,2011,YEAR,400,COUNTRY,PUBLISHED,Life expectancy (at birth),Jordan,MALE,77.30590155
90E2E48WHOSIS_000001,WHOSIS_000001,90E2E48,WHOSIS_000001,2012,YEAR,32,COUNTRY,PUBLISHED,Life expectancy (at birth),Argentina,MALE,72.8422092
90E2E48WHOSIS_000001,WHOSIS_000001,90E2E48,WHOSIS_000001,2011,YEAR,404,COUNTRY,PUBLISHED,Life expectancy (at birth),Kenya,MALE,59.87817372
90E2E48WHOSIS_000001,WHOSIS_000001,90E2E48,WHOSIS_000001,2011,YEAR,410,COUNTRY,PUBLISHED,Life expectancy (at birth),Republic of Korea,MALE,77.5009938
90E2E48WHOSIS_000001,WHOSIS_000001,90E2E48,WHOSIS_000001,2011,YEAR,414,COUNTRY,PUBLISHED,Life expectancy (at birth),Kuwait,MALE,79.9597015
90E2E48WHOSIS_000001,WHOSIS_000001,90E2E48,WHOSIS_000001,2012,YEAR,36,COUNTRY,PUBLISHED,Life expectancy (at birth),Australia,MALE,80.36483191
90E2E48WHOSIS_000001,WHOSIS_000001,90E2E48,WHOSIS_000001,2012,YEAR,48,COUNTRY,PUBLISHED,Life expectancy (at birth),Bahrain,MALE,73.89049952
90E2E48WHOSIS_000001,WHOSIS_000001,90E2E48,WHOSIS_000001,2012,YEAR,50,COUNTRY,PUBLISHED,Life expectancy (at birth),Bangladesh,MALE,70.9732015
90E2E48WHOSIS_000001,WHOSIS_000001,90E2E48,WHOSIS_000001,2012,YEAR,56,COUNTRY,PUBLISHED,Life expectancy (at birth),Belgium,MALE,77.51243906
90E2E48WHOSIS_000001,WHOSIS_000001,90E2E48,WHOSIS_000001,2012,YEAR,76,COUNTRY,PUBLISHED,Life expectancy (at birth),Brazil,MALE,70.83577637
90E2E48WHOSIS_000001,WHOSIS_000001,90E2E48,WHOSIS_000001,2012,YEAR,124,COUNTRY,PUBLISHED,Life expectancy (at birth),Canada,MALE,79.50970533
90E2E48WHOSIS_000001,WHOSIS_000001,90E2E48,WHOSIS_000001,2012,YEAR,104,COUNTRY,PUBLISHED,Life expectancy (at birth),Myanmar,MALE,62.74690168
90E2E48WHOSIS_000001,WHOSIS_000001,90E2E48,WHOSIS_000001,2011,YEAR,702,COUNTRY,PUBLISHED,Life expectancy (at birth),Singapore,MALE,79.76393468
90E2E48WHOSIS_000001,WHOSIS_000001,90E2E48,WHOSIS_000001,2012,YEAR,144,COUNTRY,PUBLISHED,Life expectancy (at birth),Sri Lanka,MALE,72.27598262
90E2E48WHOSIS_000001,WHOSIS_000001,90E2E48,WHOSIS_000001,2011,YEAR,764,COUNTRY,PUBLISHED,Life expectancy (at birth),Thailand,MALE,72.50169638
90E2E48WHOSIS_000001,WHOSIS_000001,90E2E48,WHOSIS_000001,2011,YEAR,682,COUNTRY,PUBLISHED,Life expectancy (at birth),Saudi Arabia,MALE,75.29772921
90E2E48WHOSIS_000001,WHOSIS_000001,90E2E48,WHOSIS_000001,2011,YEAR,752,COUNTRY,PUBLISHED,Life expectancy (at birth),Sweden,MALE,79.67689139
90E2E48WHOSIS_000001,WHOSIS_000001,90E2E48,WHOSIS_000001,2011,YEAR,756,COUNTRY,PUBLISHED,Life expectancy (at birth),Switzerland,MALE,80.2076212
90E2E48WHOSIS_000001,WHOSIS_000001,90E2E48,WHOSIS_000001,2011,YEAR,706,COUNTRY,PUBLISHED,Life expectancy (at birth),Somalia,MALE,41.64146486
90E2E48WHOSIS_000001,WHOSIS_000001,90E2E48,WHOSIS_000001,2011,YEAR,710,COUNTRY,PUBLISHED,Life expectancy (at birth),South Africa,MALE,56.40558765
90E2E48WHOSIS_000001,WHOSIS_000001,90E2E48,WHOSIS_000001,2011,YEAR,716,COUNTRY,PUBLISHED,Life expectancy (at birth),Zimbabwe,MALE,51.26847677
90E2E48WHOSIS_000001,WHOSIS_000001,90E2E48,WHOSIS_000001,2011,YEAR,724,COUNTRY,PUBLISHED,Life expectancy (at birth),Spain,MALE,78.9627554
90E2E48WHOSIS_000001,WHOSIS_000001,90E2E48,WHOSIS_000001,2012,YEAR,634,COUNTRY,PUBLISHED,Life expectancy (at birth),Qatar,MALE,74.01731254
90E2E48WHOSIS_000001,WHOSIS_000001,90E2E48,WHOSIS_000001,2012,YEAR,642,COUNTRY,PUBLISHED,Life expectancy (at birth),Romania,MALE,70.81323787
90E2E48WHOSIS_000001,WHOSIS_000001,90E2E48,WHOSIS_000001,2012,YEAR,643,COUNTRY,PUBLISHED,Life expectancy (at birth),Russian Federation,MALE,64.50022297
90E2E48WHOSIS_000001,WHOSIS_000001,90E2E48,WHOSIS_000001,2013,YEAR,268,COUNTRY,PUBLISHED,Life expectancy (at birth),Georgia,MALE,68.18380659
90E2E48WHOSIS_000001,WHOSIS_000001,90E2E48,WHOSIS_000001,2013,YEAR,276,COUNTRY,PUBLISHED,Life expectancy (at birth),Germany,MALE,77.93742
90E2E48WHOSIS_000001,WHOSIS_000001,90E2E48,WHOSIS_000001,2013,YEAR,300,COUNTRY,PUBLISHED,Life expectancy (at birth),Greece,MALE,78.52883174
90E2E48WHOSIS_000001,WHOSIS_000001,90E2E48,WHOSIS_000001,2013,YEAR,308,COUNTRY,PUBLISHED,Life expectancy (at birth),Grenada,MALE,70.17534371
90E2E48WHOSIS_000001,WHOSIS_000001,90E2E48,WHOSIS_000001,2013,YEAR,352,COUNTRY,PUBLISHED,Life expectancy (at birth),Iceland,MALE,80.5936652
90E2E48WHOSIS_000001,WHOSIS_000001,90E2E48,WHOSIS_000001,2014,YEAR,376,COUNTRY,PUBLISHED,Life expectancy (at birth),Israel,MALE,79.12226763
90E2E48WHOSIS_000001,WHOSIS_000001,90E2E48,WHOSIS_000001,2014,YEAR,380,COUNTRY,PUBLISHED,Life expectancy (at birth),Italy,MALE,80.28966355
90E2E48WHOSIS_000001,WHOSIS_000001,90E2E48,WHOSIS_000001,2014,YEAR,388,COUNTRY,PUBLISHED,Life expectancy (at birth),Jamaica,MALE,71.40686513
90E2E48WHOSIS_000001,WHOSIS_000001,90E2E48,WHOSIS_000001,2014,YEAR,356,COUNTRY,PUBLISHED,Life expectancy (at birth),India,MALE,67.35249858
90E2E48WHOSIS_000001,WHOSIS_000001,90E2E48,WHOSIS_000001,2014,YEAR,360,COUNTRY,PUBLISHED,Life expectancy (at birth),Indonesia,MALE,68.54252314
90E2E48WHOSIS_000001,WHOSIS_000001,90E2E48,WHOSIS_000001,2014,YEAR,364,COUNTRY,PUBLISHED,Life expectancy (at birth),Iran (Islamic Republic of),MALE,75.80039494
90E2E48WHOSIS_000001,WHOSIS_000001,90E2E48,WHOSIS_000001,2014,YEAR,368,COUNTRY,PUBLISHED,Life expectancy (at birth),Iraq,MALE,66.39416089
90E2E48WHOSIS_000001,WHOSIS_000001,90E2E48,WHOSIS_000001,2014,YEAR,372,COUNTRY,PUBLISHED,Life expectancy (at birth),Ireland,MALE,79.12513616
90E2E48WHOSIS_000001,WHOSIS_000001,90E2E48,WHOSIS_000001,2014,YEAR,392,COUNTRY,PUBLISHED,Life expectancy (at birth),Japan,MALE,80.84659743
90E2E48WHOSIS_000001,WHOSIS_000001,90E2E48,WHOSIS_000001,2014,YEAR,398,COUNTRY,PUBLISHED,Life expectancy (at birth),Kazakhstan,MALE,66.85801247
90E2E48WHOSIS_000001,WHOSIS_000001,90E2E48,WHOSIS_000001,2014,YEAR,400,COUNTRY,PUBLISHED,Life expectancy (at birth),Jordan,MALE,78.39096907
90E2E48WHOSIS_000001,WHOSIS_000001,90E2E48,WHOSIS_000001,2014,YEAR,404,COUNTRY,PUBLISHED,Life expectancy (at birth),Kenya,MALE,61.21060467
90E2E48WHOSIS_000001,WHOSIS_000001,90E2E48,WHOSIS_000001,2014,YEAR,410,COUNTRY,PUBLISHED,Life expectancy (at birth),Republic of Korea,MALE,78.81460798
90E2E48WHOSIS_000001,WHOSIS_000001,90E2E48,WHOSIS_000001,2014,YEAR,414,COUNTRY,PUBLISHED,Life expectancy (at birth),Kuwait,MALE,79.98647151
90E2E48WHOSIS_000001,WHOSIS_000001,90E2E48,WHOSIS_000001,2014,YEAR,434,COUNTRY,PUBLISHED,Life expectancy (at birth),Libya,MALE,70.24648343
90E2E48WHOSIS_000001,WHOSIS_000001,90E2E48,WHOSIS_000001,2013,YEAR,512,COUNTRY,PUBLISHED,Life expectancy (at birth),Oman,MALE,71.7574337
90E2E48WHOSIS_000001,WHOSIS_000001,90E2E48,WHOSIS_000001,2013,YEAR,524,COUNTRY,PUBLISHED,Life expectancy (at birth),Nepal,MALE,68.20635397
90E2E48WHOSIS_000001,WHOSIS_000001,90E2E48,WHOSIS_000001,2013,YEAR,554,COUNTRY,PUBLISHED,Life expectancy (at birth),New Zealand,MALE,79.59333005
90E2E48WHOSIS_000001,WHOSIS_000001,90E2E48,WHOSIS_000001,2013,YEAR,192,COUNTRY,PUBLISHED,Life expectancy (at birth),Cuba,MALE,76.28549727
90E2E48WHOSIS_000001,WHOSIS_000001,90E2E48,WHOSIS_000001,2012,YEAR,784,COUNTRY,PUBLISHED,Life expectancy (at birth),United Arab Emirates,MALE,80.0918985
90E2E48WHOSIS_000001,WHOSIS_000001,90E2E48,WHOSIS_000001,2018,YEAR,56,COUNTRY,PUBLISHED,Life expectancy (at birth),Belgium,MALE,79.10148787
90E2E48WHOSIS_000001,WHOSIS_000001,90E2E48,WHOSIS_000001,2018,YEAR,32,COUNTRY,PUBLISHED,Life expectancy (at birth),Argentina,MALE,73.74441906
90E2E48WHOSIS_000001,WHOSIS_000001,90E2E48,WHOSIS_000001,2018,YEAR,36,COUNTRY,PUBLISHED,Life expectancy (at birth),Australia,MALE,81.16105083
90E2E48WHOSIS_000001,WHOSIS_000001,90E2E48,WHOSIS_000001,2018,YEAR,48,COUNTRY,PUBLISHED,Life expectancy (at birth),Bahrain,MALE,75.12476156
90E2E48WHOSIS_000001,WHOSIS_000001,90E2E48,WHOSIS_000001,2018,YEAR,50,COUNTRY,PUBLISHED,Life expectancy (at birth),Bangladesh,MALE,72.3769969
90E2E48WHOSIS_000001,WHOSIS_000001,90E2E48,WHOSIS_000001,2018,YEAR,512,COUNTRY,PUBLISHED,Life expectancy (at birth),Oman,MALE,72.82473595
90E2E48WHOSIS_000001,WHOSIS_000001,90E2E48,WHOSIS_000001,2018,YEAR,76,COUNTRY,PUBLISHED,Life expectancy (at birth),Brazil,MALE,71.93983685
90E2E48WHOSIS_000001,WHOSIS_000001,90E2E48,WHOSIS_000001,2017,YEAR,352,COUNTRY,PUBLISHED,Life expectancy (at birth),Iceland,MALE,80.81149999
90E2E48WHOSIS_000001,WHOSIS_000001,90E2E48,WHOSIS_000001,2017,YEAR,356,COUNTRY,PUBLISHED,Life expectancy (at birth),India,MALE,68.66202542
90E2E48WHOSIS_000001,WHOSIS_000001,90E2E48,WHOSIS_000001,2017,YEAR,840,COUNTRY,PUBLISHED,Life expectancy (at birth),United States of America,MALE,76.30736725
90E2E48WHOSIS_000001,WHOSIS_000001,90E2E48,WHOSIS_000001,2017,YEAR,308,COUNTRY,PUBLISHED,Life expectancy (at birth),Grenada,MALE,70.23845238
90E2E48WHOSIS_000001,WHOSIS_000001,90E2E48,WHOSIS_000001,2018,YEAR,400,COUNTRY,PUBLISHED,Life expectancy (at birth),Jordan,MALE,79.67533655
90E2E48WHOSIS_000001,WHOSIS_000001,90E2E48,WHOSIS_000001,2018,YEAR,404,COUNTRY,PUBLISHED,Life expectancy (at birth),Kenya,MALE,63.62994007
90E2E48WHOSIS_000001,WHOSIS_000001,90E2E48,WHOSIS_000001,2018,YEAR,410,COUNTRY,PUBLISHED,Life expectancy (at birth),Republic of Korea,MALE,80.0322931
90E2E48WHOSIS_000001,WHOSIS_000001,90E2E48,WHOSIS_000001,2017,YEAR,887,COUNTRY,PUBLISHED,Life expectancy (at birth),Yemen,MALE,65.11880582
90E2E48WHOSIS_000001,WHOSIS_000001,90E2E48,WHOSIS_000001,2017,YEAR,894,COUNTRY,PUBLISHED,Life expectancy (at birth),Zambia,MALE,58.98170404
90E2E48WHOSIS_000001,WHOSIS_000001,90E2E48,WHOSIS_000001,2018,YEAR,392,COUNTRY,PUBLISHED,Life expectancy (at birth),Japan,MALE,81.55870437
90E2E48WHOSIS_000001,WHOSIS_000001,90E2E48,WHOSIS_000001,2018,YEAR,398,COUNTRY,PUBLISHED,Life expectancy (at birth),Kazakhstan,MALE,68.86191384
90E2E48WHOSIS_000001,WHOSIS_000001,90E2E48,WHOSIS_000001,2018,YEAR,414,COUNTRY,PUBLISHED,Life expectancy (at birth),Kuwait,MALE,80.78312219
90E2E48WHOSIS_000001,WHOSIS_000001,90E2E48,WHOSIS_000001,2018,YEAR,434,COUNTRY,PUBLISHED,Life expectancy (at birth),Libya,MALE,71.54237024
90E2E48WHOSIS_000001,WHOSIS_000001,90E2E48,WHOSIS_000001,2018,YEAR,192,COUNTRY,PUBLISHED,Life expectancy (at birth),Cuba,MALE,75.55374943
90E2E48WHOSIS_000001,WHOSIS_000001,90E2E48,WHOSIS_000001,2018,YEAR,480,COUNTRY,PUBLISHED,Life expectancy (at birth),Mauritius,MALE,70.85811041
90E2E48WHOSIS_000001,WHOSIS_000001,90E2E48,WHOSIS_000001,2018,YEAR,484,COUNTRY,PUBLISHED,Life expectancy (at birth),Mexico,MALE,72.92392214
90E2E48WHOSIS_000001,WHOSIS_000001,90E2E48,WHOSIS_000001,2018,YEAR,496,COUNTRY,PUBLISHED,Life expectancy (at birth),Mongolia,MALE,66.13645061
90E2E48WHOSIS_000001,WHOSIS_000001,90E2E48,WHOSIS_000001,2000,YEAR,480,COUNTRY,PUBLISHED,Life expectancy (at birth),Mauritius,MALE,67.74529167
90E2E48WHOSIS_000001,WHOSIS_000001,90E2E48,WHOSIS_000001,2000,YEAR,484,COUNTRY,PUBLISHED,Life expectancy (at birth),Mexico,MALE,71.73134862
90E2E48WHOSIS_000001,WHOSIS_000001,90E2E48,WHOSIS_000001,2000,YEAR,496,COUNTRY,PUBLISHED,Life expectancy (at birth),Mongolia,MALE,59.94706595
90E2E48WHOSIS_000001,WHOSIS_000001,90E2E48,WHOSIS_000001,2000,YEAR,512,COUNTRY,PUBLISHED,Life expectancy (at birth),Oman,MALE,69.36488038
90E2E48WHOSIS_000001,WHOSIS_000001,90E2E48,WHOSIS_000001,2000,YEAR,524,COUNTRY,PUBLISHED,Life expectancy (at birth),Nepal,MALE,64.22493469
90E2E48WHOSIS_000001,WHOSIS_000001,90E2E48,WHOSIS_000001,2000,YEAR,604,COUNTRY,PUBLISHED,Life expectancy (at birth),Peru,MALE,73.24885454
90E2E48WHOSIS_000001,WHOSIS_000001,90E2E48,WHOSIS_000001,2000,YEAR,554,COUNTRY,PUBLISHED,Life expectancy (at birth),New Zealand,MALE,75.99750727
90E2E48WHOSIS_000001,WHOSIS_000001,90E2E48,WHOSIS_000001,2000,YEAR,578,COUNTRY,PUBLISHED,Life expectancy (at birth),Norway,MALE,75.86103723
90E2E48WHOSIS_000001,WHOSIS_000001,90E2E48,WHOSIS_000001,2000,YEAR,586,COUNTRY,PUBLISHED,Life expectancy (at birth),Pakistan,MALE,60.97632896
90E2E48WHOSIS_000001,WHOSIS_000001,90E2E48,WHOSIS_000001,2000,YEAR,608,COUNTRY,PUBLISHED,Life expectancy (at birth),Philippines,MALE,66.38175287
90E2E48WHOSIS_000001,WHOSIS_000001,90E2E48,WHOSIS_000001,2000,YEAR,887,COUNTRY,PUBLISHED,Life expectancy (at birth),Yemen,MALE,61.45211098
90E2E48WHOSIS_000001,WHOSIS_000001,90E2E48,WHOSIS_000001,2000,YEAR,894,COUNTRY,PUBLISHED,Life expectancy (at birth),Zambia,MALE,43.77518596
90E2E48WHOSIS_000001,WHOSIS_000001,90E2E48,WHOSIS_000001,2000,YEAR,616,COUNTRY,PUBLISHED,Life expectancy (at birth),Poland,MALE,69.50937301
90E2E48WHOSIS_000001,WHOSIS_000001,90E2E48,WHOSIS_000001,2000,YEAR,840,COUNTRY,PUBLISHED,Life expectancy (at birth),United States of America,MALE,74.16260254
90E2E48WHOSIS_000001,WHOSIS_000001,90E2E48,WHOSIS_000001,2001,YEAR,4,COUNTRY,PUBLISHED,Life expectancy (at birth),Afghanistan,MALE,53.28463944
90E2E48WHOSIS_000001,WHOSIS_000001,90E2E48,WHOSIS_000001,2000,YEAR,953,WHOREGION,PUBLISHED,Life expectancy (at birth),Africa,MALE,51.50445104
90E2E48WHOSIS_000001,WHOSIS_000001,90E2E48,WHOSIS_000001,2018,YEAR,954,WHOREGION,PUBLISHED,Life expectancy (at birth),Americas,TOTAL,76.98308457
90E2E48WHOSIS_000001,WHOSIS_000001,90E2E48,WHOSIS_000001,2000,YEAR,955,WHOREGION,PUBLISHED,Life expectancy (at birth),South-East Asia,MALE,62.76834365
90E2E48WHOSIS_000001,WHOSIS_000001,90E2E48,WHOSIS_000001,2000,YEAR,956,WHOREGION,PUBLISHED,Life expectancy (at birth),Europe,MALE,68.29825597
90E2E48WHOSIS_000001,WHOSIS_000001,90E2E48,WHOSIS_000001,2001,YEAR,192,COUNTRY,PUBLISHED,Life expectancy (at birth),Cuba,MALE,74.81607831
90E2E48WHOSIS_000001,WHOSIS_000001,90E2E48,WHOSIS_000001,2001,YEAR,170,COUNTRY,PUBLISHED,Life expectancy (at birth),Colombia,MALE,68.75269528
90E2E48WHOSIS_000001,WHOSIS_000001,90E2E48,WHOSIS_000001,2006,YEAR,953,WHOREGION,PUBLISHED,Life expectancy (at birth),Africa,MALE,55.08702087
90E2E48WHOSIS_000001,WHOSIS_000001,90E2E48,WHOSIS_000001,2002,YEAR,643,COUNTRY,PUBLISHED,Life expectancy (at birth),Russian Federation,MALE,58.61930397
90E2E48WHOSIS_000001,WHOSIS_000001,90E2E48,WHOSIS_000001,2019,YEAR,954,WHOREGION,PUBLISHED,Life expectancy (at birth),Americas,MALE,74.41702666
90E2E48WHOSIS_000001,WHOSIS_000001,90E2E48,WHOSIS_000001,2006,YEAR,955,WHOREGION,PUBLISHED,Life expectancy (at birth),South-East Asia,MALE,65.09350081
90E2E48WHOSIS_000001,WHOSIS_000001,90E2E48,WHOSIS_000001,2002,YEAR,634,COUNTRY,PUBLISHED,Life expectancy (at birth),Qatar,MALE,69.14712466
90E2E48WHOSIS_000001,WHOSIS_000001,90E2E48,WHOSIS_000001,2002,YEAR,642,COUNTRY,PUBLISHED,Life expectancy (at birth),Romania,MALE,67.30271574
90E2E48WHOSIS_000001,WHOSIS_000001,90E2E48,WHOSIS_000001,2002,YEAR,706,COUNTRY,PUBLISHED,Life expectancy (at birth),Somalia,MALE,47.26937738
90E2E48WHOSIS_000001,WHOSIS_000001,90E2E48,WHOSIS_000001,2002,YEAR,710,COUNTRY,PUBLISHED,Life expectancy (at birth),South Africa,MALE,52.13723322
90E2E48WHOSIS_000001,WHOSIS_000001,90E2E48,WHOSIS_000001,2002,YEAR,682,COUNTRY,PUBLISHED,Life expectancy (at birth),Saudi Arabia,MALE,70.0579779
90E2E48WHOSIS_000001,WHOSIS_000001,90E2E48,WHOSIS_000001,2002,YEAR,702,COUNTRY,PUBLISHED,Life expectancy (at birth),Singapore,MALE,77.14122217
90E2E48WHOSIS_000001,WHOSIS_000001,90E2E48,WHOSIS_000001,2002,YEAR,716,COUNTRY,PUBLISHED,Life expectancy (at birth),Zimbabwe,MALE,44.71427941
90E2E48WHOSIS_000001,WHOSIS_000001,90E2E48,WHOSIS_000001,2003,YEAR,246,COUNTRY,PUBLISHED,Life expectancy (at birth),Finland,MALE,75.07989202
90E2E48WHOSIS_000001,WHOSIS_000001,90E2E48,WHOSIS_000001,2002,YEAR,724,COUNTRY,PUBLISHED,Life expectancy (at birth),Spain,MALE,76.15602244
90E2E48WHOSIS_000001,WHOSIS_000001,90E2E48,WHOSIS_000001,2002,YEAR,752,COUNTRY,PUBLISHED,Life expectancy (at birth),Sweden,MALE,77.61630928
90E2E48WHOSIS_000001,WHOSIS_000001,90E2E48,WHOSIS_000001,2002,YEAR,756,COUNTRY,PUBLISHED,Life expectancy (at birth),Switzerland,MALE,77.80889072
90E2E48WHOSIS_000001,WHOSIS_000001,90E2E48,WHOSIS_000001,2003,YEAR,250,COUNTRY,PUBLISHED,Life expectancy (at birth),France,MALE,75.7083459
90E2E48WHOSIS_000001,WHOSIS_000001,90E2E48,WHOSIS_000001,2003,YEAR,887,COUNTRY,PUBLISHED,Life expectancy (at birth),Yemen,MALE,63.03843291
90E2E48WHOSIS_000001,WHOSIS_000001,90E2E48,WHOSIS_000001,2003,YEAR,894,COUNTRY,PUBLISHED,Life expectancy (at birth),Zambia,MALE,45.99981937
90E2E48WHOSIS_000001,WHOSIS_000001,90E2E48,WHOSIS_000001,2003,YEAR,268,COUNTRY,PUBLISHED,Life expectancy (at birth),Georgia,MALE,67.14013397
90E2E48WHOSIS_000001,WHOSIS_000001,90E2E48,WHOSIS_000001,2004,YEAR,4,COUNTRY,PUBLISHED,Life expectancy (at birth),Afghanistan,MALE,56.32996533
90E2E48WHOSIS_000001,WHOSIS_000001,90E2E48,WHOSIS_000001,2003,YEAR,953,WHOREGION,PUBLISHED,Life expectancy (at birth),Africa,MALE,53.00041085
90E2E48WHOSIS_000001,WHOSIS_000001,90E2E48,WHOSIS_000001,2019,YEAR,954,WHOREGION,PUBLISHED,Life expectancy (at birth),Americas,FEMALE,79.75649564
90E2E48WHOSIS_000001,WHOSIS_000001,90E2E48,WHOSIS_000001,2003,YEAR,955,WHOREGION,PUBLISHED,Life expectancy (at birth),South-East Asia,MALE,64.00768126
90E2E48WHOSIS_000001,WHOSIS_000001,90E2E48,WHOSIS_000001,2003,YEAR,956,WHOREGION,PUBLISHED,Life expectancy (at birth),Europe,MALE,68.79731944
90E2E48WHOSIS_000001,WHOSIS_000001,90E2E48,WHOSIS_000001,2004,YEAR,32,COUNTRY,PUBLISHED,Life expectancy (at birth),Argentina,MALE,71.47750548
90E2E48WHOSIS_000001,WHOSIS_000001,90E2E48,WHOSIS_000001,2004,YEAR,36,COUNTRY,PUBLISHED,Life expectancy (at birth),Australia,MALE,78.41941275
90E2E48WHOSIS_000001,WHOSIS_000001,90E2E48,WHOSIS_000001,2005,YEAR,512,COUNTRY,PUBLISHED,Life expectancy (at birth),Oman,MALE,70.81656518
90E2E48WHOSIS_000001,WHOSIS_000001,90E2E48,WHOSIS_000001,2005,YEAR,524,COUNTRY,PUBLISHED,Life expectancy (at birth),Nepal,MALE,66.87298543
90E2E48WHOSIS_000001,WHOSIS_000001,90E2E48,WHOSIS_000001,2004,YEAR,752,COUNTRY,PUBLISHED,Life expectancy (at birth),Sweden,MALE,78.25453113
90E2E48WHOSIS_000001,WHOSIS_000001,90E2E48,WHOSIS_000001,2004,YEAR,756,COUNTRY,PUBLISHED,Life expectancy (at birth),Switzerland,MALE,78.4276439
90E2E48WHOSIS_000001,WHOSIS_000001,90E2E48,WHOSIS_000001,2004,YEAR,764,COUNTRY,PUBLISHED,Life expectancy (at birth),Thailand,MALE,68.7000793
90E2E48WHOSIS_000001,WHOSIS_000001,90E2E48,WHOSIS_000001,2005,YEAR,586,COUNTRY,PUBLISHED,Life expectancy (at birth),Pakistan,MALE,61.49953513
90E2E48WHOSIS_000001,WHOSIS_000001,90E2E48,WHOSIS_000001,2005,YEAR,554,COUNTRY,PUBLISHED,Life expectancy (at birth),New Zealand,MALE,77.86020175
90E2E48WHOSIS_000001,WHOSIS_000001,90E2E48,WHOSIS_000001,2005,YEAR,578,COUNTRY,PUBLISHED,Life expectancy (at birth),Norway,MALE,77.7040089
90E2E48WHOSIS_000001,WHOSIS_000001,90E2E48,WHOSIS_000001,2005,YEAR,604,COUNTRY,PUBLISHED,Life expectancy (at birth),Peru,MALE,76.156911
90E2E48WHOSIS_000001,WHOSIS_000001,90E2E48,WHOSIS_000001,2006,YEAR,352,COUNTRY,PUBLISHED,Life expectancy (at birth),Iceland,MALE,79.30794679
90E2E48WHOSIS_000001,WHOSIS_000001,90E2E48,WHOSIS_000001,2005,YEAR,608,COUNTRY,PUBLISHED,Life expectancy (at birth),Philippines,MALE,65.53883324
90E2E48WHOSIS_000001,WHOSIS_000001,90E2E48,WHOSIS_000001,2005,YEAR,616,COUNTRY,PUBLISHED,Life expectancy (at birth),Poland,MALE,70.6812483
90E2E48WHOSIS_000001,WHOSIS_000001,90E2E48,WHOSIS_000001,2005,YEAR,620,COUNTRY,PUBLISHED,Life expectancy (at birth),Portugal,MALE,74.68043071
90E2E48WHOSIS_000001,WHOSIS_000001,90E2E48,WHOSIS_000001,2006,YEAR,356,COUNTRY,PUBLISHED,Life expectancy (at birth),India,MALE,64.54435328
90E2E48WHOSIS_000001,WHOSIS_000001,90E2E48,WHOSIS_000001,2006,YEAR,388,COUNTRY,PUBLISHED,Life expectancy (at birth),Jamaica,MALE,72.49152126
90E2E48WHOSIS_000001,WHOSIS_000001,90E2E48,WHOSIS_000001,2006,YEAR,392,COUNTRY,PUBLISHED,Life expectancy (at birth),Japan,MALE,79.27304383
90E2E48WHOSIS_000001,WHOSIS_000001,90E2E48,WHOSIS_000001,2006,YEAR,398,COUNTRY,PUBLISHED,Life expectancy (at birth),Kazakhstan,MALE,59.80155133
90E2E48WHOSIS_000001,WHOSIS_000001,90E2E48,WHOSIS_000001,2006,YEAR,400,COUNTRY,PUBLISHED,Life expectancy (at birth),Jordan,MALE,76.26305998
90E2E48WHOSIS_000001,WHOSIS_000001,90E2E48,WHOSIS_000001,2006,YEAR,360,COUNTRY,PUBLISHED,Life expectancy (at birth),Indonesia,MALE,66.91500414
90E2E48WHOSIS_000001,WHOSIS_000001,90E2E48,WHOSIS_000001,2006,YEAR,364,COUNTRY,PUBLISHED,Life expectancy (at birth),Iran (Islamic Republic of),MALE,73.24182884
90E2E48WHOSIS_000001,WHOSIS_000001,90E2E48,WHOSIS_000001,2006,YEAR,368,COUNTRY,PUBLISHED,Life expectancy (at birth),Iraq,MALE,63.46020198
90E2E48WHOSIS_000001,WHOSIS_000001,90E2E48,WHOSIS_000001,2006,YEAR,372,COUNTRY,PUBLISHED,Life expectancy (at birth),Ireland,MALE,76.79290698
90E2E48WHOSIS_000001,WHOSIS_000001,90E2E48,WHOSIS_000001,2006,YEAR,376,COUNTRY,PUBLISHED,Life expectancy (at birth),Israel,MALE,77.93135006
90E2E48WHOSIS_000001,WHOSIS_000001,90E2E48,WHOSIS_000001,2006,YEAR,380,COUNTRY,PUBLISHED,Life expectancy (at birth),Italy,MALE,78.30865334
90E2E48WHOSIS_000001,WHOSIS_000001,90E2E48,WHOSIS_000001,2004,YEAR,887,COUNTRY,PUBLISHED,Life expectancy (at birth),Yemen,TOTAL,65.2063964
90E2E48WHOSIS_000001,WHOSIS_000001,90E2E48,WHOSIS_000001,2004,YEAR,894,COUNTRY,PUBLISHED,Life expectancy (at birth),Zambia,TOTAL,48.77289416
90E2E48WHOSIS_000001,WHOSIS_000001,90E2E48,WHOSIS_000001,2006,YEAR,404,COUNTRY,PUBLISHED,Life expectancy (at birth),Kenya,MALE,55.92117369
90E2E48WHOSIS_000001,WHOSIS_000001,90E2E48,WHOSIS_000001,2004,YEAR,953,WHOREGION,PUBLISHED,Life expectancy (at birth),Africa,TOTAL,54.8859284
90E2E48WHOSIS_000001,WHOSIS_000001,90E2E48,WHOSIS_000001,2019,YEAR,954,WHOREGION,PUBLISHED,Life expectancy (at birth),Americas,TOTAL,77.07402622
90E2E48WHOSIS_000001,WHOSIS_000001,90E2E48,WHOSIS_000001,2006,YEAR,410,COUNTRY,PUBLISHED,Life expectancy (at birth),Republic of Korea,MALE,75.60388539
90E2E48WHOSIS_000001,WHOSIS_000001,90E2E48,WHOSIS_000001,2006,YEAR,414,COUNTRY,PUBLISHED,Life expectancy (at birth),Kuwait,MALE,76.63178408
90E2E48WHOSIS_000001,WHOSIS_000001,90E2E48,WHOSIS_000001,2004,YEAR,955,WHOREGION,PUBLISHED,Life expectancy (at birth),South-East Asia,TOTAL,65.59142283
90E2E48WHOSIS_000001,WHOSIS_000001,90E2E48,WHOSIS_000001,2002,YEAR,4,COUNTRY,PUBLISHED,Life expectancy (at birth),Afghanistan,TOTAL,55.15447775
90E2E48WHOSIS_000001,WHOSIS_000001,90E2E48,WHOSIS_000001,2004,YEAR,956,WHOREGION,PUBLISHED,Life expectancy (at birth),Europe,TOTAL,73.32032577
90E2E48WHOSIS_000001,WHOSIS_000001,90E2E48,WHOSIS_000001,2000,YEAR,818,COUNTRY,PUBLISHED,Life expectancy (at birth),Egypt,TOTAL,69.14860157
90E2E48WHOSIS_000001,WHOSIS_000001,90E2E48,WHOSIS_000001,2002,YEAR,56,COUNTRY,PUBLISHED,Life expectancy (at birth),Belgium,TOTAL,78.01455674
90E2E48WHOSIS_000001,WHOSIS_000001,90E2E48,WHOSIS_000001,2002,YEAR,32,COUNTRY,PUBLISHED,Life expectancy (at birth),Argentina,TOTAL,74.2583112
90E2E48WHOSIS_000001,WHOSIS_000001,90E2E48,WHOSIS_000001,2002,YEAR,36,COUNTRY,PUBLISHED,Life expectancy (at birth),Australia,TOTAL,80.19005718
90E2E48WHOSIS_000001,WHOSIS_000001,90E2E48,WHOSIS_000001,2002,YEAR,48,COUNTRY,PUBLISHED,Life expectancy (at birth),Bahrain,TOTAL,70.59694491
90E2E48WHOSIS_000001,WHOSIS_000001,90E2E48,WHOSIS_000001,2002,YEAR,50,COUNTRY,PUBLISHED,Life expectancy (at birth),Bangladesh,TOTAL,66.35390682
90E2E48WHOSIS_000001,WHOSIS_000001,90E2E48,WHOSIS_000001,2006,YEAR,887,COUNTRY,PUBLISHED,Life expectancy (at birth),Yemen,TOTAL,66.27840827
90E2E48WHOSIS_000001,WHOSIS_000001,90E2E48,WHOSIS_000001,2006,YEAR,894,COUNTRY,PUBLISHED,Life expectancy (at birth),Zambia,TOTAL,51.7626963
90E2E48WHOSIS_000001,WHOSIS_000001,90E2E48,WHOSIS_000001,2002,YEAR,484,COUNTRY,PUBLISHED,Life expectancy (at birth),Mexico,TOTAL,74.58875796
90E2E48WHOSIS_000001,WHOSIS_000001,90E2E48,WHOSIS_000001,2002,YEAR,76,COUNTRY,PUBLISHED,Life expectancy (at birth),Brazil,TOTAL,72.03662703
90E2E48WHOSIS_000001,WHOSIS_000001,90E2E48,WHOSIS_000001,2002,YEAR,554,COUNTRY,PUBLISHED,Life expectancy (at birth),New Zealand,TOTAL,78.65902491
90E2E48WHOSIS_000001,WHOSIS_000001,90E2E48,WHOSIS_000001,2002,YEAR,512,COUNTRY,PUBLISHED,Life expectancy (at birth),Oman,TOTAL,72.45728033
90E2E48WHOSIS_000001,WHOSIS_000001,90E2E48,WHOSIS_000001,2002,YEAR,496,COUNTRY,PUBLISHED,Life expectancy (at birth),Mongolia,TOTAL,63.99267039
90E2E48WHOSIS_000001,WHOSIS_000001,90E2E48,WHOSIS_000001,2002,YEAR,524,COUNTRY,PUBLISHED,Life expectancy (at birth),Nepal,TOTAL,66.45258988
90E2E48WHOSIS_000001,WHOSIS_000001,90E2E48,WHOSIS_000001,2002,YEAR,604,COUNTRY,PUBLISHED,Life expectancy (at birth),Peru,TOTAL,76.14080179
90E2E48WHOSIS_000001,WHOSIS_000001,90E2E48,WHOSIS_000001,2002,YEAR,608,COUNTRY,PUBLISHED,Life expectancy (at birth),Philippines,TOTAL,69.42147225
90E2E48WHOSIS_000001,WHOSIS_000001,90E2E48,WHOSIS_000001,2002,YEAR,616,COUNTRY,PUBLISHED,Life expectancy (at birth),Poland,TOTAL,74.45428635
90E2E48WHOSIS_000001,WHOSIS_000001,90E2E48,WHOSIS_000001,2002,YEAR,620,COUNTRY,PUBLISHED,Life expectancy (at birth),Portugal,TOTAL,77.14647451
90E2E48WHOSIS_000001,WHOSIS_000001,90E2E48,WHOSIS_000001,2002,YEAR,578,COUNTRY,PUBLISHED,Life expectancy (at birth),Norway,TOTAL,78.85942368
90E2E48WHOSIS_000001,WHOSIS_000001,90E2E48,WHOSIS_000001,2002,YEAR,586,COUNTRY,PUBLISHED,Life expectancy (at birth),Pakistan,TOTAL,61.92897932
90E2E48WHOSIS_000001,WHOSIS_000001,90E2E48,WHOSIS_000001,2003,YEAR,752,COUNTRY,PUBLISHED,Life expectancy (at birth),Sweden,TOTAL,80.00643909
90E2E48WHOSIS_000001,WHOSIS_000001,90E2E48,WHOSIS_000001,2003,YEAR,756,COUNTRY,PUBLISHED,Life expectancy (at birth),Switzerland,TOTAL,80.40439825
90E2E48WHOSIS_000001,WHOSIS_000001,90E2E48,WHOSIS_000001,2003,YEAR,764,COUNTRY,PUBLISHED,Life expectancy (at birth),Thailand,TOTAL,72.03975902
90E2E48WHOSIS_000001,WHOSIS_000001,90E2E48,WHOSIS_000001,2003,YEAR,784,COUNTRY,PUBLISHED,Life expectancy (at birth),United Arab Emirates,TOTAL,78.5604186
90E2E48WHOSIS_000001,WHOSIS_000001,90E2E48,WHOSIS_000001,2007,YEAR,360,COUNTRY,PUBLISHED,Life expectancy (at birth),Indonesia,TOTAL,68.63781807
90E2E48WHOSIS_000001,WHOSIS_000001,90E2E48,WHOSIS_000001,2007,YEAR,364,COUNTRY,PUBLISHED,Life expectancy (at birth),Iran (Islamic Republic of),TOTAL,75.56586174
90E2E48WHOSIS_000001,WHOSIS_000001,90E2E48,WHOSIS_000001,2007,YEAR,368,COUNTRY,PUBLISHED,Life expectancy (at birth),Iraq,TOTAL,67.80830577
90E2E48WHOSIS_000001,WHOSIS_000001,90E2E48,WHOSIS_000001,2007,YEAR,398,COUNTRY,PUBLISHED,Life expectancy (at birth),Kazakhstan,TOTAL,65.80148574
90E2E48WHOSIS_000001,WHOSIS_000001,90E2E48,WHOSIS_000001,2007,YEAR,380,COUNTRY,PUBLISHED,Life expectancy (at birth),Italy,TOTAL,81.17657713
90E2E48WHOSIS_000001,WHOSIS_000001,90E2E48,WHOSIS_000001,2007,YEAR,388,COUNTRY,PUBLISHED,Life expectancy (at birth),Jamaica,TOTAL,69.58643623
90E2E48WHOSIS_000001,WHOSIS_000001,90E2E48,WHOSIS_000001,2007,YEAR,392,COUNTRY,PUBLISHED,Life expectancy (at birth),Japan,TOTAL,82.7592849
90E2E48WHOSIS_000001,WHOSIS_000001,90E2E48,WHOSIS_000001,2007,YEAR,372,COUNTRY,PUBLISHED,Life expectancy (at birth),Ireland,TOTAL,79.35545225
90E2E48WHOSIS_000001,WHOSIS_000001,90E2E48,WHOSIS_000001,2007,YEAR,376,COUNTRY,PUBLISHED,Life expectancy (at birth),Israel,TOTAL,80.12300616
90E2E48WHOSIS_000001,WHOSIS_000001,90E2E48,WHOSIS_000001,2004,YEAR,604,COUNTRY,PUBLISHED,Life expectancy (at birth),Peru,TOTAL,76.9955842
90E2E48WHOSIS_000001,WHOSIS_000001,90E2E48,WHOSIS_000001,2004,YEAR,608,COUNTRY,PUBLISHED,Life expectancy (at birth),Philippines,TOTAL,69.2903715
90E2E48WHOSIS_000001,WHOSIS_000001,90E2E48,WHOSIS_000001,2004,YEAR,616,COUNTRY,PUBLISHED,Life expectancy (at birth),Poland,TOTAL,74.76713155
90E2E48WHOSIS_000001,WHOSIS_000001,90E2E48,WHOSIS_000001,2004,YEAR,620,COUNTRY,PUBLISHED,Life expectancy (at birth),Portugal,TOTAL,78.12094465
90E2E48WHOSIS_000001,WHOSIS_000001,90E2E48,WHOSIS_000001,2003,YEAR,840,COUNTRY,PUBLISHED,Life expectancy (at birth),United States of America,TOTAL,76.98967151
90E2E48WHOSIS_000001,WHOSIS_000001,90E2E48,WHOSIS_000001,2003,YEAR,818,COUNTRY,PUBLISHED,Life expectancy (at birth),Egypt,TOTAL,68.78353005
90E2E48WHOSIS_000001,WHOSIS_000001,90E2E48,WHOSIS_000001,2004,YEAR,682,COUNTRY,PUBLISHED,Life expectancy (at birth),Saudi Arabia,TOTAL,71.6044008
90E2E48WHOSIS_000001,WHOSIS_000001,90E2E48,WHOSIS_000001,2004,YEAR,634,COUNTRY,PUBLISHED,Life expectancy (at birth),Qatar,TOTAL,70.84074247
90E2E48WHOSIS_000001,WHOSIS_000001,90E2E48,WHOSIS_000001,2004,YEAR,642,COUNTRY,PUBLISHED,Life expectancy (at birth),Romania,TOTAL,71.76511513
90E2E48WHOSIS_000001,WHOSIS_000001,90E2E48,WHOSIS_000001,2004,YEAR,643,COUNTRY,PUBLISHED,Life expectancy (at birth),Russian Federation,TOTAL,65.14346957
90E2E48WHOSIS_000001,WHOSIS_000001,90E2E48,WHOSIS_000001,2004,YEAR,710,COUNTRY,PUBLISHED,Life expectancy (at birth),South Africa,TOTAL,52.24650084
90E2E48WHOSIS_000001,WHOSIS_000001,90E2E48,WHOSIS_000001,2004,YEAR,716,COUNTRY,PUBLISHED,Life expectancy (at birth),Zimbabwe,TOTAL,45.152854
90E2E48WHOSIS_000001,WHOSIS_000001,90E2E48,WHOSIS_000001,2004,YEAR,724,COUNTRY,PUBLISHED,Life expectancy (at birth),Spain,TOTAL,79.99552369
90E2E48WHOSIS_000001,WHOSIS_000001,90E2E48,WHOSIS_000001,2005,YEAR,388,COUNTRY,PUBLISHED,Life expectancy (at birth),Jamaica,TOTAL,71.36246208
90E2E48WHOSIS_000001,WHOSIS_000001,90E2E48,WHOSIS_000001,2004,YEAR,702,COUNTRY,PUBLISHED,Life expectancy (at birth),Singapore,TOTAL,80.33727579
90E2E48WHOSIS_000001,WHOSIS_000001,90E2E48,WHOSIS_000001,2004,YEAR,706,COUNTRY,PUBLISHED,Life expectancy (at birth),Somalia,TOTAL,49.44567549
90E2E48WHOSIS_000001,WHOSIS_000001,90E2E48,WHOSIS_000001,2005,YEAR,392,COUNTRY,PUBLISHED,Life expectancy (at birth),Japan,TOTAL,82.23817071
90E2E48WHOSIS_000001,WHOSIS_000001,90E2E48,WHOSIS_000001,2005,YEAR,398,COUNTRY,PUBLISHED,Life expectancy (at birth),Kazakhstan,TOTAL,65.06712568
90E2E48WHOSIS_000001,WHOSIS_000001,90E2E48,WHOSIS_000001,2005,YEAR,400,COUNTRY,PUBLISHED,Life expectancy (at birth),Jordan,TOTAL,73.42688191
90E2E48WHOSIS_000001,WHOSIS_000001,90E2E48,WHOSIS_000001,2005,YEAR,404,COUNTRY,PUBLISHED,Life expectancy (at birth),Kenya,TOTAL,56.3951405
90E2E48WHOSIS_000001,WHOSIS_000001,90E2E48,WHOSIS_000001,2005,YEAR,410,COUNTRY,PUBLISHED,Life expectancy (at birth),Republic of Korea,TOTAL,78.37092125
90E2E48WHOSIS_000001,WHOSIS_000001,90E2E48,WHOSIS_000001,2005,YEAR,414,COUNTRY,PUBLISHED,Life expectancy (at birth),Kuwait,TOTAL,78.37752584
90E2E48WHOSIS_000001,WHOSIS_000001,90E2E48,WHOSIS_000001,2005,YEAR,480,COUNTRY,PUBLISHED,Life expectancy (at birth),Mauritius,TOTAL,72.14096947
90E2E48WHOSIS_000001,WHOSIS_000001,90E2E48,WHOSIS_000001,2005,YEAR,434,COUNTRY,PUBLISHED,Life expectancy (at birth),Libya,TOTAL,74.01467345
90E2E48WHOSIS_000001,WHOSIS_000001,90E2E48,WHOSIS_000001,2005,YEAR,484,COUNTRY,PUBLISHED,Life expectancy (at birth),Mexico,TOTAL,74.92683948
90E2E48WHOSIS_000001,WHOSIS_000001,90E2E48,WHOSIS_000001,2006,YEAR,308,COUNTRY,PUBLISHED,Life expectancy (at birth),Grenada,TOTAL,70.91199156
90E2E48WHOSIS_000001,WHOSIS_000001,90E2E48,WHOSIS_000001,2005,YEAR,496,COUNTRY,PUBLISHED,Life expectancy (at birth),Mongolia,TOTAL,65.26255095
90E2E48WHOSIS_000001,WHOSIS_000001,90E2E48,WHOSIS_000001,2006,YEAR,276,COUNTRY,PUBLISHED,Life expectancy (at birth),Germany,TOTAL,79.60448013
90E2E48WHOSIS_000001,WHOSIS_000001,90E2E48,WHOSIS_000001,2006,YEAR,300,COUNTRY,PUBLISHED,Life expectancy (at birth),Greece,TOTAL,79.74258324
90E2E48WHOSIS_000001,WHOSIS_000001,90E2E48,WHOSIS_000001,2006,YEAR,784,COUNTRY,PUBLISHED,Life expectancy (at birth),United Arab Emirates,TOTAL,80.09096187
90E2E48WHOSIS_000001,WHOSIS_000001,90E2E48,WHOSIS_000001,2006,YEAR,840,COUNTRY,PUBLISHED,Life expectancy (at birth),United States of America,TOTAL,77.68331379
90E2E48WHOSIS_000001,WHOSIS_000001,90E2E48,WHOSIS_000001,2006,YEAR,818,COUNTRY,PUBLISHED,Life expectancy (at birth),Egypt,TOTAL,69.56785371
90E2E48WHOSIS_000001,WHOSIS_000001,90E2E48,WHOSIS_000001,2001,YEAR,784,COUNTRY,PUBLISHED,Life expectancy (at birth),United Arab Emirates,TOTAL,78.27568092
90E2E48WHOSIS_000001,WHOSIS_000001,90E2E48,WHOSIS_000001,2001,YEAR,887,COUNTRY,PUBLISHED,Life expectancy (at birth),Yemen,TOTAL,63.62361632
90E2E48WHOSIS_000001,WHOSIS_000001,90E2E48,WHOSIS_000001,2001,YEAR,894,COUNTRY,PUBLISHED,Life expectancy (at birth),Zambia,TOTAL,44.99215514
90E2E48WHOSIS_000001,WHOSIS_000001,90E2E48,WHOSIS_000001,2001,YEAR,818,COUNTRY,PUBLISHED,Life expectancy (at birth),Egypt,TOTAL,68.84530776
90E2E48WHOSIS_000001,WHOSIS_000001,90E2E48,WHOSIS_000001,2001,YEAR,840,COUNTRY,PUBLISHED,Life expectancy (at birth),United States of America,TOTAL,76.75000279
90E2E48WHOSIS_000001,WHOSIS_000001,90E2E48,WHOSIS_000001,2002,YEAR,434,COUNTRY,PUBLISHED,Life expectancy (at birth),Libya,TOTAL,73.4501765
90E2E48WHOSIS_000001,WHOSIS_000001,90E2E48,WHOSIS_000001,2001,YEAR,953,WHOREGION,PUBLISHED,Life expectancy (at birth),Africa,TOTAL,53.46919051
90E2E48WHOSIS_000001,WHOSIS_000001,90E2E48,WHOSIS_000001,2020,YEAR,954,WHOREGION,PUBLISHED,Life expectancy (at birth),Americas,FEMALE,78.23072787
90E2E48WHOSIS_000001,WHOSIS_000001,90E2E48,WHOSIS_000001,2001,YEAR,955,WHOREGION,PUBLISHED,Life expectancy (at birth),South-East Asia,TOTAL,64.52874216
90E2E48WHOSIS_000001,WHOSIS_000001,90E2E48,WHOSIS_000001,2001,YEAR,956,WHOREGION,PUBLISHED,Life expectancy (at birth),Europe,TOTAL,72.67016514
90E2E48WHOSIS_000001,WHOSIS_000001,90E2E48,WHOSIS_000001,2003,YEAR,124,COUNTRY,PUBLISHED,Life expectancy (at birth),Canada,TOTAL,79.5801332
90E2E48WHOSIS_000001,WHOSIS_000001,90E2E48,WHOSIS_000001,2003,YEAR,144,COUNTRY,PUBLISHED,Life expectancy (at birth),Sri Lanka,TOTAL,73.36803088
90E2E48WHOSIS_000001,WHOSIS_000001,90E2E48,WHOSIS_000001,2002,YEAR,480,COUNTRY,PUBLISHED,Life expectancy (at birth),Mauritius,TOTAL,71.67923755
90E2E48WHOSIS_000001,WHOSIS_000001,90E2E48,WHOSIS_000001,2003,YEAR,156,COUNTRY,PUBLISHED,Life expectancy (at birth),China,TOTAL,71.68827313
90E2E48WHOSIS_000001,WHOSIS_000001,90E2E48,WHOSIS_000001,2003,YEAR,192,COUNTRY,PUBLISHED,Life expectancy (at birth),Cuba,TOTAL,77.44238196
90E2E48WHOSIS_000001,WHOSIS_000001,90E2E48,WHOSIS_000001,2003,YEAR,170,COUNTRY,PUBLISHED,Life expectancy (at birth),Colombia,TOTAL,73.54484514
90E2E48WHOSIS_000001,WHOSIS_000001,90E2E48,WHOSIS_000001,2003,YEAR,682,COUNTRY,PUBLISHED,Life expectancy (at birth),Saudi Arabia,TOTAL,71.30662801
90E2E48WHOSIS_000001,WHOSIS_000001,90E2E48,WHOSIS_000001,2003,YEAR,706,COUNTRY,PUBLISHED,Life expectancy (at birth),Somalia,TOTAL,49.50039991
90E2E48WHOSIS_000001,WHOSIS_000001,90E2E48,WHOSIS_000001,2003,YEAR,710,COUNTRY,PUBLISHED,Life expectancy (at birth),South Africa,TOTAL,52.93394541
90E2E48WHOSIS_000001,WHOSIS_000001,90E2E48,WHOSIS_000001,2003,YEAR,716,COUNTRY,PUBLISHED,Life expectancy (at birth),Zimbabwe,TOTAL,45.01274563
90E2E48WHOSIS_000001,WHOSIS_000001,90E2E48,WHOSIS_000001,2003,YEAR,724,COUNTRY,PUBLISHED,Life expectancy (at birth),Spain,TOTAL,79.41351479
90E2E48WHOSIS_000001,WHOSIS_000001,90E2E48,WHOSIS_000001,2003,YEAR,702,COUNTRY,PUBLISHED,Life expectancy (at birth),Singapore,TOTAL,79.61117466
90E2E48WHOSIS_000001,WHOSIS_000001,90E2E48,WHOSIS_000001,2004,YEAR,512,COUNTRY,PUBLISHED,Life expectancy (at birth),Oman,TOTAL,73.14911872
90E2E48WHOSIS_000001,WHOSIS_000001,90E2E48,WHOSIS_000001,2004,YEAR,524,COUNTRY,PUBLISHED,Life expectancy (at birth),Nepal,TOTAL,67.69735163
90E2E48WHOSIS_000001,WHOSIS_000001,90E2E48,WHOSIS_000001,2004,YEAR,554,COUNTRY,PUBLISHED,Life expectancy (at birth),New Zealand,TOTAL,79.15482107
90E2E48WHOSIS_000001,WHOSIS_000001,90E2E48,WHOSIS_000001,2004,YEAR,480,COUNTRY,PUBLISHED,Life expectancy (at birth),Mauritius,TOTAL,71.98706152
90E2E48WHOSIS_000001,WHOSIS_000001,90E2E48,WHOSIS_000001,2004,YEAR,484,COUNTRY,PUBLISHED,Life expectancy (at birth),Mexico,TOTAL,75.04316184
90E2E48WHOSIS_000001,WHOSIS_000001,90E2E48,WHOSIS_000001,2004,YEAR,496,COUNTRY,PUBLISHED,Life expectancy (at birth),Mongolia,TOTAL,64.84071925
90E2E48WHOSIS_000001,WHOSIS_000001,90E2E48,WHOSIS_000001,2006,YEAR,246,COUNTRY,PUBLISHED,Life expectancy (at birth),Finland,TOTAL,79.23326293
90E2E48WHOSIS_000001,WHOSIS_000001,90E2E48,WHOSIS_000001,2005,YEAR,372,COUNTRY,PUBLISHED,Life expectancy (at birth),Ireland,TOTAL,78.82008327
90E2E48WHOSIS_000001,WHOSIS_000001,90E2E48,WHOSIS_000001,2005,YEAR,376,COUNTRY,PUBLISHED,Life expectancy (at birth),Israel,TOTAL,79.7067797
90E2E48WHOSIS_000001,WHOSIS_000001,90E2E48,WHOSIS_000001,2005,YEAR,380,COUNTRY,PUBLISHED,Life expectancy (at birth),Italy,TOTAL,80.51057716
90E2E48WHOSIS_000001,WHOSIS_000001,90E2E48,WHOSIS_000001,2008,YEAR,4,COUNTRY,PUBLISHED,Life expectancy (at birth),Afghanistan,TOTAL,57.9008556
90E2E48WHOSIS_000001,WHOSIS_000001,90E2E48,WHOSIS_000001,2006,YEAR,250,COUNTRY,PUBLISHED,Life expectancy (at birth),France,TOTAL,80.52598237
90E2E48WHOSIS_000001,WHOSIS_000001,90E2E48,WHOSIS_000001,2008,YEAR,388,COUNTRY,PUBLISHED,Life expectancy (at birth),Jamaica,TOTAL,70.6377363
90E2E48WHOSIS_000001,WHOSIS_000001,90E2E48,WHOSIS_000001,2008,YEAR,392,COUNTRY,PUBLISHED,Life expectancy (at birth),Japan,TOTAL,82.83288975
90E2E48WHOSIS_000001,WHOSIS_000001,90E2E48,WHOSIS_000001,2008,YEAR,398,COUNTRY,PUBLISHED,Life expectancy (at birth),Kazakhstan,TOTAL,67.14338476
90E2E48WHOSIS_000001,WHOSIS_000001,90E2E48,WHOSIS_000001,2006,YEAR,268,COUNTRY,PUBLISHED,Life expectancy (at birth),Georgia,TOTAL,72.02382849
90E2E48WHOSIS_000001,WHOSIS_000001,90E2E48,WHOSIS_000001,2008,YEAR,400,COUNTRY,PUBLISHED,Life expectancy (at birth),Jordan,TOTAL,75.81217115
90E2E48WHOSIS_000001,WHOSIS_000001,90E2E48,WHOSIS_000001,2008,YEAR,404,COUNTRY,PUBLISHED,Life expectancy (at birth),Kenya,TOTAL,59.48455643
90E2E48WHOSIS_000001,WHOSIS_000001,90E2E48,WHOSIS_000001,2019,YEAR,268,COUNTRY,PUBLISHED,Life expectancy (at birth),Georgia,TOTAL,73.85275108
90E2E48WHOSIS_000001,WHOSIS_000001,90E2E48,WHOSIS_000001,2008,YEAR,410,COUNTRY,PUBLISHED,Life expectancy (at birth),Republic of Korea,TOTAL,79.90917941
90E2E48WHOSIS_000001,WHOSIS_000001,90E2E48,WHOSIS_000001,2008,YEAR,414,COUNTRY,PUBLISHED,Life expectancy (at birth),Kuwait,TOTAL,78.26367194
90E2E48WHOSIS_000001,WHOSIS_000001,90E2E48,WHOSIS_000001,2019,YEAR,434,COUNTRY,PUBLISHED,Life expectancy (at birth),Libya,TOTAL,73.54365475
90E2E48WHOSIS_000001,WHOSIS_000001,90E2E48,WHOSIS_000001,2019,YEAR,480,COUNTRY,PUBLISHED,Life expectancy (at birth),Mauritius,TOTAL,74.05607067
90E2E48WHOSIS_000001,WHOSIS_000001,90E2E48,WHOSIS_000001,2008,YEAR,710,COUNTRY,PUBLISHED,Life expectancy (at birth),South Africa,TOTAL,53.91253666
90E2E48WHOSIS_000001,WHOSIS_000001,90E2E48,WHOSIS_000001,2008,YEAR,716,COUNTRY,PUBLISHED,Life expectancy (at birth),Zimbabwe,TOTAL,48.32688541
90E2E48WHOSIS_000001,WHOSIS_000001,90E2E48,WHOSIS_000001,2008,YEAR,724,COUNTRY,PUBLISHED,Life expectancy (at birth),Spain,TOTAL,80.97341639
90E2E48WHOSIS_000001,WHOSIS_000001,90E2E48,WHOSIS_000001,2019,YEAR,484,COUNTRY,PUBLISHED,Life expectancy (at birth),Mexico,TOTAL,75.8344286
90E2E48WHOSIS_000001,WHOSIS_000001,90E2E48,WHOSIS_000001,2019,YEAR,496,COUNTRY,PUBLISHED,Life expectancy (at birth),Mongolia,TOTAL,70.7501793
90E2E48WHOSIS_000001,WHOSIS_000001,90E2E48,WHOSIS_000001,2008,YEAR,706,COUNTRY,PUBLISHED,Life expectancy (at birth),Somalia,TOTAL,50.31128296
90E2E48WHOSIS_000001,WHOSIS_000001,90E2E48,WHOSIS_000001,2008,YEAR,752,COUNTRY,PUBLISHED,Life expectancy (at birth),Sweden,TOTAL,80.9280163
90E2E48WHOSIS_000001,WHOSIS_000001,90E2E48,WHOSIS_000001,2008,YEAR,756,COUNTRY,PUBLISHED,Life expectancy (at birth),Switzerland,TOTAL,81.86194325
90E2E48WHOSIS_000001,WHOSIS_000001,90E2E48,WHOSIS_000001,2008,YEAR,784,COUNTRY,PUBLISHED,Life expectancy (at birth),United Arab Emirates,TOTAL,80.7993244
90E2E48WHOSIS_000001,WHOSIS_000001,90E2E48,WHOSIS_000001,2008,YEAR,764,COUNTRY,PUBLISHED,Life expectancy (at birth),Thailand,TOTAL,74.46372111
90E2E48WHOSIS_000001,WHOSIS_000001,90E2E48,WHOSIS_000001,2008,YEAR,840,COUNTRY,PUBLISHED,Life expectancy (at birth),United States of America,TOTAL,78.0493345
90E2E48WHOSIS_000001,WHOSIS_000001,90E2E48,WHOSIS_000001,2020,YEAR,616,COUNTRY,PUBLISHED,Life expectancy (at birth),Poland,TOTAL,76.38788167
90E2E48WHOSIS_000001,WHOSIS_000001,90E2E48,WHOSIS_000001,2020,YEAR,620,COUNTRY,PUBLISHED,Life expectancy (at birth),Portugal,TOTAL,80.81837464
90E2E48WHOSIS_000001,WHOSIS_000001,90E2E48,WHOSIS_000001,2008,YEAR,818,COUNTRY,PUBLISHED,Life expectancy (at birth),Egypt,TOTAL,69.77109335
90E2E48WHOSIS_000001,WHOSIS_000001,90E2E48,WHOSIS_000001,2020,YEAR,682,COUNTRY,PUBLISHED,Life expectancy (at birth),Saudi Arabia,TOTAL,76.05844679
90E2E48WHOSIS_000001,WHOSIS_000001,90E2E48,WHOSIS_000001,2020,YEAR,634,COUNTRY,PUBLISHED,Life expectancy (at birth),Qatar,TOTAL,77.27588364
90E2E48WHOSIS_000001,WHOSIS_000001,90E2E48,WHOSIS_000001,2020,YEAR,642,COUNTRY,PUBLISHED,Life expectancy (at birth),Romania,TOTAL,74.09623224
90E2E48WHOSIS_000001,WHOSIS_000001,90E2E48,WHOSIS_000001,2020,YEAR,643,COUNTRY,PUBLISHED,Life expectancy (at birth),Russian Federation,TOTAL,71.37748039
90E2E48WHOSIS_000001,WHOSIS_000001,90E2E48,WHOSIS_000001,2020,YEAR,706,COUNTRY,PUBLISHED,Life expectancy (at birth),Somalia,TOTAL,55.12925544
90E2E48WHOSIS_000001,WHOSIS_000001,90E2E48,WHOSIS_000001,2020,YEAR,710,COUNTRY,PUBLISHED,Life expectancy (at birth),South Africa,TOTAL,64.30356494
90E2E48WHOSIS_000001,WHOSIS_000001,90E2E48,WHOSIS_000001,2020,YEAR,702,COUNTRY,PUBLISHED,Life expectancy (at birth),Singapore,TOTAL,83.99653626
90E2E48WHOSIS_000001,WHOSIS_000001,90E2E48,WHOSIS_000001,2020,YEAR,716,COUNTRY,PUBLISHED,Life expectancy (at birth),Zimbabwe,TOTAL,59.40476255
90E2E48WHOSIS_000001,WHOSIS_000001,90E2E48,WHOSIS_000001,2021,YEAR,380,COUNTRY,PUBLISHED,Life expectancy (at birth),Italy,TOTAL,82.19747411
90E2E48WHOSIS_000001,WHOSIS_000001,90E2E48,WHOSIS_000001,2021,YEAR,388,COUNTRY,PUBLISHED,Life expectancy (at birth),Jamaica,TOTAL,70.1439437
90E2E48WHOSIS_000001,WHOSIS_000001,90E2E48,WHOSIS_000001,2021,YEAR,392,COUNTRY,PUBLISHED,Life expectancy (at birth),Japan,TOTAL,84.46067178
90E2E48WHOSIS_000001,WHOSIS_000001,90E2E48,WHOSIS_000001,2020,YEAR,724,COUNTRY,PUBLISHED,Life expectancy (at birth),Spain,TOTAL,81.92498871
90E2E48WHOSIS_000001,WHOSIS_000001,90E2E48,WHOSIS_000001,2021,YEAR,360,COUNTRY,PUBLISHED,Life expectancy (at birth),Indonesia,TOTAL,68.26167935
90E2E48WHOSIS_000001,WHOSIS_000001,90E2E48,WHOSIS_000001,2021,YEAR,364,COUNTRY,PUBLISHED,Life expectancy (at birth),Iran (Islamic Republic of),TOTAL,74.71077692
90E2E48WHOSIS_000001,WHOSIS_000001,90E2E48,WHOSIS_000001,2021,YEAR,368,COUNTRY,PUBLISHED,Life expectancy (at birth),Iraq,TOTAL,71.46632369
90E2E48WHOSIS_000001,WHOSIS_000001,90E2E48,WHOSIS_000001,2021,YEAR,372,COUNTRY,PUBLISHED,Life expectancy (at birth),Ireland,TOTAL,81.60162902
90E2E48WHOSIS_000001,WHOSIS_000001,90E2E48,WHOSIS_000001,2021,YEAR,376,COUNTRY,PUBLISHED,Life expectancy (at birth),Israel,TOTAL,81.74464677
90E2E48WHOSIS_000001,WHOSIS_000001,90E2E48,WHOSIS_000001,2021,YEAR,398,COUNTRY,PUBLISHED,Life expectancy (at birth),Kazakhstan,TOTAL,70.27511981
90E2E48WHOSIS_000001,WHOSIS_000001,90E2E48,WHOSIS_000001,2008,YEAR,56,COUNTRY,PUBLISHED,Life expectancy (at birth),Belgium,TOTAL,79.56481171
90E2E48WHOSIS_000001,WHOSIS_000001,90E2E48,WHOSIS_000001,2021,YEAR,400,COUNTRY,PUBLISHED,Life expectancy (at birth),Jordan,TOTAL,75.64973596
90E2E48WHOSIS_000001,WHOSIS_000001,90E2E48,WHOSIS_000001,2021,YEAR,404,COUNTRY,PUBLISHED,Life expectancy (at birth),Kenya,TOTAL,66.76221995
90E2E48WHOSIS_000001,WHOSIS_000001,90E2E48,WHOSIS_000001,2021,YEAR,410,COUNTRY,PUBLISHED,Life expectancy (at birth),Republic of Korea,TOTAL,83.79982334
90E2E48WHOSIS_000001,WHOSIS_000001,90E2E48,WHOSIS_000001,2021,YEAR,414,COUNTRY,PUBLISHED,Life expectancy (at birth),Kuwait,TOTAL,78.95211671
90E2E48WHOSIS_000001,WHOSIS_000001,90E2E48,WHOSIS_000001,2008,YEAR,104,COUNTRY,PUBLISHED,Life expectancy (at birth),Myanmar,TOTAL,56.90830711
90E2E48WHOSIS_000001,WHOSIS_000001,90E2E48,WHOSIS_000001,2008,YEAR,76,COUNTRY,PUBLISHED,Life expectancy (at birth),Brazil,TOTAL,73.71397618
90E2E48WHOSIS_000001,WHOSIS_000001,90E2E48,WHOSIS_000001,2008,YEAR,124,COUNTRY,PUBLISHED,Life expectancy (at birth),Canada,TOTAL,80.56313756
90E2E48WHOSIS_000001,WHOSIS_000001,90E2E48,WHOSIS_000001,2008,YEAR,144,COUNTRY,PUBLISHED,Life expectancy (at birth),Sri Lanka,TOTAL,73.1378661
90E2E48WHOSIS_000001,WHOSIS_000001,90E2E48,WHOSIS_000001,2008,YEAR,156,COUNTRY,PUBLISHED,Life expectancy (at birth),China,TOTAL,73.99659977
90E2E48WHOSIS_000001,WHOSIS_000001,90E2E48,WHOSIS_000001,2008,YEAR,170,COUNTRY,PUBLISHED,Life expectancy (at birth),Colombia,TOTAL,75.40888643
90E2E48WHOSIS_000001,WHOSIS_000001,90E2E48,WHOSIS_000001,2019,YEAR,192,COUNTRY,PUBLISHED,Life expectancy (at birth),Cuba,TOTAL,77.66173555
90E2E48WHOSIS_000001,WHOSIS_000001,90E2E48,WHOSIS_000001,2019,YEAR,246,COUNTRY,PUBLISHED,Life expectancy (at birth),Finland,TOTAL,81.64702187
90E2E48WHOSIS_000001,WHOSIS_000001,90E2E48,WHOSIS_000001,2019,YEAR,250,COUNTRY,PUBLISHED,Life expectancy (at birth),France,TOTAL,82.52902201
90E2E48WHOSIS_000001,WHOSIS_000001,90E2E48,WHOSIS_000001,2019,YEAR,300,COUNTRY,PUBLISHED,Life expectancy (at birth),Greece,TOTAL,80.90744762
90E2E48WHOSIS_000001,WHOSIS_000001,90E2E48,WHOSIS_000001,2019,YEAR,308,COUNTRY,PUBLISHED,Life expectancy (at birth),Grenada,TOTAL,72.72978901
90E2E48WHOSIS_000001,WHOSIS_000001,90E2E48,WHOSIS_000001,2019,YEAR,376,COUNTRY,PUBLISHED,Life expectancy (at birth),Israel,TOTAL,82.57325579
90E2E48WHOSIS_000001,WHOSIS_000001,90E2E48,WHOSIS_000001,2019,YEAR,380,COUNTRY,PUBLISHED,Life expectancy (at birth),Italy,TOTAL,82.98522568
90E2E48WHOSIS_000001,WHOSIS_000001,90E2E48,WHOSIS_000001,2019,YEAR,388,COUNTRY,PUBLISHED,Life expectancy (at birth),Jamaica,TOTAL,72.23602877
90E2E48WHOSIS_000001,WHOSIS_000001,90E2E48,WHOSIS_000001,2019,YEAR,352,COUNTRY,PUBLISHED,Life expectancy (at birth),Iceland,TOTAL,82.4706163
90E2E48WHOSIS_000001,WHOSIS_000001,90E2E48,WHOSIS_000001,2019,YEAR,356,COUNTRY,PUBLISHED,Life expectancy (at birth),India,TOTAL,70.72711152
90E2E48WHOSIS_000001,WHOSIS_000001,90E2E48,WHOSIS_000001,2019,YEAR,360,COUNTRY,PUBLISHED,Life expectancy (at birth),Indonesia,TOTAL,71.40110181
90E2E48WHOSIS_000001,WHOSIS_000001,90E2E48,WHOSIS_000001,2019,YEAR,364,COUNTRY,PUBLISHED,Life expectancy (at birth),Iran (Islamic Republic of),TOTAL,77.78361908
90E2E48WHOSIS_000001,WHOSIS_000001,90E2E48,WHOSIS_000001,2019,YEAR,368,COUNTRY,PUBLISHED,Life expectancy (at birth),Iraq,TOTAL,72.90009776
90E2E48WHOSIS_000001,WHOSIS_000001,90E2E48,WHOSIS_000001,2019,YEAR,372,COUNTRY,PUBLISHED,Life expectancy (at birth),Ireland,TOTAL,81.93976292
90E2E48WHOSIS_000001,WHOSIS_000001,90E2E48,WHOSIS_000001,2019,YEAR,392,COUNTRY,PUBLISHED,Life expectancy (at birth),Japan,TOTAL,84.46675304
90E2E48WHOSIS_000001,WHOSIS_000001,90E2E48,WHOSIS_000001,2019,YEAR,398,COUNTRY,PUBLISHED,Life expectancy (at birth),Kazakhstan,TOTAL,73.20279408
90E2E48WHOSIS_000001,WHOSIS_000001,90E2E48,WHOSIS_000001,2019,YEAR,400,COUNTRY,PUBLISHED,Life expectancy (at birth),Jordan,TOTAL,79.7854181
90E2E48WHOSIS_000001,WHOSIS_000001,90E2E48,WHOSIS_000001,2019,YEAR,404,COUNTRY,PUBLISHED,Life expectancy (at birth),Kenya,TOTAL,66.50141922
90E2E48WHOSIS_000001,WHOSIS_000001,90E2E48,WHOSIS_000001,2019,YEAR,410,COUNTRY,PUBLISHED,Life expectancy (at birth),Republic of Korea,TOTAL,83.68842093
90E2E48WHOSIS_000001,WHOSIS_000001,90E2E48,WHOSIS_000001,2019,YEAR,414,COUNTRY,PUBLISHED,Life expectancy (at birth),Kuwait,TOTAL,82.50221054
90E2E48WHOSIS_000001,WHOSIS_000001,90E2E48,WHOSIS_000001,2020,YEAR,56,COUNTRY,PUBLISHED,Life expectancy (at birth),Belgium,TOTAL,80.77564866
90E2E48WHOSIS_000001,WHOSIS_000001,90E2E48,WHOSIS_000001,2008,YEAR,682,COUNTRY,PUBLISHED,Life expectancy (at birth),Saudi Arabia,TOTAL,72.99776938
90E2E48WHOSIS_000001,WHOSIS_000001,90E2E48,WHOSIS_000001,2008,YEAR,702,COUNTRY,PUBLISHED,Life expectancy (at birth),Singapore,TOTAL,80.97823119
90E2E48WHOSIS_000001,WHOSIS_000001,90E2E48,WHOSIS_000001,2020,YEAR,76,COUNTRY,PUBLISHED,Life expectancy (at birth),Brazil,TOTAL,74.11393563
90E2E48WHOSIS_000001,WHOSIS_000001,90E2E48,WHOSIS_000001,2020,YEAR,104,COUNTRY,PUBLISHED,Life expectancy (at birth),Myanmar,TOTAL,68.86849549
90E2E48WHOSIS_000001,WHOSIS_000001,90E2E48,WHOSIS_000001,2020,YEAR,524,COUNTRY,PUBLISHED,Life expectancy (at birth),Nepal,TOTAL,70.98964531
90E2E48WHOSIS_000001,WHOSIS_000001,90E2E48,WHOSIS_000001,2020,YEAR,554,COUNTRY,PUBLISHED,Life expectancy (at birth),New Zealand,TOTAL,82.5016081
90E2E48WHOSIS_000001,WHOSIS_000001,90E2E48,WHOSIS_000001,2020,YEAR,496,COUNTRY,PUBLISHED,Life expectancy (at birth),Mongolia,TOTAL,72.70622882
90E2E48WHOSIS_000001,WHOSIS_000001,90E2E48,WHOSIS_000001,2020,YEAR,512,COUNTRY,PUBLISHED,Life expectancy (at birth),Oman,TOTAL,73.88668102
90E2E48WHOSIS_000001,WHOSIS_000001,90E2E48,WHOSIS_000001,2020,YEAR,586,COUNTRY,PUBLISHED,Life expectancy (at birth),Pakistan,TOTAL,65.84948383
90E2E48WHOSIS_000001,WHOSIS_000001,90E2E48,WHOSIS_000001,2009,YEAR,56,COUNTRY,PUBLISHED,Life expectancy (at birth),Belgium,TOTAL,79.82665275
90E2E48WHOSIS_000001,WHOSIS_000001,90E2E48,WHOSIS_000001,2020,YEAR,578,COUNTRY,PUBLISHED,Life expectancy (at birth),Norway,TOTAL,82.83923455
90E2E48WHOSIS_000001,WHOSIS_000001,90E2E48,WHOSIS_000001,2020,YEAR,604,COUNTRY,PUBLISHED,Life expectancy (at birth),Peru,TOTAL,72.7753962
90E2E48WHOSIS_000001,WHOSIS_000001,90E2E48,WHOSIS_000001,2021,YEAR,300,COUNTRY,PUBLISHED,Life expectancy (at birth),Greece,TOTAL,79.59785025
90E2E48WHOSIS_000001,WHOSIS_000001,90E2E48,WHOSIS_000001,2021,YEAR,308,COUNTRY,PUBLISHED,Life expectancy (at birth),Grenada,TOTAL,72.77322454
90E2E48WHOSIS_000001,WHOSIS_000001,90E2E48,WHOSIS_000001,2020,YEAR,608,COUNTRY,PUBLISHED,Life expectancy (at birth),Philippines,TOTAL,69.6404352
90E2E48WHOSIS_000001,WHOSIS_000001,90E2E48,WHOSIS_000001,2021,YEAR,268,COUNTRY,PUBLISHED,Life expectancy (at birth),Georgia,TOTAL,71.24038597
90E2E48WHOSIS_000001,WHOSIS_000001,90E2E48,WHOSIS_000001,2021,YEAR,276,COUNTRY,PUBLISHED,Life expectancy (at birth),Germany,TOTAL,80.49140555
90E2E48WHOSIS_000001,WHOSIS_000001,90E2E48,WHOSIS_000001,2019,YEAR,104,COUNTRY,PUBLISHED,Life expectancy (at birth),Myanmar,TOTAL,68.80517618
90E2E48WHOSIS_000001,WHOSIS_000001,90E2E48,WHOSIS_000001,2021,YEAR,352,COUNTRY,PUBLISHED,Life expectancy (at birth),Iceland,TOTAL,82.57766731
90E2E48WHOSIS_000001,WHOSIS_000001,90E2E48,WHOSIS_000001,2021,YEAR,356,COUNTRY,PUBLISHED,Life expectancy (at birth),India,TOTAL,67.30780612
90E2E48WHOSIS_000001,WHOSIS_000001,90E2E48,WHOSIS_000001,2019,YEAR,76,COUNTRY,PUBLISHED,Life expectancy (at birth),Brazil,TOTAL,75.47815778
90E2E48WHOSIS_000001,WHOSIS_000001,90E2E48,WHOSIS_000001,2019,YEAR,156,COUNTRY,PUBLISHED,Life expectancy (at birth),China,TOTAL,77.31273653
90E2E48WHOSIS_000001,WHOSIS_000001,90E2E48,WHOSIS_000001,2019,YEAR,170,COUNTRY,PUBLISHED,Life expectancy (at birth),Colombia,TOTAL,77.9535847
90E2E48WHOSIS_000001,WHOSIS_000001,90E2E48,WHOSIS_000001,2019,YEAR,124,COUNTRY,PUBLISHED,Life expectancy (at birth),Canada,TOTAL,82.0216251
90E2E48WHOSIS_000001,WHOSIS_000001,90E2E48,WHOSIS_000001,2019,YEAR,144,COUNTRY,PUBLISHED,Life expectancy (at birth),Sri Lanka,TOTAL,77.45083261
90E2E48WHOSIS_000001,WHOSIS_000001,90E2E48,WHOSIS_000001,2013,YEAR,702,COUNTRY,PUBLISHED,Life expectancy (at birth),Singapore,TOTAL,82.36588027
90E2E48WHOSIS_000001,WHOSIS_000001,90E2E48,WHOSIS_000001,2014,YEAR,104,COUNTRY,PUBLISHED,Life expectancy (at birth),Myanmar,TOTAL,67.0395851
90E2E48WHOSIS_000001,WHOSIS_000001,90E2E48,WHOSIS_000001,2014,YEAR,56,COUNTRY,PUBLISHED,Life expectancy (at birth),Belgium,TOTAL,80.94130643
90E2E48WHOSIS_000001,WHOSIS_000001,90E2E48,WHOSIS_000001,2014,YEAR,76,COUNTRY,PUBLISHED,Life expectancy (at birth),Brazil,TOTAL,74.63621389
90E2E48WHOSIS_000001,WHOSIS_000001,90E2E48,WHOSIS_000001,2014,YEAR,124,COUNTRY,PUBLISHED,Life expectancy (at birth),Canada,TOTAL,81.59103957
90E2E48WHOSIS_000001,WHOSIS_000001,90E2E48,WHOSIS_000001,2014,YEAR,144,COUNTRY,PUBLISHED,Life expectancy (at birth),Sri Lanka,TOTAL,76.17612763
90E2E48WHOSIS_000001,WHOSIS_000001,90E2E48,WHOSIS_000001,2014,YEAR,496,COUNTRY,PUBLISHED,Life expectancy (at birth),Mongolia,TOTAL,68.96351192
90E2E48WHOSIS_000001,WHOSIS_000001,90E2E48,WHOSIS_000001,2014,YEAR,480,COUNTRY,PUBLISHED,Life expectancy (at birth),Mauritius,TOTAL,74.00992363
90E2E48WHOSIS_000001,WHOSIS_000001,90E2E48,WHOSIS_000001,2014,YEAR,484,COUNTRY,PUBLISHED,Life expectancy (at birth),Mexico,TOTAL,75.90738439
90E2E48WHOSIS_000001,WHOSIS_000001,90E2E48,WHOSIS_000001,2012,YEAR,818,COUNTRY,PUBLISHED,Life expectancy (at birth),Egypt,TOTAL,69.82990211
90E2E48WHOSIS_000001,WHOSIS_000001,90E2E48,WHOSIS_000001,2014,YEAR,512,COUNTRY,PUBLISHED,Life expectancy (at birth),Oman,TOTAL,73.9416621
90E2E48WHOSIS_000001,WHOSIS_000001,90E2E48,WHOSIS_000001,2012,YEAR,840,COUNTRY,PUBLISHED,Life expectancy (at birth),United States of America,TOTAL,78.77111574
90E2E48WHOSIS_000001,WHOSIS_000001,90E2E48,WHOSIS_000001,2012,YEAR,955,WHOREGION,PUBLISHED,Life expectancy (at birth),South-East Asia,TOTAL,69.06374791
90E2E48WHOSIS_000001,WHOSIS_000001,90E2E48,WHOSIS_000001,2012,YEAR,956,WHOREGION,PUBLISHED,Life expectancy (at birth),Europe,TOTAL,76.35705486
90E2E48WHOSIS_000001,WHOSIS_000001,90E2E48,WHOSIS_000001,2012,YEAR,953,WHOREGION,PUBLISHED,Life expectancy (at birth),Africa,TOTAL,60.93267407
90E2E48WHOSIS_000001,WHOSIS_000001,90E2E48,WHOSIS_000001,2020,YEAR,954,WHOREGION,PUBLISHED,Life expectancy (at birth),Americas,TOTAL,75.0691549
90E2E48WHOSIS_000001,WHOSIS_000001,90E2E48,WHOSIS_000001,2012,YEAR,887,COUNTRY,PUBLISHED,Life expectancy (at birth),Yemen,TOTAL,68.26819831
90E2E48WHOSIS_000001,WHOSIS_000001,90E2E48,WHOSIS_000001,2012,YEAR,894,COUNTRY,PUBLISHED,Life expectancy (at birth),Zambia,TOTAL,58.68526361
90E2E48WHOSIS_000001,WHOSIS_000001,90E2E48,WHOSIS_000001,2013,YEAR,36,COUNTRY,PUBLISHED,Life expectancy (at birth),Australia,TOTAL,82.46342447
90E2E48WHOSIS_000001,WHOSIS_000001,90E2E48,WHOSIS_000001,2013,YEAR,4,COUNTRY,PUBLISHED,Life expectancy (at birth),Afghanistan,TOTAL,60.43497705
90E2E48WHOSIS_000001,WHOSIS_000001,90E2E48,WHOSIS_000001,2013,YEAR,32,COUNTRY,PUBLISHED,Life expectancy (at birth),Argentina,TOTAL,76.20888199
90E2E48WHOSIS_000001,WHOSIS_000001,90E2E48,WHOSIS_000001,2013,YEAR,887,COUNTRY,PUBLISHED,Life expectancy (at birth),Yemen,TOTAL,68.75410162
90E2E48WHOSIS_000001,WHOSIS_000001,90E2E48,WHOSIS_000001,2013,YEAR,955,WHOREGION,PUBLISHED,Life expectancy (at birth),South-East Asia,TOTAL,69.37293715
90E2E48WHOSIS_000001,WHOSIS_000001,90E2E48,WHOSIS_000001,2013,YEAR,956,WHOREGION,PUBLISHED,Life expectancy (at birth),Europe,TOTAL,76.70126192
90E2E48WHOSIS_000001,WHOSIS_000001,90E2E48,WHOSIS_000001,2013,YEAR,894,COUNTRY,PUBLISHED,Life expectancy (at birth),Zambia,TOTAL,59.35535185
90E2E48WHOSIS_000001,WHOSIS_000001,90E2E48,WHOSIS_000001,2013,YEAR,953,WHOREGION,PUBLISHED,Life expectancy (at birth),Africa,TOTAL,61.51649833
90E2E48WHOSIS_000001,WHOSIS_000001,90E2E48,WHOSIS_000001,2020,YEAR,954,WHOREGION,PUBLISHED,Life expectancy (at birth),Americas,MALE,72.03296141
90E2E48WHOSIS_000001,WHOSIS_000001,90E2E48,WHOSIS_000001,2014,YEAR,36,COUNTRY,PUBLISHED,Life expectancy (at birth),Australia,TOTAL,82.36885018
90E2E48WHOSIS_000001,WHOSIS_000001,90E2E48,WHOSIS_000001,2014,YEAR,4,COUNTRY,PUBLISHED,Life expectancy (at birth),Afghanistan,TOTAL,60.42859204
90E2E48WHOSIS_000001,WHOSIS_000001,90E2E48,WHOSIS_000001,2014,YEAR,32,COUNTRY,PUBLISHED,Life expectancy (at birth),Argentina,TOTAL,76.51452536
90E2E48WHOSIS_000001,WHOSIS_000001,90E2E48,WHOSIS_000001,2013,YEAR,752,COUNTRY,PUBLISHED,Life expectancy (at birth),Sweden,TOTAL,81.64075183
90E2E48WHOSIS_000001,WHOSIS_000001,90E2E48,WHOSIS_000001,2013,YEAR,756,COUNTRY,PUBLISHED,Life expectancy (at birth),Switzerland,TOTAL,82.47547076
90E2E48WHOSIS_000001,WHOSIS_000001,90E2E48,WHOSIS_000001,2013,YEAR,246,COUNTRY,PUBLISHED,Life expectancy (at birth),Finland,TOTAL,80.67798392
90E2E48WHOSIS_000001,WHOSIS_000001,90E2E48,WHOSIS_000001,2013,YEAR,250,COUNTRY,PUBLISHED,Life expectancy (at birth),France,TOTAL,81.81996075
90E2E48WHOSIS_000001,WHOSIS_000001,90E2E48,WHOSIS_000001,2013,YEAR,764,COUNTRY,PUBLISHED,Life expectancy (at birth),Thailand,TOTAL,76.54383011
90E2E48WHOSIS_000001,WHOSIS_000001,90E2E48,WHOSIS_000001,2013,YEAR,784,COUNTRY,PUBLISHED,Life expectancy (at birth),United Arab Emirates,TOTAL,80.56393138
90E2E48WHOSIS_000001,WHOSIS_000001,90E2E48,WHOSIS_000001,2013,YEAR,818,COUNTRY,PUBLISHED,Life expectancy (at birth),Egypt,TOTAL,70.47150621
90E2E48WHOSIS_000001,WHOSIS_000001,90E2E48,WHOSIS_000001,2013,YEAR,124,COUNTRY,PUBLISHED,Life expectancy (at birth),Canada,TOTAL,81.55829938
90E2E48WHOSIS_000001,WHOSIS_000001,90E2E48,WHOSIS_000001,2013,YEAR,840,COUNTRY,PUBLISHED,Life expectancy (at birth),United States of America,TOTAL,78.75952758
90E2E48WHOSIS_000001,WHOSIS_000001,90E2E48,WHOSIS_000001,2013,YEAR,360,COUNTRY,PUBLISHED,Life expectancy (at birth),Indonesia,TOTAL,70.05398814
90E2E48WHOSIS_000001,WHOSIS_000001,90E2E48,WHOSIS_000001,2013,YEAR,364,COUNTRY,PUBLISHED,Life expectancy (at birth),Iran (Islamic Republic of),TOTAL,77.19669632
90E2E48WHOSIS_000001,WHOSIS_000001,90E2E48,WHOSIS_000001,2013,YEAR,368,COUNTRY,PUBLISHED,Life expectancy (at birth),Iraq,TOTAL,71.2340952
90E2E48WHOSIS_000001,WHOSIS_000001,90E2E48,WHOSIS_000001,2013,YEAR,372,COUNTRY,PUBLISHED,Life expectancy (at birth),Ireland,TOTAL,80.71347486
90E2E48WHOSIS_000001,WHOSIS_000001,90E2E48,WHOSIS_000001,2013,YEAR,144,COUNTRY,PUBLISHED,Life expectancy (at birth),Sri Lanka,TOTAL,75.82006448
90E2E48WHOSIS_000001,WHOSIS_000001,90E2E48,WHOSIS_000001,2013,YEAR,156,COUNTRY,PUBLISHED,Life expectancy (at birth),China,TOTAL,75.84030781
90E2E48WHOSIS_000001,WHOSIS_000001,90E2E48,WHOSIS_000001,2013,YEAR,170,COUNTRY,PUBLISHED,Life expectancy (at birth),Colombia,TOTAL,77.2278702
90E2E48WHOSIS_000001,WHOSIS_000001,90E2E48,WHOSIS_000001,2013,YEAR,356,COUNTRY,PUBLISHED,Life expectancy (at birth),India,TOTAL,68.51609058
90E2E48WHOSIS_000001,WHOSIS_000001,90E2E48,WHOSIS_000001,2013,YEAR,376,COUNTRY,PUBLISHED,Life expectancy (at birth),Israel,TOTAL,81.92176085
90E2E48WHOSIS_000001,WHOSIS_000001,90E2E48,WHOSIS_000001,2013,YEAR,410,COUNTRY,PUBLISHED,Life expectancy (at birth),Republic of Korea,TOTAL,81.68616863
90E2E48WHOSIS_000001,WHOSIS_000001,90E2E48,WHOSIS_000001,2013,YEAR,414,COUNTRY,PUBLISHED,Life expectancy (at birth),Kuwait,TOTAL,81.73672815
90E2E48WHOSIS_000001,WHOSIS_000001,90E2E48,WHOSIS_000001,2013,YEAR,380,COUNTRY,PUBLISHED,Life expectancy (at birth),Italy,TOTAL,82.2878749
90E2E48WHOSIS_000001,WHOSIS_000001,90E2E48,WHOSIS_000001,2013,YEAR,388,COUNTRY,PUBLISHED,Life expectancy (at birth),Jamaica,TOTAL,74.2198557
90E2E48WHOSIS_000001,WHOSIS_000001,90E2E48,WHOSIS_000001,2013,YEAR,392,COUNTRY,PUBLISHED,Life expectancy (at birth),Japan,TOTAL,83.56021789
90E2E48WHOSIS_000001,WHOSIS_000001,90E2E48,WHOSIS_000001,2013,YEAR,398,COUNTRY,PUBLISHED,Life expectancy (at birth),Kazakhstan,TOTAL,70.6757737
90E2E48WHOSIS_000001,WHOSIS_000001,90E2E48,WHOSIS_000001,2013,YEAR,400,COUNTRY,PUBLISHED,Life expectancy (at birth),Jordan,TOTAL,77.52470069
90E2E48WHOSIS_000001,WHOSIS_000001,90E2E48,WHOSIS_000001,2013,YEAR,404,COUNTRY,PUBLISHED,Life expectancy (at birth),Kenya,TOTAL,63.11575218
90E2E48WHOSIS_000001,WHOSIS_000001,90E2E48,WHOSIS_000001,2014,YEAR,634,COUNTRY,PUBLISHED,Life expectancy (at birth),Qatar,TOTAL,76.57011341
90E2E48WHOSIS_000001,WHOSIS_000001,90E2E48,WHOSIS_000001,2014,YEAR,642,COUNTRY,PUBLISHED,Life expectancy (at birth),Romania,TOTAL,74.86061311
90E2E48WHOSIS_000001,WHOSIS_000001,90E2E48,WHOSIS_000001,2013,YEAR,434,COUNTRY,PUBLISHED,Life expectancy (at birth),Libya,TOTAL,74.21873286
90E2E48WHOSIS_000001,WHOSIS_000001,90E2E48,WHOSIS_000001,2014,YEAR,643,COUNTRY,PUBLISHED,Life expectancy (at birth),Russian Federation,TOTAL,70.68556822
90E2E48WHOSIS_000001,WHOSIS_000001,90E2E48,WHOSIS_000001,2015,YEAR,76,COUNTRY,PUBLISHED,Life expectancy (at birth),Brazil,TOTAL,74.711289
90E2E48WHOSIS_000001,WHOSIS_000001,90E2E48,WHOSIS_000001,2015,YEAR,104,COUNTRY,PUBLISHED,Life expectancy (at birth),Myanmar,TOTAL,67.42672255
90E2E48WHOSIS_000001,WHOSIS_000001,90E2E48,WHOSIS_000001,2015,YEAR,192,COUNTRY,PUBLISHED,Life expectancy (at birth),Cuba,TOTAL,77.92972815
90E2E48WHOSIS_000001,WHOSIS_000001,90E2E48,WHOSIS_000001,2015,YEAR,512,COUNTRY,PUBLISHED,Life expectancy (at birth),Oman,TOTAL,73.77326508
90E2E48WHOSIS_000001,WHOSIS_000001,90E2E48,WHOSIS_000001,2015,YEAR,524,COUNTRY,PUBLISHED,Life expectancy (at birth),Nepal,TOTAL,69.77673885
90E2E48WHOSIS_000001,WHOSIS_000001,90E2E48,WHOSIS_000001,2015,YEAR,480,COUNTRY,PUBLISHED,Life expectancy (at birth),Mauritius,TOTAL,74.12593279
90E2E48WHOSIS_000001,WHOSIS_000001,90E2E48,WHOSIS_000001,2015,YEAR,484,COUNTRY,PUBLISHED,Life expectancy (at birth),Mexico,TOTAL,75.93967708
90E2E48WHOSIS_000001,WHOSIS_000001,90E2E48,WHOSIS_000001,2015,YEAR,496,COUNTRY,PUBLISHED,Life expectancy (at birth),Mongolia,TOTAL,69.246045
90E2E48WHOSIS_000001,WHOSIS_000001,90E2E48,WHOSIS_000001,2016,YEAR,76,COUNTRY,PUBLISHED,Life expectancy (at birth),Brazil,TOTAL,74.56188231
90E2E48WHOSIS_000001,WHOSIS_000001,90E2E48,WHOSIS_000001,2015,YEAR,955,WHOREGION,PUBLISHED,Life expectancy (at birth),South-East Asia,TOTAL,70.14297402
90E2E48WHOSIS_000001,WHOSIS_000001,90E2E48,WHOSIS_000001,2015,YEAR,956,WHOREGION,PUBLISHED,Life expectancy (at birth),Europe,TOTAL,77.02127407
90E2E48WHOSIS_000001,WHOSIS_000001,90E2E48,WHOSIS_000001,2016,YEAR,4,COUNTRY,PUBLISHED,Life expectancy (at birth),Afghanistan,TOTAL,60.39366208
90E2E48WHOSIS_000001,WHOSIS_000001,90E2E48,WHOSIS_000001,2016,YEAR,124,COUNTRY,PUBLISHED,Life expectancy (at birth),Canada,TOTAL,81.74452018
90E2E48WHOSIS_000001,WHOSIS_000001,90E2E48,WHOSIS_000001,2016,YEAR,104,COUNTRY,PUBLISHED,Life expectancy (at birth),Myanmar,TOTAL,67.8624826
90E2E48WHOSIS_000001,WHOSIS_000001,90E2E48,WHOSIS_000001,2016,YEAR,434,COUNTRY,PUBLISHED,Life expectancy (at birth),Libya,TOTAL,72.63664308
90E2E48WHOSIS_000001,WHOSIS_000001,90E2E48,WHOSIS_000001,2016,YEAR,608,COUNTRY,PUBLISHED,Life expectancy (at birth),Philippines,TOTAL,69.24553796
90E2E48WHOSIS_000001,WHOSIS_000001,90E2E48,WHOSIS_000001,2016,YEAR,616,COUNTRY,PUBLISHED,Life expectancy (at birth),Poland,TOTAL,77.66853135
90E2E48WHOSIS_000001,WHOSIS_000001,90E2E48,WHOSIS_000001,2016,YEAR,620,COUNTRY,PUBLISHED,Life expectancy (at birth),Portugal,TOTAL,80.90466136
90E2E48WHOSIS_000001,WHOSIS_000001,90E2E48,WHOSIS_000001,2016,YEAR,604,COUNTRY,PUBLISHED,Life expectancy (at birth),Peru,TOTAL,80.1644759
90E2E48WHOSIS_000001,WHOSIS_000001,90E2E48,WHOSIS_000001,2016,YEAR,634,COUNTRY,PUBLISHED,Life expectancy (at birth),Qatar,TOTAL,78.22428304
90E2E48WHOSIS_000001,WHOSIS_000001,90E2E48,WHOSIS_000001,2014,YEAR,276,COUNTRY,PUBLISHED,Life expectancy (at birth),Germany,TOTAL,80.7599266
90E2E48WHOSIS_000001,WHOSIS_000001,90E2E48,WHOSIS_000001,2014,YEAR,246,COUNTRY,PUBLISHED,Life expectancy (at birth),Finland,TOTAL,80.86537331
90E2E48WHOSIS_000001,WHOSIS_000001,90E2E48,WHOSIS_000001,2014,YEAR,250,COUNTRY,PUBLISHED,Life expectancy (at birth),France,TOTAL,82.2489409
90E2E48WHOSIS_000001,WHOSIS_000001,90E2E48,WHOSIS_000001,2014,YEAR,268,COUNTRY,PUBLISHED,Life expectancy (at birth),Georgia,TOTAL,72.72305539
90E2E48WHOSIS_000001,WHOSIS_000001,90E2E48,WHOSIS_000001,2014,YEAR,352,COUNTRY,PUBLISHED,Life expectancy (at birth),Iceland,TOTAL,82.09822512
90E2E48WHOSIS_000001,WHOSIS_000001,90E2E48,WHOSIS_000001,2014,YEAR,300,COUNTRY,PUBLISHED,Life expectancy (at birth),Greece,TOTAL,80.83818972
90E2E48WHOSIS_000001,WHOSIS_000001,90E2E48,WHOSIS_000001,2019,YEAR,608,COUNTRY,PUBLISHED,Life expectancy (at birth),Philippines,TOTAL,69.42943033
90E2E48WHOSIS_000001,WHOSIS_000001,90E2E48,WHOSIS_000001,2019,YEAR,616,COUNTRY,PUBLISHED,Life expectancy (at birth),Poland,TOTAL,77.72984544
90E2E48WHOSIS_000001,WHOSIS_000001,90E2E48,WHOSIS_000001,2019,YEAR,620,COUNTRY,PUBLISHED,Life expectancy (at birth),Portugal,TOTAL,81.36750616
90E2E48WHOSIS_000001,WHOSIS_000001,90E2E48,WHOSIS_000001,2014,YEAR,308,COUNTRY,PUBLISHED,Life expectancy (at birth),Grenada,TOTAL,72.54366171
90E2E48WHOSIS_000001,WHOSIS_000001,90E2E48,WHOSIS_000001,2019,YEAR,604,COUNTRY,PUBLISHED,Life expectancy (at birth),Peru,TOTAL,78.29293866
90E2E48WHOSIS_000001,WHOSIS_000001,90E2E48,WHOSIS_000001,2019,YEAR,682,COUNTRY,PUBLISHED,Life expectancy (at birth),Saudi Arabia,TOTAL,76.93147355
90E2E48WHOSIS_000001,WHOSIS_000001,90E2E48,WHOSIS_000001,2019,YEAR,634,COUNTRY,PUBLISHED,Life expectancy (at birth),Qatar,TOTAL,78.89595906
90E2E48WHOSIS_000001,WHOSIS_000001,90E2E48,WHOSIS_000001,2019,YEAR,642,COUNTRY,PUBLISHED,Life expectancy (at birth),Romania,TOTAL,75.4603753
90E2E48WHOSIS_000001,WHOSIS_000001,90E2E48,WHOSIS_000001,2019,YEAR,643,COUNTRY,PUBLISHED,Life expectancy (at birth),Russian Federation,TOTAL,73.21856487
90E2E48WHOSIS_000001,WHOSIS_000001,90E2E48,WHOSIS_000001,2019,YEAR,716,COUNTRY,PUBLISHED,Life expectancy (at birth),Zimbabwe,TOTAL,59.07171997
90E2E48WHOSIS_000001,WHOSIS_000001,90E2E48,WHOSIS_000001,2019,YEAR,724,COUNTRY,PUBLISHED,Life expectancy (at birth),Spain,TOTAL,83.13561895
90E2E48WHOSIS_000001,WHOSIS_000001,90E2E48,WHOSIS_000001,2020,YEAR,124,COUNTRY,PUBLISHED,Life expectancy (at birth),Canada,TOTAL,81.29950989
90E2E48WHOSIS_000001,WHOSIS_000001,90E2E48,WHOSIS_000001,2019,YEAR,702,COUNTRY,PUBLISHED,Life expectancy (at birth),Singapore,TOTAL,83.8984774
90E2E48WHOSIS_000001,WHOSIS_000001,90E2E48,WHOSIS_000001,2019,YEAR,706,COUNTRY,PUBLISHED,Life expectancy (at birth),Somalia,TOTAL,55.21397342
90E2E48WHOSIS_000001,WHOSIS_000001,90E2E48,WHOSIS_000001,2019,YEAR,710,COUNTRY,PUBLISHED,Life expectancy (at birth),South Africa,TOTAL,65.83739077
90E2E48WHOSIS_000001,WHOSIS_000001,90E2E48,WHOSIS_000001,2020,YEAR,192,COUNTRY,PUBLISHED,Life expectancy (at birth),Cuba,TOTAL,77.63538969
90E2E48WHOSIS_000001,WHOSIS_000001,90E2E48,WHOSIS_000001,2020,YEAR,144,COUNTRY,PUBLISHED,Life expectancy (at birth),Sri Lanka,TOTAL,80.65621609
90E2E48WHOSIS_000001,WHOSIS_000001,90E2E48,WHOSIS_000001,2020,YEAR,156,COUNTRY,PUBLISHED,Life expectancy (at birth),China,TOTAL,77.48113543
90E2E48WHOSIS_000001,WHOSIS_000001,90E2E48,WHOSIS_000001,2020,YEAR,170,COUNTRY,PUBLISHED,Life expectancy (at birth),Colombia,TOTAL,76.17457612
90E2E48WHOSIS_000001,WHOSIS_000001,90E2E48,WHOSIS_000001,2009,YEAR,76,COUNTRY,PUBLISHED,Life expectancy (at birth),Brazil,TOTAL,73.8424263
90E2E48WHOSIS_000001,WHOSIS_000001,90E2E48,WHOSIS_000001,2021,YEAR,480,COUNTRY,PUBLISHED,Life expectancy (at birth),Mauritius,TOTAL,73.41967032
90E2E48WHOSIS_000001,WHOSIS_000001,90E2E48,WHOSIS_000001,2021,YEAR,484,COUNTRY,PUBLISHED,Life expectancy (at birth),Mexico,TOTAL,70.83258685
90E2E48WHOSIS_000001,WHOSIS_000001,90E2E48,WHOSIS_000001,2009,YEAR,104,COUNTRY,PUBLISHED,Life expectancy (at birth),Myanmar,TOTAL,63.9906783
90E2E48WHOSIS_000001,WHOSIS_000001,90E2E48,WHOSIS_000001,2009,YEAR,124,COUNTRY,PUBLISHED,Life expectancy (at birth),Canada,TOTAL,80.88259979
90E2E48WHOSIS_000001,WHOSIS_000001,90E2E48,WHOSIS_000001,2021,YEAR,496,COUNTRY,PUBLISHED,Life expectancy (at birth),Mongolia,TOTAL,70.09795294
90E2E48WHOSIS_000001,WHOSIS_000001,90E2E48,WHOSIS_000001,2021,YEAR,512,COUNTRY,PUBLISHED,Life expectancy (at birth),Oman,TOTAL,72.47676726
90E2E48WHOSIS_000001,WHOSIS_000001,90E2E48,WHOSIS_000001,2021,YEAR,524,COUNTRY,PUBLISHED,Life expectancy (at birth),Nepal,TOTAL,70.04936795
90E2E48WHOSIS_000001,WHOSIS_000001,90E2E48,WHOSIS_000001,2009,YEAR,554,COUNTRY,PUBLISHED,Life expectancy (at birth),New Zealand,TOTAL,80.56243651
90E2E48WHOSIS_000001,WHOSIS_000001,90E2E48,WHOSIS_000001,2010,YEAR,192,COUNTRY,PUBLISHED,Life expectancy (at birth),Cuba,TOTAL,77.83366676
90E2E48WHOSIS_000001,WHOSIS_000001,90E2E48,WHOSIS_000001,2010,YEAR,955,WHOREGION,PUBLISHED,Life expectancy (at birth),South-East Asia,TOTAL,68.21992604
90E2E48WHOSIS_000001,WHOSIS_000001,90E2E48,WHOSIS_000001,2010,YEAR,956,WHOREGION,PUBLISHED,Life expectancy (at birth),Europe,TOTAL,75.62937104
90E2E48WHOSIS_000001,WHOSIS_000001,90E2E48,WHOSIS_000001,2010,YEAR,953,WHOREGION,PUBLISHED,Life expectancy (at birth),Africa,TOTAL,59.57096304
90E2E48WHOSIS_000001,WHOSIS_000001,90E2E48,WHOSIS_000001,2021,YEAR,954,WHOREGION,PUBLISHED,Life expectancy (at birth),Americas,MALE,71.08535615
90E2E48WHOSIS_000001,WHOSIS_000001,90E2E48,WHOSIS_000001,2010,YEAR,887,COUNTRY,PUBLISHED,Life expectancy (at birth),Yemen,TOTAL,67.95702862
90E2E48WHOSIS_000001,WHOSIS_000001,90E2E48,WHOSIS_000001,2010,YEAR,894,COUNTRY,PUBLISHED,Life expectancy (at birth),Zambia,TOTAL,57.42656833
90E2E48WHOSIS_000001,WHOSIS_000001,90E2E48,WHOSIS_000001,2011,YEAR,4,COUNTRY,PUBLISHED,Life expectancy (at birth),Afghanistan,TOTAL,59.54863714
90E2E48WHOSIS_000001,WHOSIS_000001,90E2E48,WHOSIS_000001,2011,YEAR,887,COUNTRY,PUBLISHED,Life expectancy (at birth),Yemen,TOTAL,68.13030665
90E2E48WHOSIS_000001,WHOSIS_000001,90E2E48,WHOSIS_000001,2011,YEAR,818,COUNTRY,PUBLISHED,Life expectancy (at birth),Egypt,TOTAL,70.08390953
90E2E48WHOSIS_000001,WHOSIS_000001,90E2E48,WHOSIS_000001,2011,YEAR,840,COUNTRY,PUBLISHED,Life expectancy (at birth),United States of America,TOTAL,78.65364022
90E2E48WHOSIS_000001,WHOSIS_000001,90E2E48,WHOSIS_000001,2011,YEAR,894,COUNTRY,PUBLISHED,Life expectancy (at birth),Zambia,TOTAL,58.02295113
90E2E48WHOSIS_000001,WHOSIS_000001,90E2E48,WHOSIS_000001,2011,YEAR,956,WHOREGION,PUBLISHED,Life expectancy (at birth),Europe,TOTAL,76.14127866
90E2E48WHOSIS_000001,WHOSIS_000001,90E2E48,WHOSIS_000001,2011,YEAR,953,WHOREGION,PUBLISHED,Life expectancy (at birth),Africa,TOTAL,60.26246615
90E2E48WHOSIS_000001,WHOSIS_000001,90E2E48,WHOSIS_000001,2021,YEAR,954,WHOREGION,PUBLISHED,Life expectancy (at birth),Americas,FEMALE,77.2721607
90E2E48WHOSIS_000001,WHOSIS_000001,90E2E48,WHOSIS_000001,2011,YEAR,955,WHOREGION,PUBLISHED,Life expectancy (at birth),South-East Asia,TOTAL,68.63474835
90E2E48WHOSIS_000001,WHOSIS_000001,90E2E48,WHOSIS_000001,2012,YEAR,4,COUNTRY,PUBLISHED,Life expectancy (at birth),Afghanistan,TOTAL,59.92210578
90E2E48WHOSIS_000001,WHOSIS_000001,90E2E48,WHOSIS_000001,2012,YEAR,246,COUNTRY,PUBLISHED,Life expectancy (at birth),Finland,TOTAL,80.37588921
90E2E48WHOSIS_000001,WHOSIS_000001,90E2E48,WHOSIS_000001,2012,YEAR,250,COUNTRY,PUBLISHED,Life expectancy (at birth),France,TOTAL,81.57752501
90E2E48WHOSIS_000001,WHOSIS_000001,90E2E48,WHOSIS_000001,2012,YEAR,268,COUNTRY,PUBLISHED,Life expectancy (at birth),Georgia,TOTAL,72.18519482
90E2E48WHOSIS_000001,WHOSIS_000001,90E2E48,WHOSIS_000001,2012,YEAR,276,COUNTRY,PUBLISHED,Life expectancy (at birth),Germany,TOTAL,80.59346041
90E2E48WHOSIS_000001,WHOSIS_000001,90E2E48,WHOSIS_000001,2012,YEAR,300,COUNTRY,PUBLISHED,Life expectancy (at birth),Greece,TOTAL,80.23315335
90E2E48WHOSIS_000001,WHOSIS_000001,90E2E48,WHOSIS_000001,2012,YEAR,308,COUNTRY,PUBLISHED,Life expectancy (at birth),Grenada,TOTAL,72.68392882
90E2E48WHOSIS_000001,WHOSIS_000001,90E2E48,WHOSIS_000001,2012,YEAR,512,COUNTRY,PUBLISHED,Life expectancy (at birth),Oman,TOTAL,73.59906631
90E2E48WHOSIS_000001,WHOSIS_000001,90E2E48,WHOSIS_000001,2012,YEAR,524,COUNTRY,PUBLISHED,Life expectancy (at birth),Nepal,TOTAL,69.78951932
90E2E48WHOSIS_000001,WHOSIS_000001,90E2E48,WHOSIS_000001,2012,YEAR,352,COUNTRY,PUBLISHED,Life expectancy (at birth),Iceland,TOTAL,81.9847692
90E2E48WHOSIS_000001,WHOSIS_000001,90E2E48,WHOSIS_000001,2012,YEAR,356,COUNTRY,PUBLISHED,Life expectancy (at birth),India,TOTAL,68.2280584
90E2E48WHOSIS_000001,WHOSIS_000001,90E2E48,WHOSIS_000001,2012,YEAR,360,COUNTRY,PUBLISHED,Life expectancy (at birth),Indonesia,TOTAL,69.79466506
90E2E48WHOSIS_000001,WHOSIS_000001,90E2E48,WHOSIS_000001,2012,YEAR,364,COUNTRY,PUBLISHED,Life expectancy (at birth),Iran (Islamic Republic of),TOTAL,77.0924022
90E2E48WHOSIS_000001,WHOSIS_000001,90E2E48,WHOSIS_000001,2012,YEAR,368,COUNTRY,PUBLISHED,Life expectancy (at birth),Iraq,TOTAL,71.6393156
90E2E48WHOSIS_000001,WHOSIS_000001,90E2E48,WHOSIS_000001,2012,YEAR,554,COUNTRY,PUBLISHED,Life expectancy (at birth),New Zealand,TOTAL,81.08807722
90E2E48WHOSIS_000001,WHOSIS_000001,90E2E48,WHOSIS_000001,2012,YEAR,578,COUNTRY,PUBLISHED,Life expectancy (at birth),Norway,TOTAL,81.23445235
90E2E48WHOSIS_000001,WHOSIS_000001,90E2E48,WHOSIS_000001,2012,YEAR,716,COUNTRY,PUBLISHED,Life expectancy (at birth),Zimbabwe,TOTAL,54.90174943
90E2E48WHOSIS_000001,WHOSIS_000001,90E2E48,WHOSIS_000001,2012,YEAR,586,COUNTRY,PUBLISHED,Life expectancy (at birth),Pakistan,TOTAL,64.82124843
90E2E48WHOSIS_000001,WHOSIS_000001,90E2E48,WHOSIS_000001,2012,YEAR,752,COUNTRY,PUBLISHED,Life expectancy (at birth),Sweden,TOTAL,81.46624768
90E2E48WHOSIS_000001,WHOSIS_000001,90E2E48,WHOSIS_000001,2012,YEAR,724,COUNTRY,PUBLISHED,Life expectancy (at birth),Spain,TOTAL,81.9595375
90E2E48WHOSIS_000001,WHOSIS_000001,90E2E48,WHOSIS_000001,2012,YEAR,764,COUNTRY,PUBLISHED,Life expectancy (at birth),Thailand,TOTAL,76.18036117
90E2E48WHOSIS_000001,WHOSIS_000001,90E2E48,WHOSIS_000001,2012,YEAR,756,COUNTRY,PUBLISHED,Life expectancy (at birth),Switzerland,TOTAL,82.39224777
90E2E48WHOSIS_000001,WHOSIS_000001,90E2E48,WHOSIS_000001,2013,YEAR,484,COUNTRY,PUBLISHED,Life expectancy (at birth),Mexico,TOTAL,75.92944746
90E2E48WHOSIS_000001,WHOSIS_000001,90E2E48,WHOSIS_000001,2013,YEAR,496,COUNTRY,PUBLISHED,Life expectancy (at birth),Mongolia,TOTAL,68.39260768
90E2E48WHOSIS_000001,WHOSIS_000001,90E2E48,WHOSIS_000001,2013,YEAR,480,COUNTRY,PUBLISHED,Life expectancy (at birth),Mauritius,TOTAL,73.803364
90E2E48WHOSIS_000001,WHOSIS_000001,90E2E48,WHOSIS_000001,2013,YEAR,724,COUNTRY,PUBLISHED,Life expectancy (at birth),Spain,TOTAL,82.47881258
90E2E48WHOSIS_000001,WHOSIS_000001,90E2E48,WHOSIS_000001,2014,YEAR,156,COUNTRY,PUBLISHED,Life expectancy (at birth),China,TOTAL,76.19910536
90E2E48WHOSIS_000001,WHOSIS_000001,90E2E48,WHOSIS_000001,2014,YEAR,170,COUNTRY,PUBLISHED,Life expectancy (at birth),Colombia,TOTAL,77.36559952
90E2E48WHOSIS_000001,WHOSIS_000001,90E2E48,WHOSIS_000001,2013,YEAR,706,COUNTRY,PUBLISHED,Life expectancy (at birth),Somalia,TOTAL,52.50391976
90E2E48WHOSIS_000001,WHOSIS_000001,90E2E48,WHOSIS_000001,2013,YEAR,710,COUNTRY,PUBLISHED,Life expectancy (at birth),South Africa,TOTAL,62.08498269
90E2E48WHOSIS_000001,WHOSIS_000001,90E2E48,WHOSIS_000001,2013,YEAR,716,COUNTRY,PUBLISHED,Life expectancy (at birth),Zimbabwe,TOTAL,56.08364808
90E2E48WHOSIS_000001,WHOSIS_000001,90E2E48,WHOSIS_000001,2014,YEAR,554,COUNTRY,PUBLISHED,Life expectancy (at birth),New Zealand,TOTAL,81.19298738
90E2E48WHOSIS_000001,WHOSIS_000001,90E2E48,WHOSIS_000001,2014,YEAR,192,COUNTRY,PUBLISHED,Life expectancy (at birth),Cuba,TOTAL,78.1433227
90E2E48WHOSIS_000001,WHOSIS_000001,90E2E48,WHOSIS_000001,2014,YEAR,524,COUNTRY,PUBLISHED,Life expectancy (at birth),Nepal,TOTAL,70.19243321
90E2E48WHOSIS_000001,WHOSIS_000001,90E2E48,WHOSIS_000001,2014,YEAR,894,COUNTRY,PUBLISHED,Life expectancy (at birth),Zambia,TOTAL,59.98021269
90E2E48WHOSIS_000001,WHOSIS_000001,90E2E48,WHOSIS_000001,2015,YEAR,818,COUNTRY,PUBLISHED,Life expectancy (at birth),Egypt,TOTAL,70.05641038
90E2E48WHOSIS_000001,WHOSIS_000001,90E2E48,WHOSIS_000001,2014,YEAR,578,COUNTRY,PUBLISHED,Life expectancy (at birth),Norway,TOTAL,81.82844761
90E2E48WHOSIS_000001,WHOSIS_000001,90E2E48,WHOSIS_000001,2014,YEAR,586,COUNTRY,PUBLISHED,Life expectancy (at birth),Pakistan,TOTAL,65.39254995
90E2E48WHOSIS_000001,WHOSIS_000001,90E2E48,WHOSIS_000001,2014,YEAR,887,COUNTRY,PUBLISHED,Life expectancy (at birth),Yemen,TOTAL,68.71723916
90E2E48WHOSIS_000001,WHOSIS_000001,90E2E48,WHOSIS_000001,2015,YEAR,894,COUNTRY,PUBLISHED,Life expectancy (at birth),Zambia,TOTAL,60.4135173
90E2E48WHOSIS_000001,WHOSIS_000001,90E2E48,WHOSIS_000001,2015,YEAR,840,COUNTRY,PUBLISHED,Life expectancy (at birth),United States of America,TOTAL,78.61058161
90E2E48WHOSIS_000001,WHOSIS_000001,90E2E48,WHOSIS_000001,2016,YEAR,356,COUNTRY,PUBLISHED,Life expectancy (at birth),India,TOTAL,69.7812294
90E2E48WHOSIS_000001,WHOSIS_000001,90E2E48,WHOSIS_000001,2016,YEAR,360,COUNTRY,PUBLISHED,Life expectancy (at birth),Indonesia,TOTAL,70.77579907
90E2E48WHOSIS_000001,WHOSIS_000001,90E2E48,WHOSIS_000001,2016,YEAR,578,COUNTRY,PUBLISHED,Life expectancy (at birth),Norway,TOTAL,82.11289124
90E2E48WHOSIS_000001,WHOSIS_000001,90E2E48,WHOSIS_000001,2016,YEAR,586,COUNTRY,PUBLISHED,Life expectancy (at birth),Pakistan,TOTAL,66.05197225
90E2E48WHOSIS_000001,WHOSIS_000001,90E2E48,WHOSIS_000001,2015,YEAR,887,COUNTRY,PUBLISHED,Life expectancy (at birth),Yemen,TOTAL,68.25299786
90E2E48WHOSIS_000001,WHOSIS_000001,90E2E48,WHOSIS_000001,2015,YEAR,953,WHOREGION,PUBLISHED,Life expectancy (at birth),Africa,TOTAL,62.45046693
90E2E48WHOSIS_000001,WHOSIS_000001,90E2E48,WHOSIS_000001,2021,YEAR,954,WHOREGION,PUBLISHED,Life expectancy (at birth),Americas,TOTAL,74.11268797
90E2E48WHOSIS_000001,WHOSIS_000001,90E2E48,WHOSIS_000001,2016,YEAR,352,COUNTRY,PUBLISHED,Life expectancy (at birth),Iceland,TOTAL,82.17563351
